strategy_name,model_name,prompt_version,question_id,competition_id,level,predicted_option_id,correct_option_id,correct,confidence,latency_ms,generated_answer,Category,correct_bool,correct_int
wiki_rag,granite-8b,wiki_rag/v1,841,1,4,3,3,True,0.95,44901,False,History,True,1
wiki_rag,granite-8b,wiki_rag/v1,843,1,9,0,0,True,0.95,8279,False,History,True,1
wiki_rag,granite-8b,wiki_rag/v1,844,1,2,3,3,True,0.95,7096,False,History,True,1
wiki_rag,granite-8b,wiki_rag/v1,845,1,14,2,2,True,0.95,9138,False,History,True,1
wiki_rag,granite-8b,wiki_rag/v1,846,1,15,3,3,True,0.99,10018,False,History,True,1
wiki_rag,granite-8b,wiki_rag/v1,847,1,1,2,2,True,0.99,7528,False,History,True,1
wiki_rag,granite-8b,wiki_rag/v1,848,1,5,0,0,True,0.98,8518,False,History,True,1
wiki_rag,granite-8b,wiki_rag/v1,850,1,2,1,1,True,0.99,7003,False,History,True,1
wiki_rag,granite-8b,wiki_rag/v1,851,1,2,2,2,True,0.99,9577,False,History,True,1
wiki_rag,granite-8b,wiki_rag/v1,852,1,1,2,2,True,0.99,8357,False,History,True,1
wiki_rag,granite-8b,wiki_rag/v1,853,1,3,3,3,True,0.85,9566,False,History,True,1
wiki_rag,granite-8b,wiki_rag/v1,854,1,3,3,2,False,0.95,11735,False,History,False,0
wiki_rag,granite-8b,wiki_rag/v1,855,1,9,3,3,True,0.95,7658,False,History,True,1
wiki_rag,granite-8b,wiki_rag/v1,856,1,1,3,3,True,0.99,9308,False,History,True,1
wiki_rag,granite-8b,wiki_rag/v1,857,1,13,1,1,True,0.95,6924,False,History,True,1
wiki_rag,granite-8b,wiki_rag/v1,858,1,5,2,2,True,0.95,7415,False,History,True,1
wiki_rag,granite-8b,wiki_rag/v1,860,1,6,2,2,True,0.95,9576,False,History,True,1
wiki_rag,granite-8b,wiki_rag/v1,861,1,7,2,3,False,0.85,10576,False,History,False,0
wiki_rag,granite-8b,wiki_rag/v1,863,1,6,2,0,False,0.85,7667,False,History,False,0
wiki_rag,granite-8b,wiki_rag/v1,864,1,12,0,0,True,0.99,8163,False,History,True,1
wiki_rag,granite-8b,wiki_rag/v1,865,1,7,1,1,True,0.95,8855,False,History,True,1
wiki_rag,granite-8b,wiki_rag/v1,866,1,4,0,0,True,0.99,7493,False,History,True,1
wiki_rag,granite-8b,wiki_rag/v1,867,1,4,1,1,True,0.99,7476,False,History,True,1
wiki_rag,granite-8b,wiki_rag/v1,868,1,5,1,1,True,0.95,8079,False,History,True,1
wiki_rag,granite-8b,wiki_rag/v1,869,1,1,1,0,False,0.95,9175,False,History,False,0
wiki_rag,granite-8b,wiki_rag/v1,870,1,5,2,2,True,0.99,8696,False,History,True,1
wiki_rag,granite-8b,wiki_rag/v1,871,1,13,1,1,True,0.99,9055,False,History,True,1
wiki_rag,granite-8b,wiki_rag/v1,872,1,15,0,0,True,0.99,8646,False,History,True,1
wiki_rag,granite-8b,wiki_rag/v1,873,1,1,0,0,True,0.99,5749,False,History,True,1
wiki_rag,granite-8b,wiki_rag/v1,874,1,12,0,0,True,0.99,8358,False,History,True,1
wiki_rag,granite-8b,wiki_rag/v1,875,1,1,0,0,True,0.95,6270,False,History,True,1
wiki_rag,granite-8b,wiki_rag/v1,876,1,6,3,3,True,0.95,6363,False,History,True,1
wiki_rag,granite-8b,wiki_rag/v1,877,1,9,0,0,True,0.95,7081,False,History,True,1
wiki_rag,granite-8b,wiki_rag/v1,878,1,7,1,1,True,0.98,9079,False,History,True,1
wiki_rag,granite-8b,wiki_rag/v1,879,1,4,1,1,True,0.99,6735,False,History,True,1
wiki_rag,granite-8b,wiki_rag/v1,880,1,5,2,2,True,0.85,8946,False,History,True,1
wiki_rag,granite-8b,wiki_rag/v1,882,1,12,3,3,True,0.99,6217,False,History,True,1
wiki_rag,granite-8b,wiki_rag/v1,883,1,7,1,1,True,0.99,5912,False,History,True,1
wiki_rag,granite-8b,wiki_rag/v1,884,1,5,1,1,True,0.95,8060,False,History,True,1
wiki_rag,granite-8b,wiki_rag/v1,886,1,1,0,0,True,0.95,10340,False,History,True,1
wiki_rag,granite-8b,wiki_rag/v1,887,1,10,3,3,True,0.99,9155,False,History,True,1
wiki_rag,granite-8b,wiki_rag/v1,888,1,1,0,0,True,0.99,6372,False,History,True,1
wiki_rag,granite-8b,wiki_rag/v1,889,1,3,0,0,True,0.95,8588,False,History,True,1
wiki_rag,granite-8b,wiki_rag/v1,890,1,6,3,3,True,0.85,8461,False,History,True,1
wiki_rag,granite-8b,wiki_rag/v1,891,1,8,2,2,True,0.99,7747,False,History,True,1
wiki_rag,granite-8b,wiki_rag/v1,892,1,6,2,2,True,0.95,7491,False,History,True,1
wiki_rag,granite-8b,wiki_rag/v1,893,1,2,3,3,True,0.99,9503,False,History,True,1
wiki_rag,granite-8b,wiki_rag/v1,894,1,2,1,1,True,0.95,5987,False,History,True,1
wiki_rag,granite-8b,wiki_rag/v1,895,1,13,1,1,True,0.99,6159,False,History,True,1
wiki_rag,granite-8b,wiki_rag/v1,896,1,8,0,0,True,0.99,7577,False,History,True,1
wiki_rag,granite-8b,wiki_rag/v1,897,1,7,1,1,True,0.95,9171,False,History,True,1
wiki_rag,granite-8b,wiki_rag/v1,898,1,6,0,0,True,0.99,7428,False,History,True,1
wiki_rag,granite-8b,wiki_rag/v1,899,1,6,3,3,True,1.0,5541,False,History,True,1
wiki_rag,granite-8b,wiki_rag/v1,900,1,1,0,0,True,0.95,9241,False,History,True,1
wiki_rag,granite-8b,wiki_rag/v1,901,1,12,0,1,False,0.0,8564,False,History,False,0
wiki_rag,granite-8b,wiki_rag/v1,902,1,4,2,2,True,0.95,7375,False,History,True,1
wiki_rag,granite-8b,wiki_rag/v1,903,1,5,3,3,True,0.99,8965,False,History,True,1
wiki_rag,granite-8b,wiki_rag/v1,904,1,8,1,1,True,0.99,8594,False,History,True,1
wiki_rag,granite-8b,wiki_rag/v1,905,1,3,0,0,True,0.95,6444,False,History,True,1
wiki_rag,granite-8b,wiki_rag/v1,906,1,13,2,2,True,0.95,8241,False,History,True,1
wiki_rag,granite-8b,wiki_rag/v1,908,1,1,1,1,True,0.99,7950,False,History,True,1
wiki_rag,granite-8b,wiki_rag/v1,909,1,15,0,0,True,0.95,10706,False,History,True,1
wiki_rag,granite-8b,wiki_rag/v1,910,1,15,3,3,True,0.95,9809,False,History,True,1
wiki_rag,granite-8b,wiki_rag/v1,913,1,12,3,3,True,0.95,8153,False,History,True,1
wiki_rag,granite-8b,wiki_rag/v1,914,1,2,2,2,True,0.99,6752,False,History,True,1
wiki_rag,granite-8b,wiki_rag/v1,915,1,15,1,1,True,0.95,8444,False,History,True,1
wiki_rag,granite-8b,wiki_rag/v1,916,1,15,1,1,True,0.95,9098,False,History,True,1
wiki_rag,granite-8b,wiki_rag/v1,917,1,10,0,1,False,0.2,8567,False,History,False,0
wiki_rag,granite-8b,wiki_rag/v1,918,1,3,2,2,True,0.99,9613,False,History,True,1
wiki_rag,granite-8b,wiki_rag/v1,920,1,5,3,3,True,0.99,6528,False,History,True,1
wiki_rag,granite-8b,wiki_rag/v1,922,1,8,2,2,True,0.95,6772,False,History,True,1
wiki_rag,granite-8b,wiki_rag/v1,923,1,5,0,0,True,0.99,7497,False,History,True,1
wiki_rag,granite-8b,wiki_rag/v1,924,1,7,2,2,True,0.95,7914,False,History,True,1
wiki_rag,granite-8b,wiki_rag/v1,925,1,13,0,0,True,0.99,6532,False,History,True,1
wiki_rag,granite-8b,wiki_rag/v1,926,1,7,1,3,False,0.85,9070,False,History,False,0
wiki_rag,granite-8b,wiki_rag/v1,927,1,2,1,1,True,0.99,6108,False,History,True,1
wiki_rag,granite-8b,wiki_rag/v1,928,1,11,0,0,True,0.95,9716,False,History,True,1
wiki_rag,granite-8b,wiki_rag/v1,929,1,2,0,0,True,0.95,7262,False,History,True,1
wiki_rag,granite-8b,wiki_rag/v1,931,1,1,1,1,True,0.95,9595,False,History,True,1
wiki_rag,granite-8b,wiki_rag/v1,933,1,2,1,1,True,0.99,9171,False,History,True,1
wiki_rag,granite-8b,wiki_rag/v1,934,1,1,2,2,True,0.95,6401,False,History,True,1
wiki_rag,granite-8b,wiki_rag/v1,935,1,4,2,2,True,0.99,8010,False,History,True,1
wiki_rag,granite-8b,wiki_rag/v1,936,1,3,0,0,True,0.99,7729,False,History,True,1
wiki_rag,granite-8b,wiki_rag/v1,938,1,7,3,3,True,0.98,8239,False,History,True,1
wiki_rag,granite-8b,wiki_rag/v1,939,1,4,1,1,True,0.99,6156,False,History,True,1
wiki_rag,granite-8b,wiki_rag/v1,941,1,2,0,0,True,0.95,6013,False,History,True,1
wiki_rag,granite-8b,wiki_rag/v1,942,1,8,1,1,True,0.99,6493,False,History,True,1
wiki_rag,granite-8b,wiki_rag/v1,944,1,1,1,1,True,0.99,8067,False,History,True,1
wiki_rag,granite-8b,wiki_rag/v1,945,1,11,1,0,False,0.99,5444,False,History,False,0
wiki_rag,granite-8b,wiki_rag/v1,946,1,4,3,3,True,0.99,8915,False,History,True,1
wiki_rag,granite-8b,wiki_rag/v1,947,1,5,3,3,True,0.99,8375,False,History,True,1
wiki_rag,granite-8b,wiki_rag/v1,948,1,7,2,2,True,0.99,7226,False,History,True,1
wiki_rag,granite-8b,wiki_rag/v1,949,1,8,0,0,True,0.99,8475,False,History,True,1
wiki_rag,granite-8b,wiki_rag/v1,950,1,4,0,0,True,0.95,7727,False,History,True,1
wiki_rag,granite-8b,wiki_rag/v1,951,1,2,3,3,True,0.99,7288,False,History,True,1
wiki_rag,granite-8b,wiki_rag/v1,952,1,10,0,0,True,0.99,6140,False,History,True,1
wiki_rag,granite-8b,wiki_rag/v1,953,1,8,3,3,True,1.0,6411,False,History,True,1
wiki_rag,granite-8b,wiki_rag/v1,954,1,6,0,0,True,0.95,7073,False,History,True,1
wiki_rag,granite-8b,wiki_rag/v1,956,1,4,2,2,True,0.85,6740,False,History,True,1
wiki_rag,granite-8b,wiki_rag/v1,957,1,2,3,3,True,0.99,7673,False,History,True,1
wiki_rag,granite-8b,wiki_rag/v1,958,1,6,2,2,True,0.95,10877,False,History,True,1
wiki_rag,granite-8b,wiki_rag/v1,960,1,10,1,1,True,0.99,8940,False,History,True,1
wiki_rag,granite-8b,wiki_rag/v1,961,1,8,2,1,False,0.95,8367,False,History,False,0
wiki_rag,granite-8b,wiki_rag/v1,962,1,12,1,1,True,0.95,8377,False,History,True,1
wiki_rag,granite-8b,wiki_rag/v1,963,1,2,3,3,True,0.99,9478,False,History,True,1
wiki_rag,granite-8b,wiki_rag/v1,964,1,6,1,1,True,0.95,9524,False,History,True,1
wiki_rag,granite-8b,wiki_rag/v1,965,1,11,0,0,True,0.95,9319,False,History,True,1
wiki_rag,granite-8b,wiki_rag/v1,966,1,7,1,1,True,0.95,5710,False,History,True,1
wiki_rag,granite-8b,wiki_rag/v1,967,1,13,3,0,False,0.6,9454,False,History,False,0
wiki_rag,granite-8b,wiki_rag/v1,968,1,3,2,2,True,0.99,8072,False,History,True,1
wiki_rag,granite-8b,wiki_rag/v1,969,1,9,3,3,True,0.95,8318,False,History,True,1
wiki_rag,granite-8b,wiki_rag/v1,970,1,8,0,1,False,0.9,9636,False,History,False,0
wiki_rag,granite-8b,wiki_rag/v1,971,1,8,3,3,True,0.99,7130,False,History,True,1
wiki_rag,granite-8b,wiki_rag/v1,973,1,3,0,0,True,0.95,7526,False,History,True,1
wiki_rag,granite-8b,wiki_rag/v1,974,1,6,3,3,True,0.95,4619,False,History,True,1
wiki_rag,granite-8b,wiki_rag/v1,976,1,6,2,2,True,0.99,7308,False,History,True,1
wiki_rag,granite-8b,wiki_rag/v1,977,1,1,2,2,True,0.99,9305,False,History,True,1
wiki_rag,granite-8b,wiki_rag/v1,978,1,14,1,1,True,0.95,7046,False,History,True,1
wiki_rag,granite-8b,wiki_rag/v1,979,1,9,2,2,True,0.85,8075,False,History,True,1
wiki_rag,granite-8b,wiki_rag/v1,980,1,5,3,3,True,0.99,8015,False,History,True,1
wiki_rag,granite-8b,wiki_rag/v1,981,1,11,3,3,True,0.98,10202,False,History,True,1
wiki_rag,granite-8b,wiki_rag/v1,983,1,13,0,0,True,0.95,9741,False,History,True,1
wiki_rag,granite-8b,wiki_rag/v1,984,1,6,2,1,False,0.95,10492,False,History,False,0
wiki_rag,granite-8b,wiki_rag/v1,985,1,14,3,3,True,0.99,7451,False,History,True,1
wiki_rag,granite-8b,wiki_rag/v1,986,1,6,3,3,True,0.95,8902,False,History,True,1
wiki_rag,granite-8b,wiki_rag/v1,987,1,12,3,3,True,0.99,8952,False,History,True,1
wiki_rag,granite-8b,wiki_rag/v1,988,1,14,0,0,True,0.85,10226,False,History,True,1
wiki_rag,granite-8b,wiki_rag/v1,989,1,6,0,0,True,0.99,7322,False,History,True,1
wiki_rag,granite-8b,wiki_rag/v1,991,1,4,1,1,True,0.99,6523,False,History,True,1
wiki_rag,granite-8b,wiki_rag/v1,992,1,8,2,2,True,0.95,9776,False,History,True,1
wiki_rag,granite-8b,wiki_rag/v1,993,1,11,2,2,True,0.95,8210,False,History,True,1
wiki_rag,granite-8b,wiki_rag/v1,994,1,1,3,3,True,1.0,5330,False,History,True,1
wiki_rag,granite-8b,wiki_rag/v1,995,1,1,3,3,True,0.95,7749,False,History,True,1
wiki_rag,granite-8b,wiki_rag/v1,996,1,6,0,0,True,0.99,7839,False,History,True,1
wiki_rag,granite-8b,wiki_rag/v1,997,1,15,1,1,True,0.99,9589,False,History,True,1
wiki_rag,granite-8b,wiki_rag/v1,998,1,9,0,0,True,0.99,6770,False,History,True,1
wiki_rag,granite-8b,wiki_rag/v1,999,1,5,0,0,True,0.99,7436,False,History,True,1
wiki_rag,granite-8b,wiki_rag/v1,1000,1,12,1,1,True,0.95,9518,False,History,True,1
wiki_rag,granite-8b,wiki_rag/v1,1001,1,9,2,2,True,0.99,6693,False,History,True,1
wiki_rag,granite-8b,wiki_rag/v1,1002,1,2,1,1,True,0.99,6150,False,History,True,1
wiki_rag,granite-8b,wiki_rag/v1,1004,1,1,0,0,True,0.95,8939,False,History,True,1
wiki_rag,granite-8b,wiki_rag/v1,1005,1,5,1,1,True,1.0,5036,False,History,True,1
wiki_rag,granite-8b,wiki_rag/v1,1007,1,5,2,2,True,0.99,8140,False,History,True,1
wiki_rag,granite-8b,wiki_rag/v1,1009,1,2,3,2,False,0.95,4405,False,History,False,0
wiki_rag,granite-8b,wiki_rag/v1,1010,1,10,2,2,True,0.95,9891,False,History,True,1
wiki_rag,granite-8b,wiki_rag/v1,1011,1,1,2,2,True,0.99,6971,False,History,True,1
wiki_rag,granite-8b,wiki_rag/v1,1012,1,3,2,2,True,0.95,10125,False,History,True,1
wiki_rag,granite-8b,wiki_rag/v1,1014,1,3,2,2,True,0.95,7221,False,History,True,1
wiki_rag,granite-8b,wiki_rag/v1,1015,1,12,1,1,True,0.85,10215,False,History,True,1
wiki_rag,granite-8b,wiki_rag/v1,1016,1,6,0,0,True,0.99,8108,False,History,True,1
wiki_rag,granite-8b,wiki_rag/v1,1017,1,1,1,1,True,0.95,9670,False,History,True,1
wiki_rag,granite-8b,wiki_rag/v1,1018,1,14,2,2,True,0.99,7810,False,History,True,1
wiki_rag,granite-8b,wiki_rag/v1,1019,1,2,0,0,True,0.85,8822,False,History,True,1
wiki_rag,granite-8b,wiki_rag/v1,1020,1,6,3,3,True,0.95,10090,False,History,True,1
wiki_rag,granite-8b,wiki_rag/v1,1021,1,2,0,0,True,0.95,8806,False,History,True,1
wiki_rag,granite-8b,wiki_rag/v1,1022,1,12,0,2,False,0.95,7643,False,History,False,0
wiki_rag,granite-8b,wiki_rag/v1,1023,1,8,0,1,False,0.95,5549,False,History,False,0
wiki_rag,granite-8b,wiki_rag/v1,1024,1,8,1,1,True,0.95,8086,False,History,True,1
wiki_rag,granite-8b,wiki_rag/v1,1025,1,2,3,3,True,0.95,10614,False,History,True,1
wiki_rag,granite-8b,wiki_rag/v1,1026,1,11,1,1,True,0.99,9953,False,History,True,1
wiki_rag,granite-8b,wiki_rag/v1,1030,1,12,0,0,True,0.99,9581,False,History,True,1
wiki_rag,granite-8b,wiki_rag/v1,1031,1,13,3,3,True,0.95,8630,False,History,True,1
wiki_rag,granite-8b,wiki_rag/v1,1032,1,11,3,0,False,0.95,10215,False,History,False,0
wiki_rag,granite-8b,wiki_rag/v1,1033,1,2,2,2,True,0.99,8925,False,History,True,1
wiki_rag,granite-8b,wiki_rag/v1,1034,1,1,3,3,True,0.99,8751,False,History,True,1
wiki_rag,granite-8b,wiki_rag/v1,1035,1,7,3,3,True,0.95,8291,False,History,True,1
wiki_rag,granite-8b,wiki_rag/v1,1036,1,2,2,2,True,0.99,8815,False,History,True,1
wiki_rag,granite-8b,wiki_rag/v1,1037,1,12,1,1,True,0.95,9513,False,History,True,1
wiki_rag,granite-8b,wiki_rag/v1,1038,1,15,1,1,True,0.9,8843,False,History,True,1
wiki_rag,granite-8b,wiki_rag/v1,1039,1,7,1,1,True,0.99,9167,False,History,True,1
wiki_rag,granite-8b,wiki_rag/v1,1040,1,6,2,2,True,0.95,6784,False,History,True,1
wiki_rag,granite-8b,wiki_rag/v1,1041,1,6,3,3,True,0.99,9635,False,History,True,1
wiki_rag,granite-8b,wiki_rag/v1,1042,1,8,3,3,True,0.95,10053,False,History,True,1
wiki_rag,granite-8b,wiki_rag/v1,1044,1,8,3,3,True,0.95,9144,False,History,True,1
wiki_rag,granite-8b,wiki_rag/v1,1045,1,11,1,1,True,0.95,8597,False,History,True,1
wiki_rag,granite-8b,wiki_rag/v1,1046,1,12,2,2,True,0.99,10807,False,History,True,1
wiki_rag,granite-8b,wiki_rag/v1,1047,1,14,1,1,True,0.99,8566,False,History,True,1
wiki_rag,granite-8b,wiki_rag/v1,1048,1,4,0,0,True,0.99,8018,False,History,True,1
wiki_rag,granite-8b,wiki_rag/v1,1049,1,6,3,3,True,0.9,9772,False,History,True,1
wiki_rag,granite-8b,wiki_rag/v1,1050,1,7,1,1,True,0.99,10036,False,History,True,1
wiki_rag,granite-8b,wiki_rag/v1,1052,1,5,3,3,True,0.99,7067,False,History,True,1
wiki_rag,granite-8b,wiki_rag/v1,1053,1,12,0,0,True,0.99,7419,False,History,True,1
wiki_rag,granite-8b,wiki_rag/v1,1054,1,12,1,1,True,0.99,7594,False,History,True,1
wiki_rag,granite-8b,wiki_rag/v1,1055,1,3,1,1,True,0.99,11128,False,History,True,1
wiki_rag,granite-8b,wiki_rag/v1,1056,1,6,1,1,True,0.95,5538,False,History,True,1
wiki_rag,granite-8b,wiki_rag/v1,1057,1,5,1,1,True,0.99,7852,False,History,True,1
wiki_rag,granite-8b,wiki_rag/v1,1058,1,11,0,0,True,0.95,9315,False,History,True,1
wiki_rag,granite-8b,wiki_rag/v1,1059,1,7,2,2,True,0.95,7916,False,History,True,1
wiki_rag,granite-8b,wiki_rag/v1,1060,1,15,3,3,True,0.99,6658,False,History,True,1
wiki_rag,granite-8b,wiki_rag/v1,1062,1,11,2,2,True,0.95,7881,False,History,True,1
wiki_rag,granite-8b,wiki_rag/v1,1063,1,7,2,2,True,0.95,8768,False,History,True,1
wiki_rag,granite-8b,wiki_rag/v1,1064,1,7,0,0,True,0.99,6675,False,History,True,1
wiki_rag,granite-8b,wiki_rag/v1,1065,1,2,2,2,True,0.95,11256,False,History,True,1
wiki_rag,granite-8b,wiki_rag/v1,1066,1,7,2,2,True,0.95,8425,False,History,True,1
wiki_rag,granite-8b,wiki_rag/v1,1067,1,6,2,2,True,0.95,6693,False,History,True,1
wiki_rag,granite-8b,wiki_rag/v1,1068,1,5,2,2,True,0.99,8379,False,History,True,1
wiki_rag,granite-8b,wiki_rag/v1,1069,1,7,2,2,True,0.95,9256,False,History,True,1
wiki_rag,granite-8b,wiki_rag/v1,1071,1,1,1,1,True,0.95,8995,False,History,True,1
wiki_rag,granite-8b,wiki_rag/v1,1072,1,3,2,0,False,0.85,7880,False,History,False,0
wiki_rag,granite-8b,wiki_rag/v1,1073,1,11,3,3,True,0.95,8871,False,History,True,1
dynamic_few_shot_k3,granite-8b,v2_json_fewshot_k3,841,1,4,1,3,False,0.95,7672,False,History,False,0
dynamic_few_shot_k3,granite-8b,v2_json_fewshot_k3,843,1,9,0,0,True,0.95,5203,False,History,True,1
dynamic_few_shot_k3,granite-8b,v2_json_fewshot_k3,844,1,2,3,3,True,0.95,4937,False,History,True,1
dynamic_few_shot_k3,granite-8b,v2_json_fewshot_k3,845,1,14,2,2,True,1.0,8264,False,History,True,1
dynamic_few_shot_k3,granite-8b,v2_json_fewshot_k3,846,1,15,3,3,True,1.0,7197,False,History,True,1
dynamic_few_shot_k3,granite-8b,v2_json_fewshot_k3,847,1,1,3,2,False,0.9,7000,False,History,False,0
dynamic_few_shot_k3,granite-8b,v2_json_fewshot_k3,848,1,5,0,0,True,1.0,4255,False,History,True,1
dynamic_few_shot_k3,granite-8b,v2_json_fewshot_k3,850,1,2,1,1,True,1.0,3412,False,History,True,1
dynamic_few_shot_k3,granite-8b,v2_json_fewshot_k3,851,1,2,2,2,True,1.0,4912,False,History,True,1
dynamic_few_shot_k3,granite-8b,v2_json_fewshot_k3,852,1,1,2,2,True,1.0,4427,False,History,True,1
dynamic_few_shot_k3,granite-8b,v2_json_fewshot_k3,853,1,3,3,3,True,1.0,5027,False,History,True,1
dynamic_few_shot_k3,granite-8b,v2_json_fewshot_k3,854,1,3,2,2,True,1.0,6446,False,History,True,1
dynamic_few_shot_k3,granite-8b,v2_json_fewshot_k3,855,1,9,3,3,True,1.0,7460,False,History,True,1
dynamic_few_shot_k3,granite-8b,v2_json_fewshot_k3,856,1,1,3,3,True,1.0,6572,False,History,True,1
dynamic_few_shot_k3,granite-8b,v2_json_fewshot_k3,857,1,13,1,1,True,1.0,4427,False,History,True,1
dynamic_few_shot_k3,granite-8b,v2_json_fewshot_k3,858,1,5,2,2,True,1.0,5126,False,History,True,1
dynamic_few_shot_k3,granite-8b,v2_json_fewshot_k3,860,1,6,2,2,True,1.0,6415,False,History,True,1
dynamic_few_shot_k3,granite-8b,v2_json_fewshot_k3,861,1,7,3,3,True,0.9,6186,False,History,True,1
dynamic_few_shot_k3,granite-8b,v2_json_fewshot_k3,863,1,6,3,0,False,0.95,4325,False,History,False,0
dynamic_few_shot_k3,granite-8b,v2_json_fewshot_k3,864,1,12,0,0,True,1.0,7619,False,History,True,1
dynamic_few_shot_k3,granite-8b,v2_json_fewshot_k3,865,1,7,1,1,True,0.95,4245,False,History,True,1
dynamic_few_shot_k3,granite-8b,v2_json_fewshot_k3,866,1,4,0,0,True,1.0,5396,False,History,True,1
dynamic_few_shot_k3,granite-8b,v2_json_fewshot_k3,867,1,4,1,1,True,1.0,3977,False,History,True,1
dynamic_few_shot_k3,granite-8b,v2_json_fewshot_k3,868,1,5,1,1,True,0.95,8639,False,History,True,1
dynamic_few_shot_k3,granite-8b,v2_json_fewshot_k3,869,1,1,0,0,True,1.0,5737,False,History,True,1
dynamic_few_shot_k3,granite-8b,v2_json_fewshot_k3,870,1,5,2,2,True,1.0,4163,False,History,True,1
dynamic_few_shot_k3,granite-8b,v2_json_fewshot_k3,871,1,13,1,1,True,1.0,6776,False,History,True,1
dynamic_few_shot_k3,granite-8b,v2_json_fewshot_k3,872,1,15,0,0,True,1.0,6750,False,History,True,1
dynamic_few_shot_k3,granite-8b,v2_json_fewshot_k3,873,1,1,0,0,True,1.0,6563,False,History,True,1
dynamic_few_shot_k3,granite-8b,v2_json_fewshot_k3,874,1,12,0,0,True,1.0,5916,False,History,True,1
dynamic_few_shot_k3,granite-8b,v2_json_fewshot_k3,875,1,1,0,0,True,1.0,3962,False,History,True,1
dynamic_few_shot_k3,granite-8b,v2_json_fewshot_k3,876,1,6,3,3,True,1.0,5210,False,History,True,1
dynamic_few_shot_k3,granite-8b,v2_json_fewshot_k3,877,1,9,0,0,True,1.0,4087,False,History,True,1
dynamic_few_shot_k3,granite-8b,v2_json_fewshot_k3,878,1,7,3,1,False,0.95,4757,False,History,False,0
dynamic_few_shot_k3,granite-8b,v2_json_fewshot_k3,879,1,4,1,1,True,1.0,4124,False,History,True,1
dynamic_few_shot_k3,granite-8b,v2_json_fewshot_k3,880,1,5,2,2,True,0.95,4033,False,History,True,1
dynamic_few_shot_k3,granite-8b,v2_json_fewshot_k3,882,1,12,3,3,True,1.0,4702,False,History,True,1
dynamic_few_shot_k3,granite-8b,v2_json_fewshot_k3,883,1,7,1,1,True,1.0,3879,False,History,True,1
dynamic_few_shot_k3,granite-8b,v2_json_fewshot_k3,884,1,5,1,1,True,0.95,7588,False,History,True,1
dynamic_few_shot_k3,granite-8b,v2_json_fewshot_k3,886,1,1,3,0,False,1.0,3975,False,History,False,0
dynamic_few_shot_k3,granite-8b,v2_json_fewshot_k3,887,1,10,3,3,True,1.0,4311,False,History,True,1
dynamic_few_shot_k3,granite-8b,v2_json_fewshot_k3,888,1,1,0,0,True,1.0,3341,False,History,True,1
dynamic_few_shot_k3,granite-8b,v2_json_fewshot_k3,889,1,3,0,0,True,1.0,5187,False,History,True,1
dynamic_few_shot_k3,granite-8b,v2_json_fewshot_k3,890,1,6,3,3,True,1.0,7606,False,History,True,1
dynamic_few_shot_k3,granite-8b,v2_json_fewshot_k3,891,1,8,2,2,True,1.0,8736,False,History,True,1
dynamic_few_shot_k3,granite-8b,v2_json_fewshot_k3,892,1,6,2,2,True,0.9,7980,False,History,True,1
dynamic_few_shot_k3,granite-8b,v2_json_fewshot_k3,893,1,2,3,3,True,1.0,7726,False,History,True,1
dynamic_few_shot_k3,granite-8b,v2_json_fewshot_k3,894,1,2,1,1,True,1.0,4298,False,History,True,1
dynamic_few_shot_k3,granite-8b,v2_json_fewshot_k3,895,1,13,3,1,False,1.0,6664,False,History,False,0
dynamic_few_shot_k3,granite-8b,v2_json_fewshot_k3,896,1,8,0,0,True,1.0,5992,False,History,True,1
dynamic_few_shot_k3,granite-8b,v2_json_fewshot_k3,897,1,7,3,1,False,1.0,6274,False,History,False,0
dynamic_few_shot_k3,granite-8b,v2_json_fewshot_k3,898,1,6,0,0,True,1.0,4395,False,History,True,1
dynamic_few_shot_k3,granite-8b,v2_json_fewshot_k3,899,1,6,3,3,True,1.0,3702,False,History,True,1
dynamic_few_shot_k3,granite-8b,v2_json_fewshot_k3,900,1,1,0,0,True,1.0,7906,False,History,True,1
dynamic_few_shot_k3,granite-8b,v2_json_fewshot_k3,901,1,12,1,1,True,0.95,4606,False,History,True,1
dynamic_few_shot_k3,granite-8b,v2_json_fewshot_k3,902,1,4,2,2,True,1.0,3087,False,History,True,1
dynamic_few_shot_k3,granite-8b,v2_json_fewshot_k3,903,1,5,3,3,True,1.0,4485,False,History,True,1
dynamic_few_shot_k3,granite-8b,v2_json_fewshot_k3,904,1,8,1,1,True,0.95,3885,False,History,True,1
dynamic_few_shot_k3,granite-8b,v2_json_fewshot_k3,905,1,3,0,0,True,1.0,5012,False,History,True,1
dynamic_few_shot_k3,granite-8b,v2_json_fewshot_k3,906,1,13,2,2,True,0.9,6036,False,History,True,1
dynamic_few_shot_k3,granite-8b,v2_json_fewshot_k3,908,1,1,1,1,True,1.0,4131,False,History,True,1
dynamic_few_shot_k3,granite-8b,v2_json_fewshot_k3,909,1,15,0,0,True,1.0,6111,False,History,True,1
dynamic_few_shot_k3,granite-8b,v2_json_fewshot_k3,910,1,15,3,3,True,0.7,8485,False,History,True,1
dynamic_few_shot_k3,granite-8b,v2_json_fewshot_k3,913,1,12,3,3,True,1.0,4461,False,History,True,1
dynamic_few_shot_k3,granite-8b,v2_json_fewshot_k3,914,1,2,2,2,True,1.0,3896,False,History,True,1
dynamic_few_shot_k3,granite-8b,v2_json_fewshot_k3,915,1,15,1,1,True,1.0,6794,False,History,True,1
dynamic_few_shot_k3,granite-8b,v2_json_fewshot_k3,916,1,15,1,1,True,0.95,5347,False,History,True,1
dynamic_few_shot_k3,granite-8b,v2_json_fewshot_k3,917,1,10,3,1,False,0.95,8292,False,History,False,0
dynamic_few_shot_k3,granite-8b,v2_json_fewshot_k3,918,1,3,2,2,True,1.0,4526,False,History,True,1
dynamic_few_shot_k3,granite-8b,v2_json_fewshot_k3,920,1,5,3,3,True,1.0,5993,False,History,True,1
dynamic_few_shot_k3,granite-8b,v2_json_fewshot_k3,922,1,8,2,2,True,1.0,5965,False,History,True,1
dynamic_few_shot_k3,granite-8b,v2_json_fewshot_k3,923,1,5,0,0,True,1.0,3496,False,History,True,1
dynamic_few_shot_k3,granite-8b,v2_json_fewshot_k3,924,1,7,2,2,True,0.95,7126,False,History,True,1
dynamic_few_shot_k3,granite-8b,v2_json_fewshot_k3,925,1,13,0,0,True,1.0,3119,False,History,True,1
dynamic_few_shot_k3,granite-8b,v2_json_fewshot_k3,926,1,7,3,3,True,0.95,6211,False,History,True,1
dynamic_few_shot_k3,granite-8b,v2_json_fewshot_k3,927,1,2,1,1,True,1.0,8824,False,History,True,1
dynamic_few_shot_k3,granite-8b,v2_json_fewshot_k3,928,1,11,0,0,True,0.95,3780,False,History,True,1
dynamic_few_shot_k3,granite-8b,v2_json_fewshot_k3,929,1,2,0,0,True,1.0,4079,False,History,True,1
dynamic_few_shot_k3,granite-8b,v2_json_fewshot_k3,931,1,1,1,1,True,1.0,4404,False,History,True,1
dynamic_few_shot_k3,granite-8b,v2_json_fewshot_k3,933,1,2,1,1,True,1.0,5615,False,History,True,1
dynamic_few_shot_k3,granite-8b,v2_json_fewshot_k3,934,1,1,2,2,True,1.0,4890,False,History,True,1
dynamic_few_shot_k3,granite-8b,v2_json_fewshot_k3,935,1,4,2,2,True,1.0,4899,False,History,True,1
dynamic_few_shot_k3,granite-8b,v2_json_fewshot_k3,936,1,3,0,0,True,0.95,5857,False,History,True,1
dynamic_few_shot_k3,granite-8b,v2_json_fewshot_k3,938,1,7,3,3,True,1.0,6945,False,History,True,1
dynamic_few_shot_k3,granite-8b,v2_json_fewshot_k3,939,1,4,1,1,True,0.95,7705,False,History,True,1
dynamic_few_shot_k3,granite-8b,v2_json_fewshot_k3,941,1,2,0,0,True,0.9,8840,False,History,True,1
dynamic_few_shot_k3,granite-8b,v2_json_fewshot_k3,942,1,8,1,1,True,1.0,5438,False,History,True,1
dynamic_few_shot_k3,granite-8b,v2_json_fewshot_k3,944,1,1,1,1,True,1.0,4277,False,History,True,1
dynamic_few_shot_k3,granite-8b,v2_json_fewshot_k3,945,1,11,2,0,False,1.0,8149,False,History,False,0
dynamic_few_shot_k3,granite-8b,v2_json_fewshot_k3,946,1,4,3,3,True,1.0,4624,False,History,True,1
dynamic_few_shot_k3,granite-8b,v2_json_fewshot_k3,947,1,5,3,3,True,1.0,2804,False,History,True,1
dynamic_few_shot_k3,granite-8b,v2_json_fewshot_k3,948,1,7,2,2,True,1.0,4382,False,History,True,1
dynamic_few_shot_k3,granite-8b,v2_json_fewshot_k3,949,1,8,0,0,True,1.0,3832,False,History,True,1
dynamic_few_shot_k3,granite-8b,v2_json_fewshot_k3,950,1,4,0,0,True,0.95,4813,False,History,True,1
dynamic_few_shot_k3,granite-8b,v2_json_fewshot_k3,951,1,2,3,3,True,1.0,2855,False,History,True,1
dynamic_few_shot_k3,granite-8b,v2_json_fewshot_k3,952,1,10,0,0,True,1.0,4502,False,History,True,1
dynamic_few_shot_k3,granite-8b,v2_json_fewshot_k3,953,1,8,3,3,True,1.0,4792,False,History,True,1
dynamic_few_shot_k3,granite-8b,v2_json_fewshot_k3,954,1,6,2,0,False,0.95,7272,False,History,False,0
dynamic_few_shot_k3,granite-8b,v2_json_fewshot_k3,956,1,4,2,2,True,0.95,6177,False,History,True,1
dynamic_few_shot_k3,granite-8b,v2_json_fewshot_k3,957,1,2,2,3,False,1.0,3659,False,History,False,0
dynamic_few_shot_k3,granite-8b,v2_json_fewshot_k3,958,1,6,2,2,True,1.0,8504,False,History,True,1
dynamic_few_shot_k3,granite-8b,v2_json_fewshot_k3,960,1,10,1,1,True,1.0,3259,False,History,True,1
dynamic_few_shot_k3,granite-8b,v2_json_fewshot_k3,961,1,8,2,1,False,1.0,4233,False,History,False,0
dynamic_few_shot_k3,granite-8b,v2_json_fewshot_k3,962,1,12,1,1,True,1.0,4779,False,History,True,1
dynamic_few_shot_k3,granite-8b,v2_json_fewshot_k3,963,1,2,1,3,False,1.0,5617,False,History,False,0
dynamic_few_shot_k3,granite-8b,v2_json_fewshot_k3,964,1,6,1,1,True,1.0,5587,False,History,True,1
dynamic_few_shot_k3,granite-8b,v2_json_fewshot_k3,965,1,11,0,0,True,0.95,4004,False,History,True,1
dynamic_few_shot_k3,granite-8b,v2_json_fewshot_k3,966,1,7,1,1,True,1.0,7984,False,History,True,1
dynamic_few_shot_k3,granite-8b,v2_json_fewshot_k3,967,1,13,0,0,True,0.85,8514,False,History,True,1
dynamic_few_shot_k3,granite-8b,v2_json_fewshot_k3,968,1,3,2,2,True,1.0,4374,False,History,True,1
dynamic_few_shot_k3,granite-8b,v2_json_fewshot_k3,969,1,9,3,3,True,0.95,5670,False,History,True,1
dynamic_few_shot_k3,granite-8b,v2_json_fewshot_k3,970,1,8,0,1,False,0.9,8283,False,History,False,0
dynamic_few_shot_k3,granite-8b,v2_json_fewshot_k3,971,1,8,3,3,True,0.95,4110,False,History,True,1
dynamic_few_shot_k3,granite-8b,v2_json_fewshot_k3,973,1,3,0,0,True,0.95,4321,False,History,True,1
dynamic_few_shot_k3,granite-8b,v2_json_fewshot_k3,974,1,6,3,3,True,1.0,4233,False,History,True,1
dynamic_few_shot_k3,granite-8b,v2_json_fewshot_k3,976,1,6,2,2,True,1.0,5814,False,History,True,1
dynamic_few_shot_k3,granite-8b,v2_json_fewshot_k3,977,1,1,2,2,True,1.0,6411,False,History,True,1
dynamic_few_shot_k3,granite-8b,v2_json_fewshot_k3,978,1,14,1,1,True,0.95,6113,False,History,True,1
dynamic_few_shot_k3,granite-8b,v2_json_fewshot_k3,979,1,9,2,2,True,0.95,6236,False,History,True,1
dynamic_few_shot_k3,granite-8b,v2_json_fewshot_k3,980,1,5,3,3,True,1.0,4166,False,History,True,1
dynamic_few_shot_k3,granite-8b,v2_json_fewshot_k3,981,1,11,3,3,True,1.0,6935,False,History,True,1
dynamic_few_shot_k3,granite-8b,v2_json_fewshot_k3,983,1,13,0,0,True,1.0,5325,False,History,True,1
dynamic_few_shot_k3,granite-8b,v2_json_fewshot_k3,984,1,6,1,1,True,1.0,5554,False,History,True,1
dynamic_few_shot_k3,granite-8b,v2_json_fewshot_k3,985,1,14,3,3,True,1.0,3088,False,History,True,1
dynamic_few_shot_k3,granite-8b,v2_json_fewshot_k3,986,1,6,3,3,True,1.0,5427,False,History,True,1
dynamic_few_shot_k3,granite-8b,v2_json_fewshot_k3,987,1,12,3,3,True,1.0,7369,False,History,True,1
dynamic_few_shot_k3,granite-8b,v2_json_fewshot_k3,988,1,14,3,0,False,1.0,6445,False,History,False,0
dynamic_few_shot_k3,granite-8b,v2_json_fewshot_k3,989,1,6,0,0,True,1.0,8439,False,History,True,1
dynamic_few_shot_k3,granite-8b,v2_json_fewshot_k3,991,1,4,1,1,True,1.0,4809,False,History,True,1
dynamic_few_shot_k3,granite-8b,v2_json_fewshot_k3,992,1,8,3,2,False,1.0,5562,False,History,False,0
dynamic_few_shot_k3,granite-8b,v2_json_fewshot_k3,993,1,11,2,2,True,1.0,4179,False,History,True,1
dynamic_few_shot_k3,granite-8b,v2_json_fewshot_k3,994,1,1,3,3,True,1.0,6541,False,History,True,1
dynamic_few_shot_k3,granite-8b,v2_json_fewshot_k3,995,1,1,3,3,True,1.0,4767,False,History,True,1
dynamic_few_shot_k3,granite-8b,v2_json_fewshot_k3,996,1,6,0,0,True,1.0,3128,False,History,True,1
dynamic_few_shot_k3,granite-8b,v2_json_fewshot_k3,997,1,15,1,1,True,1.0,8176,False,History,True,1
dynamic_few_shot_k3,granite-8b,v2_json_fewshot_k3,998,1,9,0,0,True,1.0,4852,False,History,True,1
dynamic_few_shot_k3,granite-8b,v2_json_fewshot_k3,999,1,5,0,0,True,1.0,7103,False,History,True,1
dynamic_few_shot_k3,granite-8b,v2_json_fewshot_k3,1000,1,12,1,1,True,1.0,7332,False,History,True,1
dynamic_few_shot_k3,granite-8b,v2_json_fewshot_k3,1001,1,9,2,2,True,1.0,4141,False,History,True,1
dynamic_few_shot_k3,granite-8b,v2_json_fewshot_k3,1002,1,2,1,1,True,1.0,4764,False,History,True,1
dynamic_few_shot_k3,granite-8b,v2_json_fewshot_k3,1004,1,1,0,0,True,1.0,6390,False,History,True,1
dynamic_few_shot_k3,granite-8b,v2_json_fewshot_k3,1005,1,5,1,1,True,1.0,3258,False,History,True,1
dynamic_few_shot_k3,granite-8b,v2_json_fewshot_k3,1007,1,5,2,2,True,1.0,5286,False,History,True,1
dynamic_few_shot_k3,granite-8b,v2_json_fewshot_k3,1009,1,2,2,2,True,0.95,7240,False,History,True,1
dynamic_few_shot_k3,granite-8b,v2_json_fewshot_k3,1010,1,10,2,2,True,0.95,7858,False,History,True,1
dynamic_few_shot_k3,granite-8b,v2_json_fewshot_k3,1011,1,1,2,2,True,1.0,9292,False,History,True,1
dynamic_few_shot_k3,granite-8b,v2_json_fewshot_k3,1012,1,3,2,2,True,1.0,6822,False,History,True,1
dynamic_few_shot_k3,granite-8b,v2_json_fewshot_k3,1014,1,3,2,2,True,1.0,4886,False,History,True,1
dynamic_few_shot_k3,granite-8b,v2_json_fewshot_k3,1015,1,12,1,1,True,0.95,8164,False,History,True,1
dynamic_few_shot_k3,granite-8b,v2_json_fewshot_k3,1016,1,6,0,0,True,1.0,5137,False,History,True,1
dynamic_few_shot_k3,granite-8b,v2_json_fewshot_k3,1017,1,1,1,1,True,1.0,6280,False,History,True,1
dynamic_few_shot_k3,granite-8b,v2_json_fewshot_k3,1018,1,14,2,2,True,0.95,8071,False,History,True,1
dynamic_few_shot_k3,granite-8b,v2_json_fewshot_k3,1019,1,2,2,0,False,0.95,6804,False,History,False,0
dynamic_few_shot_k3,granite-8b,v2_json_fewshot_k3,1020,1,6,3,3,True,1.0,8327,False,History,True,1
dynamic_few_shot_k3,granite-8b,v2_json_fewshot_k3,1021,1,2,0,0,True,1.0,7858,False,History,True,1
dynamic_few_shot_k3,granite-8b,v2_json_fewshot_k3,1022,1,12,0,2,False,1.0,5441,False,History,False,0
dynamic_few_shot_k3,granite-8b,v2_json_fewshot_k3,1023,1,8,0,1,False,0.95,5913,False,History,False,0
dynamic_few_shot_k3,granite-8b,v2_json_fewshot_k3,1024,1,8,1,1,True,0.95,8111,False,History,True,1
dynamic_few_shot_k3,granite-8b,v2_json_fewshot_k3,1025,1,2,3,3,True,1.0,5691,False,History,True,1
dynamic_few_shot_k3,granite-8b,v2_json_fewshot_k3,1026,1,11,0,1,False,0.95,10798,False,History,False,0
dynamic_few_shot_k3,granite-8b,v2_json_fewshot_k3,1030,1,12,0,0,True,1.0,3205,False,History,True,1
dynamic_few_shot_k3,granite-8b,v2_json_fewshot_k3,1031,1,13,3,3,True,1.0,6734,False,History,True,1
dynamic_few_shot_k3,granite-8b,v2_json_fewshot_k3,1032,1,11,3,0,False,0.95,9360,False,History,False,0
dynamic_few_shot_k3,granite-8b,v2_json_fewshot_k3,1033,1,2,2,2,True,1.0,7254,False,History,True,1
dynamic_few_shot_k3,granite-8b,v2_json_fewshot_k3,1034,1,1,3,3,True,1.0,4828,False,History,True,1
dynamic_few_shot_k3,granite-8b,v2_json_fewshot_k3,1035,1,7,3,3,True,1.0,5492,False,History,True,1
dynamic_few_shot_k3,granite-8b,v2_json_fewshot_k3,1036,1,2,2,2,True,1.0,3785,False,History,True,1
dynamic_few_shot_k3,granite-8b,v2_json_fewshot_k3,1037,1,12,1,1,True,0.95,4236,False,History,True,1
dynamic_few_shot_k3,granite-8b,v2_json_fewshot_k3,1038,1,15,1,1,True,0.95,4961,False,History,True,1
dynamic_few_shot_k3,granite-8b,v2_json_fewshot_k3,1039,1,7,1,1,True,1.0,8018,False,History,True,1
dynamic_few_shot_k3,granite-8b,v2_json_fewshot_k3,1040,1,6,2,2,True,1.0,4356,False,History,True,1
dynamic_few_shot_k3,granite-8b,v2_json_fewshot_k3,1041,1,6,3,3,True,1.0,4732,False,History,True,1
dynamic_few_shot_k3,granite-8b,v2_json_fewshot_k3,1042,1,8,3,3,True,1.0,5852,False,History,True,1
dynamic_few_shot_k3,granite-8b,v2_json_fewshot_k3,1044,1,8,0,3,False,0.95,8610,False,History,False,0
dynamic_few_shot_k3,granite-8b,v2_json_fewshot_k3,1045,1,11,1,1,True,1.0,5048,False,History,True,1
dynamic_few_shot_k3,granite-8b,v2_json_fewshot_k3,1046,1,12,2,2,True,1.0,6141,False,History,True,1
dynamic_few_shot_k3,granite-8b,v2_json_fewshot_k3,1047,1,14,3,1,False,0.95,5504,False,History,False,0
dynamic_few_shot_k3,granite-8b,v2_json_fewshot_k3,1048,1,4,0,0,True,1.0,4318,False,History,True,1
dynamic_few_shot_k3,granite-8b,v2_json_fewshot_k3,1049,1,6,3,3,True,0.9,8586,False,History,True,1
dynamic_few_shot_k3,granite-8b,v2_json_fewshot_k3,1050,1,7,1,1,True,1.0,7010,False,History,True,1
dynamic_few_shot_k3,granite-8b,v2_json_fewshot_k3,1052,1,5,3,3,True,1.0,5290,False,History,True,1
dynamic_few_shot_k3,granite-8b,v2_json_fewshot_k3,1053,1,12,0,0,True,1.0,5569,False,History,True,1
dynamic_few_shot_k3,granite-8b,v2_json_fewshot_k3,1054,1,12,1,1,True,1.0,6160,False,History,True,1
dynamic_few_shot_k3,granite-8b,v2_json_fewshot_k3,1055,1,3,1,1,True,1.0,5358,False,History,True,1
dynamic_few_shot_k3,granite-8b,v2_json_fewshot_k3,1056,1,6,1,1,True,0.95,6995,False,History,True,1
dynamic_few_shot_k3,granite-8b,v2_json_fewshot_k3,1057,1,5,1,1,True,1.0,6170,False,History,True,1
dynamic_few_shot_k3,granite-8b,v2_json_fewshot_k3,1058,1,11,0,0,True,1.0,3083,False,History,True,1
dynamic_few_shot_k3,granite-8b,v2_json_fewshot_k3,1059,1,7,2,2,True,1.0,3814,False,History,True,1
dynamic_few_shot_k3,granite-8b,v2_json_fewshot_k3,1060,1,15,3,3,True,1.0,4150,False,History,True,1
dynamic_few_shot_k3,granite-8b,v2_json_fewshot_k3,1062,1,11,2,2,True,0.95,8252,False,History,True,1
dynamic_few_shot_k3,granite-8b,v2_json_fewshot_k3,1063,1,7,2,2,True,0.95,4255,False,History,True,1
dynamic_few_shot_k3,granite-8b,v2_json_fewshot_k3,1064,1,7,0,0,True,1.0,3960,False,History,True,1
dynamic_few_shot_k3,granite-8b,v2_json_fewshot_k3,1065,1,2,3,2,False,1.0,4472,False,History,False,0
dynamic_few_shot_k3,granite-8b,v2_json_fewshot_k3,1066,1,7,2,2,True,1.0,3999,False,History,True,1
dynamic_few_shot_k3,granite-8b,v2_json_fewshot_k3,1067,1,6,0,2,False,0.95,4060,False,History,False,0
dynamic_few_shot_k3,granite-8b,v2_json_fewshot_k3,1068,1,5,2,2,True,1.0,3350,False,History,True,1
dynamic_few_shot_k3,granite-8b,v2_json_fewshot_k3,1069,1,7,2,2,True,1.0,6864,False,History,True,1
dynamic_few_shot_k3,granite-8b,v2_json_fewshot_k3,1071,1,1,1,1,True,1.0,8382,False,History,True,1
dynamic_few_shot_k3,granite-8b,v2_json_fewshot_k3,1072,1,3,0,0,True,0.95,5999,False,History,True,1
dynamic_few_shot_k3,granite-8b,v2_json_fewshot_k3,1073,1,11,3,3,True,1.0,4451,False,History,True,1
zero_shot,phi4-14b,v1,841,1,4,1,3,False,0.9,10841,False,History,False,0
zero_shot,phi4-14b,v1,843,1,9,0,0,True,1.0,7816,False,History,True,1
zero_shot,phi4-14b,v1,844,1,2,3,3,True,4.0,7062,False,History,True,1
zero_shot,phi4-14b,v1,845,1,14,2,2,True,1.0,8582,False,History,True,1
zero_shot,phi4-14b,v1,846,1,15,3,3,True,5.0,10013,False,History,True,1
zero_shot,phi4-14b,v1,847,1,1,2,2,True,0.9,8069,False,History,True,1
zero_shot,phi4-14b,v1,848,1,5,0,0,True,95.0,7673,False,History,True,1
zero_shot,phi4-14b,v1,850,1,2,1,1,True,5.0,8949,False,History,True,1
zero_shot,phi4-14b,v1,851,1,2,2,2,True,1.0,8824,False,History,True,1
zero_shot,phi4-14b,v1,852,1,1,2,2,True,1.0,8099,False,History,True,1
zero_shot,phi4-14b,v1,853,1,3,3,3,True,4.0,8000,False,History,True,1
zero_shot,phi4-14b,v1,854,1,3,2,2,True,4.0,10314,False,History,True,1
zero_shot,phi4-14b,v1,855,1,9,3,3,True,5.0,8070,False,History,True,1
zero_shot,phi4-14b,v1,856,1,1,3,3,True,95.0,12003,False,History,True,1
zero_shot,phi4-14b,v1,857,1,13,1,1,True,5.0,8506,False,History,True,1
zero_shot,phi4-14b,v1,858,1,5,2,2,True,95.0,6826,False,History,True,1
zero_shot,phi4-14b,v1,860,1,6,2,2,True,0.8,7561,False,History,True,1
zero_shot,phi4-14b,v1,861,1,7,3,3,True,1.0,10690,False,History,True,1
zero_shot,phi4-14b,v1,863,1,6,2,0,False,0.8,8569,False,History,False,0
zero_shot,phi4-14b,v1,864,1,12,0,0,True,1.0,7928,False,History,True,1
zero_shot,phi4-14b,v1,865,1,7,1,1,True,4.0,6694,False,History,True,1
zero_shot,phi4-14b,v1,866,1,4,0,0,True,1.0,10243,False,History,True,1
zero_shot,phi4-14b,v1,867,1,4,1,1,True,0.9,10329,False,History,True,1
zero_shot,phi4-14b,v1,868,1,5,1,1,True,1.0,9309,False,History,True,1
zero_shot,phi4-14b,v1,869,1,1,0,0,True,4.0,7369,False,History,True,1
zero_shot,phi4-14b,v1,870,1,5,2,2,True,1.0,6371,False,History,True,1
zero_shot,phi4-14b,v1,871,1,13,1,1,True,5.0,8154,False,History,True,1
zero_shot,phi4-14b,v1,872,1,15,0,0,True,95.0,8352,False,History,True,1
zero_shot,phi4-14b,v1,873,1,1,0,0,True,1.0,8368,False,History,True,1
zero_shot,phi4-14b,v1,874,1,12,0,0,True,4.0,9435,False,History,True,1
zero_shot,phi4-14b,v1,875,1,1,0,0,True,4.0,7158,False,History,True,1
zero_shot,phi4-14b,v1,876,1,6,3,3,True,95.0,6981,False,History,True,1
zero_shot,phi4-14b,v1,877,1,9,0,0,True,4.0,8204,False,History,True,1
zero_shot,phi4-14b,v1,878,1,7,1,1,True,0.9,9075,False,History,True,1
zero_shot,phi4-14b,v1,879,1,4,1,1,True,4.0,9527,False,History,True,1
zero_shot,phi4-14b,v1,880,1,5,2,2,True,90.0,7797,False,History,True,1
zero_shot,phi4-14b,v1,882,1,12,3,3,True,1.0,6844,False,History,True,1
zero_shot,phi4-14b,v1,883,1,7,1,1,True,1.0,5568,False,History,True,1
zero_shot,phi4-14b,v1,884,1,5,1,1,True,4.0,7478,False,History,True,1
zero_shot,phi4-14b,v1,886,1,1,0,0,True,0.8,9812,False,History,True,1
zero_shot,phi4-14b,v1,887,1,10,3,3,True,4.0,8593,False,History,True,1
zero_shot,phi4-14b,v1,888,1,1,0,0,True,5.0,8771,False,History,True,1
zero_shot,phi4-14b,v1,889,1,3,0,0,True,4.0,8013,False,History,True,1
zero_shot,phi4-14b,v1,890,1,6,3,3,True,4.0,7683,False,History,True,1
zero_shot,phi4-14b,v1,891,1,8,2,2,True,1.0,8804,False,History,True,1
zero_shot,phi4-14b,v1,892,1,6,2,2,True,4.0,6945,False,History,True,1
zero_shot,phi4-14b,v1,893,1,2,3,3,True,0.9,9340,False,History,True,1
zero_shot,phi4-14b,v1,894,1,2,1,1,True,4.0,6214,False,History,True,1
zero_shot,phi4-14b,v1,895,1,13,0,1,False,0.8,10180,False,History,False,0
zero_shot,phi4-14b,v1,896,1,8,1,0,False,4.0,8967,False,History,False,0
zero_shot,phi4-14b,v1,897,1,7,1,1,True,4.0,7295,False,History,True,1
zero_shot,phi4-14b,v1,898,1,6,0,0,True,1.0,9625,False,History,True,1
zero_shot,phi4-14b,v1,899,1,6,3,3,True,5.0,8843,False,History,True,1
zero_shot,phi4-14b,v1,900,1,1,0,0,True,95.0,9318,False,History,True,1
zero_shot,phi4-14b,v1,901,1,12,1,1,True,0.8,8630,False,History,True,1
zero_shot,phi4-14b,v1,902,1,4,2,2,True,0.9,9661,False,History,True,1
zero_shot,phi4-14b,v1,903,1,5,3,3,True,4.0,10550,False,History,True,1
zero_shot,phi4-14b,v1,904,1,8,1,1,True,95.0,8466,False,History,True,1
zero_shot,phi4-14b,v1,905,1,3,0,0,True,5.0,6685,False,History,True,1
zero_shot,phi4-14b,v1,906,1,13,2,2,True,4.0,8227,False,History,True,1
zero_shot,phi4-14b,v1,908,1,1,1,1,True,1.0,8303,False,History,True,1
zero_shot,phi4-14b,v1,909,1,15,0,0,True,0.9,9658,False,History,True,1
zero_shot,phi4-14b,v1,910,1,15,3,3,True,0.9,10407,False,History,True,1
zero_shot,phi4-14b,v1,913,1,12,3,3,True,4.0,7257,False,History,True,1
zero_shot,phi4-14b,v1,914,1,2,2,2,True,1.0,5717,False,History,True,1
zero_shot,phi4-14b,v1,915,1,15,1,1,True,4.0,7943,False,History,True,1
zero_shot,phi4-14b,v1,916,1,15,1,1,True,4.0,7092,False,History,True,1
zero_shot,phi4-14b,v1,917,1,10,0,1,False,0.7,11192,False,History,False,0
zero_shot,phi4-14b,v1,918,1,3,2,2,True,4.0,6891,False,History,True,1
zero_shot,phi4-14b,v1,920,1,5,3,3,True,4.0,8863,False,History,True,1
zero_shot,phi4-14b,v1,922,1,8,2,2,True,0.9,9037,False,History,True,1
zero_shot,phi4-14b,v1,923,1,5,0,0,True,1.0,8947,False,History,True,1
zero_shot,phi4-14b,v1,924,1,7,2,2,True,4.0,9865,False,History,True,1
zero_shot,phi4-14b,v1,925,1,13,0,0,True,95.0,8045,False,History,True,1
zero_shot,phi4-14b,v1,926,1,7,1,3,False,3.0,9032,False,History,False,0
zero_shot,phi4-14b,v1,927,1,2,1,1,True,4.0,10812,False,History,True,1
zero_shot,phi4-14b,v1,928,1,11,0,0,True,0.8,8557,False,History,True,1
zero_shot,phi4-14b,v1,929,1,2,0,0,True,4.0,7280,False,History,True,1
zero_shot,phi4-14b,v1,931,1,1,1,1,True,95.0,6927,False,History,True,1
zero_shot,phi4-14b,v1,933,1,2,1,1,True,95.0,9696,False,History,True,1
zero_shot,phi4-14b,v1,934,1,1,2,2,True,4.0,9077,False,History,True,1
zero_shot,phi4-14b,v1,935,1,4,2,2,True,1.0,8335,False,History,True,1
zero_shot,phi4-14b,v1,936,1,3,0,0,True,1.0,8551,False,History,True,1
zero_shot,phi4-14b,v1,938,1,7,3,3,True,95.0,7929,False,History,True,1
zero_shot,phi4-14b,v1,939,1,4,1,1,True,0.8,8416,False,History,True,1
zero_shot,phi4-14b,v1,941,1,2,0,0,True,0.7,11061,False,History,True,1
zero_shot,phi4-14b,v1,942,1,8,1,1,True,1.0,6275,False,History,True,1
zero_shot,phi4-14b,v1,944,1,1,1,1,True,1.0,8909,False,History,True,1
zero_shot,phi4-14b,v1,945,1,11,1,0,False,4.0,6034,False,History,False,0
zero_shot,phi4-14b,v1,946,1,4,3,3,True,4.0,9671,False,History,True,1
zero_shot,phi4-14b,v1,947,1,5,3,3,True,1.0,6993,False,History,True,1
zero_shot,phi4-14b,v1,948,1,7,2,2,True,95.0,6710,False,History,True,1
zero_shot,phi4-14b,v1,949,1,8,0,0,True,1.0,7975,False,History,True,1
zero_shot,phi4-14b,v1,950,1,4,0,0,True,4.0,7060,False,History,True,1
zero_shot,phi4-14b,v1,951,1,2,3,3,True,5.0,6531,False,History,True,1
zero_shot,phi4-14b,v1,952,1,10,0,0,True,4.0,9205,False,History,True,1
zero_shot,phi4-14b,v1,953,1,8,3,3,True,1.0,6244,False,History,True,1
zero_shot,phi4-14b,v1,954,1,6,0,0,True,3.0,7904,False,History,True,1
zero_shot,phi4-14b,v1,956,1,4,2,2,True,0.8,9281,False,History,True,1
zero_shot,phi4-14b,v1,957,1,2,2,3,False,4.0,8719,False,History,False,0
zero_shot,phi4-14b,v1,958,1,6,2,2,True,1.0,10532,False,History,True,1
zero_shot,phi4-14b,v1,960,1,10,1,1,True,5.0,6985,False,History,True,1
zero_shot,phi4-14b,v1,961,1,8,1,1,True,85.0,8877,False,History,True,1
zero_shot,phi4-14b,v1,962,1,12,1,1,True,0.8,9905,False,History,True,1
zero_shot,phi4-14b,v1,963,1,2,1,3,False,0.8,8838,False,History,False,0
zero_shot,phi4-14b,v1,964,1,6,1,1,True,4.0,6584,False,History,True,1
zero_shot,phi4-14b,v1,965,1,11,0,0,True,0.9,10173,False,History,True,1
zero_shot,phi4-14b,v1,966,1,7,1,1,True,0.9,9217,False,History,True,1
zero_shot,phi4-14b,v1,967,1,13,0,0,True,0.7,8241,False,History,True,1
zero_shot,phi4-14b,v1,968,1,3,2,2,True,95.0,7767,False,History,True,1
zero_shot,phi4-14b,v1,969,1,9,3,3,True,0.9,7786,False,History,True,1
zero_shot,phi4-14b,v1,970,1,8,0,1,False,4.0,9367,False,History,False,0
zero_shot,phi4-14b,v1,971,1,8,3,3,True,0.9,9658,False,History,True,1
zero_shot,phi4-14b,v1,973,1,3,0,0,True,4.0,8720,False,History,True,1
zero_shot,phi4-14b,v1,974,1,6,3,3,True,1.0,8627,False,History,True,1
zero_shot,phi4-14b,v1,976,1,6,2,2,True,5.0,8030,False,History,True,1
zero_shot,phi4-14b,v1,977,1,1,2,2,True,1.0,7962,False,History,True,1
zero_shot,phi4-14b,v1,978,1,14,1,1,True,0.9,7146,False,History,True,1
zero_shot,phi4-14b,v1,979,1,9,2,2,True,0.8,8415,False,History,True,1
zero_shot,phi4-14b,v1,980,1,5,3,3,True,1.0,10600,False,History,True,1
zero_shot,phi4-14b,v1,981,1,11,3,3,True,5.0,7448,False,History,True,1
zero_shot,phi4-14b,v1,983,1,13,0,0,True,4.0,8775,False,History,True,1
zero_shot,phi4-14b,v1,984,1,6,1,1,True,4.0,7502,False,History,True,1
zero_shot,phi4-14b,v1,985,1,14,3,3,True,5.0,8283,False,History,True,1
zero_shot,phi4-14b,v1,986,1,6,3,3,True,4.0,9078,False,History,True,1
zero_shot,phi4-14b,v1,987,1,12,3,3,True,4.0,8193,False,History,True,1
zero_shot,phi4-14b,v1,988,1,14,0,0,True,4.0,7593,False,History,True,1
zero_shot,phi4-14b,v1,989,1,6,0,0,True,95.0,7608,False,History,True,1
zero_shot,phi4-14b,v1,991,1,4,1,1,True,1.0,6563,False,History,True,1
zero_shot,phi4-14b,v1,992,1,8,2,2,True,0.9,9528,False,History,True,1
zero_shot,phi4-14b,v1,993,1,11,2,2,True,1.0,7366,False,History,True,1
zero_shot,phi4-14b,v1,994,1,1,3,3,True,4.0,7158,False,History,True,1
zero_shot,phi4-14b,v1,995,1,1,3,3,True,1.0,8033,False,History,True,1
zero_shot,phi4-14b,v1,996,1,6,0,0,True,5.0,7967,False,History,True,1
zero_shot,phi4-14b,v1,997,1,15,1,1,True,1.0,10046,False,History,True,1
zero_shot,phi4-14b,v1,998,1,9,0,0,True,0.9,8582,False,History,True,1
zero_shot,phi4-14b,v1,999,1,5,0,0,True,1.0,9853,False,History,True,1
zero_shot,phi4-14b,v1,1000,1,12,1,1,True,4.0,8229,False,History,True,1
zero_shot,phi4-14b,v1,1001,1,9,2,2,True,95.0,7888,False,History,True,1
zero_shot,phi4-14b,v1,1002,1,2,1,1,True,1.0,8144,False,History,True,1
zero_shot,phi4-14b,v1,1004,1,1,0,0,True,4.0,7528,False,History,True,1
zero_shot,phi4-14b,v1,1005,1,5,1,1,True,5.0,8138,False,History,True,1
zero_shot,phi4-14b,v1,1007,1,5,2,2,True,1.0,9026,False,History,True,1
zero_shot,phi4-14b,v1,1009,1,2,2,2,True,4.0,7345,False,History,True,1
zero_shot,phi4-14b,v1,1010,1,10,2,2,True,4.0,6825,False,History,True,1
zero_shot,phi4-14b,v1,1011,1,1,2,2,True,1.0,7979,False,History,True,1
zero_shot,phi4-14b,v1,1012,1,3,2,2,True,5.0,9712,False,History,True,1
zero_shot,phi4-14b,v1,1014,1,3,2,2,True,4.0,10242,False,History,True,1
zero_shot,phi4-14b,v1,1015,1,12,1,1,True,95.0,7675,False,History,True,1
zero_shot,phi4-14b,v1,1016,1,6,0,0,True,4.0,9889,False,History,True,1
zero_shot,phi4-14b,v1,1017,1,1,1,1,True,95.0,9211,False,History,True,1
zero_shot,phi4-14b,v1,1018,1,14,2,2,True,4.0,7654,False,History,True,1
zero_shot,phi4-14b,v1,1019,1,2,0,0,True,0.8,9128,False,History,True,1
zero_shot,phi4-14b,v1,1020,1,6,3,3,True,4.0,7662,False,History,True,1
zero_shot,phi4-14b,v1,1021,1,2,0,0,True,95.0,7961,False,History,True,1
zero_shot,phi4-14b,v1,1022,1,12,1,2,False,4.0,7905,False,History,False,0
zero_shot,phi4-14b,v1,1023,1,8,0,1,False,5.0,6488,False,History,False,0
zero_shot,phi4-14b,v1,1024,1,8,1,1,True,4.0,8238,False,History,True,1
zero_shot,phi4-14b,v1,1025,1,2,3,3,True,1.0,8906,False,History,True,1
zero_shot,phi4-14b,v1,1026,1,11,1,1,True,5.0,7465,False,History,True,1
zero_shot,phi4-14b,v1,1030,1,12,0,0,True,1.0,9409,False,History,True,1
zero_shot,phi4-14b,v1,1031,1,13,3,3,True,0.9,9834,False,History,True,1
zero_shot,phi4-14b,v1,1032,1,11,2,0,False,4.0,9986,False,History,False,0
zero_shot,phi4-14b,v1,1033,1,2,2,2,True,95.0,8905,False,History,True,1
zero_shot,phi4-14b,v1,1034,1,1,3,3,True,90.0,7924,False,History,True,1
zero_shot,phi4-14b,v1,1035,1,7,3,3,True,4.0,9245,False,History,True,1
zero_shot,phi4-14b,v1,1036,1,2,2,2,True,95.0,8431,False,History,True,1
zero_shot,phi4-14b,v1,1037,1,12,1,1,True,95.0,8450,False,History,True,1
zero_shot,phi4-14b,v1,1038,1,15,1,1,True,0.8,9034,False,History,True,1
zero_shot,phi4-14b,v1,1039,1,7,1,1,True,5.0,8722,False,History,True,1
zero_shot,phi4-14b,v1,1040,1,6,2,2,True,1.0,6914,False,History,True,1
zero_shot,phi4-14b,v1,1041,1,6,3,3,True,4.0,7787,False,History,True,1
zero_shot,phi4-14b,v1,1042,1,8,3,3,True,1.0,8533,False,History,True,1
zero_shot,phi4-14b,v1,1044,1,8,0,3,False,4.0,7309,False,History,False,0
zero_shot,phi4-14b,v1,1045,1,11,1,1,True,4.0,8695,False,History,True,1
zero_shot,phi4-14b,v1,1046,1,12,2,2,True,1.0,8899,False,History,True,1
zero_shot,phi4-14b,v1,1047,1,14,1,1,True,4.0,8289,False,History,True,1
zero_shot,phi4-14b,v1,1048,1,4,0,0,True,95.0,10022,False,History,True,1
zero_shot,phi4-14b,v1,1049,1,6,2,3,False,0.7,9785,False,History,False,0
zero_shot,phi4-14b,v1,1050,1,7,1,1,True,1.0,7862,False,History,True,1
zero_shot,phi4-14b,v1,1052,1,5,3,3,True,1.0,9570,False,History,True,1
zero_shot,phi4-14b,v1,1053,1,12,0,0,True,1.0,7074,False,History,True,1
zero_shot,phi4-14b,v1,1054,1,12,1,1,True,1.0,8955,False,History,True,1
zero_shot,phi4-14b,v1,1055,1,3,1,1,True,4.0,10960,False,History,True,1
zero_shot,phi4-14b,v1,1056,1,6,1,1,True,4.0,7542,False,History,True,1
zero_shot,phi4-14b,v1,1057,1,5,1,1,True,1.0,9643,False,History,True,1
zero_shot,phi4-14b,v1,1058,1,11,0,0,True,4.0,6620,False,History,True,1
zero_shot,phi4-14b,v1,1059,1,7,2,2,True,4.0,8146,False,History,True,1
zero_shot,phi4-14b,v1,1060,1,15,3,3,True,1.0,7654,False,History,True,1
zero_shot,phi4-14b,v1,1062,1,11,2,2,True,4.0,9697,False,History,True,1
zero_shot,phi4-14b,v1,1063,1,7,2,2,True,4.0,7705,False,History,True,1
zero_shot,phi4-14b,v1,1064,1,7,0,0,True,1.0,9807,False,History,True,1
zero_shot,phi4-14b,v1,1065,1,2,2,2,True,0.8,10249,False,History,True,1
zero_shot,phi4-14b,v1,1066,1,7,2,2,True,4.0,6694,False,History,True,1
zero_shot,phi4-14b,v1,1067,1,6,0,2,False,4.0,6977,False,History,False,0
zero_shot,phi4-14b,v1,1068,1,5,2,2,True,95.0,6542,False,History,True,1
zero_shot,phi4-14b,v1,1069,1,7,2,2,True,5.0,7414,False,History,True,1
zero_shot,phi4-14b,v1,1071,1,1,1,1,True,0.9,7233,False,History,True,1
zero_shot,phi4-14b,v1,1072,1,3,1,0,False,4.0,7300,False,History,False,0
zero_shot,phi4-14b,v1,1073,1,11,3,3,True,0.9,8492,False,History,True,1
dynamic_few_shot_k3,phi4-14b,v2_json_fewshot_k3,841,1,4,1,3,False,1.0,7394,False,History,False,0
dynamic_few_shot_k3,phi4-14b,v2_json_fewshot_k3,843,1,9,0,0,True,1.0,9876,False,History,True,1
dynamic_few_shot_k3,phi4-14b,v2_json_fewshot_k3,844,1,2,3,3,True,1.0,8942,False,History,True,1
dynamic_few_shot_k3,phi4-14b,v2_json_fewshot_k3,845,1,14,2,2,True,1.0,9462,False,History,True,1
dynamic_few_shot_k3,phi4-14b,v2_json_fewshot_k3,846,1,15,3,3,True,1.0,9670,False,History,True,1
dynamic_few_shot_k3,phi4-14b,v2_json_fewshot_k3,847,1,1,2,2,True,0.9,11058,False,History,True,1
dynamic_few_shot_k3,phi4-14b,v2_json_fewshot_k3,848,1,5,0,0,True,1.0,6243,False,History,True,1
dynamic_few_shot_k3,phi4-14b,v2_json_fewshot_k3,850,1,2,1,1,True,1.0,10510,False,History,True,1
dynamic_few_shot_k3,phi4-14b,v2_json_fewshot_k3,851,1,2,2,2,True,1.0,7354,False,History,True,1
dynamic_few_shot_k3,phi4-14b,v2_json_fewshot_k3,852,1,1,2,2,True,1.0,8263,False,History,True,1
dynamic_few_shot_k3,phi4-14b,v2_json_fewshot_k3,853,1,3,3,3,True,1.0,6306,False,History,True,1
dynamic_few_shot_k3,phi4-14b,v2_json_fewshot_k3,854,1,3,2,2,True,1.0,8490,False,History,True,1
dynamic_few_shot_k3,phi4-14b,v2_json_fewshot_k3,855,1,9,3,3,True,1.0,8867,False,History,True,1
dynamic_few_shot_k3,phi4-14b,v2_json_fewshot_k3,856,1,1,3,3,True,1.0,6427,False,History,True,1
dynamic_few_shot_k3,phi4-14b,v2_json_fewshot_k3,857,1,13,1,1,True,1.0,6890,False,History,True,1
dynamic_few_shot_k3,phi4-14b,v2_json_fewshot_k3,858,1,5,2,2,True,1.0,8267,False,History,True,1
dynamic_few_shot_k3,phi4-14b,v2_json_fewshot_k3,860,1,6,2,2,True,1.0,8362,False,History,True,1
dynamic_few_shot_k3,phi4-14b,v2_json_fewshot_k3,861,1,7,0,3,False,1.0,11206,False,History,False,0
dynamic_few_shot_k3,phi4-14b,v2_json_fewshot_k3,863,1,6,2,0,False,0.9,8864,False,History,False,0
dynamic_few_shot_k3,phi4-14b,v2_json_fewshot_k3,864,1,12,0,0,True,1.0,8081,False,History,True,1
dynamic_few_shot_k3,phi4-14b,v2_json_fewshot_k3,865,1,7,1,1,True,1.0,7334,False,History,True,1
dynamic_few_shot_k3,phi4-14b,v2_json_fewshot_k3,866,1,4,0,0,True,1.0,6717,False,History,True,1
dynamic_few_shot_k3,phi4-14b,v2_json_fewshot_k3,867,1,4,1,1,True,1.0,6714,False,History,True,1
dynamic_few_shot_k3,phi4-14b,v2_json_fewshot_k3,868,1,5,1,1,True,1.0,9773,False,History,True,1
dynamic_few_shot_k3,phi4-14b,v2_json_fewshot_k3,869,1,1,0,0,True,0.8,9889,False,History,True,1
dynamic_few_shot_k3,phi4-14b,v2_json_fewshot_k3,870,1,5,2,2,True,1.0,8819,False,History,True,1
dynamic_few_shot_k3,phi4-14b,v2_json_fewshot_k3,871,1,13,1,1,True,1.0,9616,False,History,True,1
dynamic_few_shot_k3,phi4-14b,v2_json_fewshot_k3,872,1,15,0,0,True,1.0,9736,False,History,True,1
dynamic_few_shot_k3,phi4-14b,v2_json_fewshot_k3,873,1,1,0,0,True,1.0,7444,False,History,True,1
dynamic_few_shot_k3,phi4-14b,v2_json_fewshot_k3,874,1,12,0,0,True,1.0,8270,False,History,True,1
dynamic_few_shot_k3,phi4-14b,v2_json_fewshot_k3,875,1,1,0,0,True,1.0,8822,False,History,True,1
dynamic_few_shot_k3,phi4-14b,v2_json_fewshot_k3,876,1,6,3,3,True,1.0,7033,False,History,True,1
dynamic_few_shot_k3,phi4-14b,v2_json_fewshot_k3,877,1,9,0,0,True,1.0,9985,False,History,True,1
dynamic_few_shot_k3,phi4-14b,v2_json_fewshot_k3,878,1,7,1,1,True,0.9,9727,False,History,True,1
dynamic_few_shot_k3,phi4-14b,v2_json_fewshot_k3,879,1,4,1,1,True,1.0,6903,False,History,True,1
dynamic_few_shot_k3,phi4-14b,v2_json_fewshot_k3,880,1,5,2,2,True,1.0,6469,False,History,True,1
dynamic_few_shot_k3,phi4-14b,v2_json_fewshot_k3,882,1,12,3,3,True,1.0,6324,False,History,True,1
dynamic_few_shot_k3,phi4-14b,v2_json_fewshot_k3,883,1,7,1,1,True,1.0,7530,False,History,True,1
dynamic_few_shot_k3,phi4-14b,v2_json_fewshot_k3,884,1,5,1,1,True,1.0,6828,False,History,True,1
dynamic_few_shot_k3,phi4-14b,v2_json_fewshot_k3,886,1,1,3,0,False,1.0,10056,False,History,False,0
dynamic_few_shot_k3,phi4-14b,v2_json_fewshot_k3,887,1,10,3,3,True,1.0,9447,False,History,True,1
dynamic_few_shot_k3,phi4-14b,v2_json_fewshot_k3,888,1,1,0,0,True,1.0,6010,False,History,True,1
dynamic_few_shot_k3,phi4-14b,v2_json_fewshot_k3,889,1,3,0,0,True,1.0,9584,False,History,True,1
dynamic_few_shot_k3,phi4-14b,v2_json_fewshot_k3,890,1,6,3,3,True,1.0,8262,False,History,True,1
dynamic_few_shot_k3,phi4-14b,v2_json_fewshot_k3,891,1,8,2,2,True,1.0,8137,False,History,True,1
dynamic_few_shot_k3,phi4-14b,v2_json_fewshot_k3,892,1,6,2,2,True,1.0,9665,False,History,True,1
dynamic_few_shot_k3,phi4-14b,v2_json_fewshot_k3,893,1,2,3,3,True,0.9,9450,False,History,True,1
dynamic_few_shot_k3,phi4-14b,v2_json_fewshot_k3,894,1,2,1,1,True,1.0,9000,False,History,True,1
dynamic_few_shot_k3,phi4-14b,v2_json_fewshot_k3,895,1,13,3,1,False,1.0,10386,False,History,False,0
dynamic_few_shot_k3,phi4-14b,v2_json_fewshot_k3,896,1,8,0,0,True,1.0,7433,False,History,True,1
dynamic_few_shot_k3,phi4-14b,v2_json_fewshot_k3,897,1,7,1,1,True,1.0,7835,False,History,True,1
dynamic_few_shot_k3,phi4-14b,v2_json_fewshot_k3,898,1,6,0,0,True,1.0,9133,False,History,True,1
dynamic_few_shot_k3,phi4-14b,v2_json_fewshot_k3,899,1,6,3,3,True,1.0,7535,False,History,True,1
dynamic_few_shot_k3,phi4-14b,v2_json_fewshot_k3,900,1,1,0,0,True,1.0,8784,False,History,True,1
dynamic_few_shot_k3,phi4-14b,v2_json_fewshot_k3,901,1,12,1,1,True,0.9,9757,False,History,True,1
dynamic_few_shot_k3,phi4-14b,v2_json_fewshot_k3,902,1,4,2,2,True,1.0,7213,False,History,True,1
dynamic_few_shot_k3,phi4-14b,v2_json_fewshot_k3,903,1,5,3,3,True,1.0,7911,False,History,True,1
dynamic_few_shot_k3,phi4-14b,v2_json_fewshot_k3,904,1,8,1,1,True,1.0,5537,False,History,True,1
dynamic_few_shot_k3,phi4-14b,v2_json_fewshot_k3,905,1,3,0,0,True,1.0,6602,False,History,True,1
dynamic_few_shot_k3,phi4-14b,v2_json_fewshot_k3,906,1,13,2,2,True,0.9,6916,False,History,True,1
dynamic_few_shot_k3,phi4-14b,v2_json_fewshot_k3,908,1,1,1,1,True,1.0,9433,False,History,True,1
dynamic_few_shot_k3,phi4-14b,v2_json_fewshot_k3,909,1,15,0,0,True,1.0,10153,False,History,True,1
dynamic_few_shot_k3,phi4-14b,v2_json_fewshot_k3,910,1,15,3,3,True,0.9,10060,False,History,True,1
dynamic_few_shot_k3,phi4-14b,v2_json_fewshot_k3,913,1,12,3,3,True,1.0,7655,False,History,True,1
dynamic_few_shot_k3,phi4-14b,v2_json_fewshot_k3,914,1,2,2,2,True,1.0,5860,False,History,True,1
dynamic_few_shot_k3,phi4-14b,v2_json_fewshot_k3,915,1,15,1,1,True,1.0,9250,False,History,True,1
dynamic_few_shot_k3,phi4-14b,v2_json_fewshot_k3,916,1,15,1,1,True,1.0,8992,False,History,True,1
dynamic_few_shot_k3,phi4-14b,v2_json_fewshot_k3,917,1,10,0,1,False,1.0,11067,False,History,False,0
dynamic_few_shot_k3,phi4-14b,v2_json_fewshot_k3,918,1,3,2,2,True,1.0,10886,False,History,True,1
dynamic_few_shot_k3,phi4-14b,v2_json_fewshot_k3,920,1,5,3,3,True,1.0,9893,False,History,True,1
dynamic_few_shot_k3,phi4-14b,v2_json_fewshot_k3,922,1,8,2,2,True,1.0,7253,False,History,True,1
dynamic_few_shot_k3,phi4-14b,v2_json_fewshot_k3,923,1,5,0,0,True,1.0,6473,False,History,True,1
dynamic_few_shot_k3,phi4-14b,v2_json_fewshot_k3,924,1,7,2,2,True,1.0,8460,False,History,True,1
dynamic_few_shot_k3,phi4-14b,v2_json_fewshot_k3,925,1,13,0,0,True,1.0,7185,False,History,True,1
dynamic_few_shot_k3,phi4-14b,v2_json_fewshot_k3,926,1,7,3,3,True,0.9,9503,False,History,True,1
dynamic_few_shot_k3,phi4-14b,v2_json_fewshot_k3,927,1,2,1,1,True,1.0,10122,False,History,True,1
dynamic_few_shot_k3,phi4-14b,v2_json_fewshot_k3,928,1,11,0,0,True,0.9,6413,False,History,True,1
dynamic_few_shot_k3,phi4-14b,v2_json_fewshot_k3,929,1,2,0,0,True,1.0,7544,False,History,True,1
dynamic_few_shot_k3,phi4-14b,v2_json_fewshot_k3,931,1,1,1,1,True,1.0,6616,False,History,True,1
dynamic_few_shot_k3,phi4-14b,v2_json_fewshot_k3,933,1,2,1,1,True,1.0,8129,False,History,True,1
dynamic_few_shot_k3,phi4-14b,v2_json_fewshot_k3,934,1,1,2,2,True,1.0,7292,False,History,True,1
dynamic_few_shot_k3,phi4-14b,v2_json_fewshot_k3,935,1,4,2,2,True,1.0,7066,False,History,True,1
dynamic_few_shot_k3,phi4-14b,v2_json_fewshot_k3,936,1,3,0,0,True,1.0,7949,False,History,True,1
dynamic_few_shot_k3,phi4-14b,v2_json_fewshot_k3,938,1,7,3,3,True,1.0,8381,False,History,True,1
dynamic_few_shot_k3,phi4-14b,v2_json_fewshot_k3,939,1,4,1,1,True,0.9,8576,False,History,True,1
dynamic_few_shot_k3,phi4-14b,v2_json_fewshot_k3,941,1,2,0,0,True,0.9,9921,False,History,True,1
dynamic_few_shot_k3,phi4-14b,v2_json_fewshot_k3,942,1,8,1,1,True,1.0,8393,False,History,True,1
dynamic_few_shot_k3,phi4-14b,v2_json_fewshot_k3,944,1,1,1,1,True,1.0,6690,False,History,True,1
dynamic_few_shot_k3,phi4-14b,v2_json_fewshot_k3,945,1,11,2,0,False,1.0,9218,False,History,False,0
dynamic_few_shot_k3,phi4-14b,v2_json_fewshot_k3,946,1,4,3,3,True,1.0,8327,False,History,True,1
dynamic_few_shot_k3,phi4-14b,v2_json_fewshot_k3,947,1,5,3,3,True,1.0,5630,False,History,True,1
dynamic_few_shot_k3,phi4-14b,v2_json_fewshot_k3,948,1,7,2,2,True,1.0,7485,False,History,True,1
dynamic_few_shot_k3,phi4-14b,v2_json_fewshot_k3,949,1,8,0,0,True,1.0,6776,False,History,True,1
dynamic_few_shot_k3,phi4-14b,v2_json_fewshot_k3,950,1,4,0,0,True,1.0,9417,False,History,True,1
dynamic_few_shot_k3,phi4-14b,v2_json_fewshot_k3,951,1,2,3,3,True,1.0,7053,False,History,True,1
dynamic_few_shot_k3,phi4-14b,v2_json_fewshot_k3,952,1,10,0,0,True,1.0,9569,False,History,True,1
dynamic_few_shot_k3,phi4-14b,v2_json_fewshot_k3,953,1,8,3,3,True,1.0,7350,False,History,True,1
dynamic_few_shot_k3,phi4-14b,v2_json_fewshot_k3,954,1,6,0,0,True,0.9,9203,False,History,True,1
dynamic_few_shot_k3,phi4-14b,v2_json_fewshot_k3,956,1,4,2,2,True,1.0,6788,False,History,True,1
dynamic_few_shot_k3,phi4-14b,v2_json_fewshot_k3,957,1,2,2,3,False,1.0,6210,False,History,False,0
dynamic_few_shot_k3,phi4-14b,v2_json_fewshot_k3,958,1,6,2,2,True,1.0,10433,False,History,True,1
dynamic_few_shot_k3,phi4-14b,v2_json_fewshot_k3,960,1,10,1,1,True,1.0,7774,False,History,True,1
dynamic_few_shot_k3,phi4-14b,v2_json_fewshot_k3,961,1,8,1,1,True,0.9,8446,False,History,True,1
dynamic_few_shot_k3,phi4-14b,v2_json_fewshot_k3,962,1,12,1,1,True,0.9,9726,False,History,True,1
dynamic_few_shot_k3,phi4-14b,v2_json_fewshot_k3,963,1,2,1,3,False,1.0,7554,False,History,False,0
dynamic_few_shot_k3,phi4-14b,v2_json_fewshot_k3,964,1,6,1,1,True,1.0,7182,False,History,True,1
dynamic_few_shot_k3,phi4-14b,v2_json_fewshot_k3,965,1,11,0,0,True,1.0,8944,False,History,True,1
dynamic_few_shot_k3,phi4-14b,v2_json_fewshot_k3,966,1,7,1,1,True,1.0,9454,False,History,True,1
dynamic_few_shot_k3,phi4-14b,v2_json_fewshot_k3,967,1,13,0,0,True,0.9,8022,False,History,True,1
dynamic_few_shot_k3,phi4-14b,v2_json_fewshot_k3,968,1,3,2,2,True,1.0,9379,False,History,True,1
dynamic_few_shot_k3,phi4-14b,v2_json_fewshot_k3,969,1,9,3,3,True,1.0,6624,False,History,True,1
dynamic_few_shot_k3,phi4-14b,v2_json_fewshot_k3,970,1,8,0,1,False,1.0,9914,False,History,False,0
dynamic_few_shot_k3,phi4-14b,v2_json_fewshot_k3,971,1,8,3,3,True,1.0,9612,False,History,True,1
dynamic_few_shot_k3,phi4-14b,v2_json_fewshot_k3,973,1,3,0,0,True,1.0,10470,False,History,True,1
dynamic_few_shot_k3,phi4-14b,v2_json_fewshot_k3,974,1,6,3,3,True,1.0,9382,False,History,True,1
dynamic_few_shot_k3,phi4-14b,v2_json_fewshot_k3,976,1,6,2,2,True,1.0,8387,False,History,True,1
dynamic_few_shot_k3,phi4-14b,v2_json_fewshot_k3,977,1,1,2,2,True,1.0,8143,False,History,True,1
dynamic_few_shot_k3,phi4-14b,v2_json_fewshot_k3,978,1,14,1,1,True,1.0,8890,False,History,True,1
dynamic_few_shot_k3,phi4-14b,v2_json_fewshot_k3,979,1,9,2,2,True,1.0,6512,False,History,True,1
dynamic_few_shot_k3,phi4-14b,v2_json_fewshot_k3,980,1,5,3,3,True,1.0,7190,False,History,True,1
dynamic_few_shot_k3,phi4-14b,v2_json_fewshot_k3,981,1,11,3,3,True,1.0,6871,False,History,True,1
dynamic_few_shot_k3,phi4-14b,v2_json_fewshot_k3,983,1,13,0,0,True,1.0,7836,False,History,True,1
dynamic_few_shot_k3,phi4-14b,v2_json_fewshot_k3,984,1,6,1,1,True,1.0,8893,False,History,True,1
dynamic_few_shot_k3,phi4-14b,v2_json_fewshot_k3,985,1,14,3,3,True,1.0,6518,False,History,True,1
dynamic_few_shot_k3,phi4-14b,v2_json_fewshot_k3,986,1,6,3,3,True,1.0,8056,False,History,True,1
dynamic_few_shot_k3,phi4-14b,v2_json_fewshot_k3,987,1,12,3,3,True,1.0,9962,False,History,True,1
dynamic_few_shot_k3,phi4-14b,v2_json_fewshot_k3,988,1,14,0,0,True,1.0,9884,False,History,True,1
dynamic_few_shot_k3,phi4-14b,v2_json_fewshot_k3,989,1,6,0,0,True,1.0,9002,False,History,True,1
dynamic_few_shot_k3,phi4-14b,v2_json_fewshot_k3,991,1,4,1,1,True,1.0,5412,False,History,True,1
dynamic_few_shot_k3,phi4-14b,v2_json_fewshot_k3,992,1,8,2,2,True,1.0,7146,False,History,True,1
dynamic_few_shot_k3,phi4-14b,v2_json_fewshot_k3,993,1,11,2,2,True,1.0,7158,False,History,True,1
dynamic_few_shot_k3,phi4-14b,v2_json_fewshot_k3,994,1,1,3,3,True,1.0,9836,False,History,True,1
dynamic_few_shot_k3,phi4-14b,v2_json_fewshot_k3,995,1,1,3,3,True,1.0,6516,False,History,True,1
dynamic_few_shot_k3,phi4-14b,v2_json_fewshot_k3,996,1,6,0,0,True,1.0,9159,False,History,True,1
dynamic_few_shot_k3,phi4-14b,v2_json_fewshot_k3,997,1,15,1,1,True,1.0,9621,False,History,True,1
dynamic_few_shot_k3,phi4-14b,v2_json_fewshot_k3,998,1,9,0,0,True,1.0,6682,False,History,True,1
dynamic_few_shot_k3,phi4-14b,v2_json_fewshot_k3,999,1,5,0,0,True,1.0,7443,False,History,True,1
dynamic_few_shot_k3,phi4-14b,v2_json_fewshot_k3,1000,1,12,1,1,True,1.0,7695,False,History,True,1
dynamic_few_shot_k3,phi4-14b,v2_json_fewshot_k3,1001,1,9,2,2,True,1.0,7491,False,History,True,1
dynamic_few_shot_k3,phi4-14b,v2_json_fewshot_k3,1002,1,2,1,1,True,1.0,7425,False,History,True,1
dynamic_few_shot_k3,phi4-14b,v2_json_fewshot_k3,1004,1,1,0,0,True,1.0,10475,False,History,True,1
dynamic_few_shot_k3,phi4-14b,v2_json_fewshot_k3,1005,1,5,1,1,True,1.0,7811,False,History,True,1
dynamic_few_shot_k3,phi4-14b,v2_json_fewshot_k3,1007,1,5,2,2,True,1.0,8946,False,History,True,1
dynamic_few_shot_k3,phi4-14b,v2_json_fewshot_k3,1009,1,2,2,2,True,1.0,7377,False,History,True,1
dynamic_few_shot_k3,phi4-14b,v2_json_fewshot_k3,1010,1,10,2,2,True,1.0,7542,False,History,True,1
dynamic_few_shot_k3,phi4-14b,v2_json_fewshot_k3,1011,1,1,2,2,True,1.0,7178,False,History,True,1
dynamic_few_shot_k3,phi4-14b,v2_json_fewshot_k3,1012,1,3,2,2,True,1.0,10796,False,History,True,1
dynamic_few_shot_k3,phi4-14b,v2_json_fewshot_k3,1014,1,3,2,2,True,1.0,8826,False,History,True,1
dynamic_few_shot_k3,phi4-14b,v2_json_fewshot_k3,1015,1,12,1,1,True,1.0,7824,False,History,True,1
dynamic_few_shot_k3,phi4-14b,v2_json_fewshot_k3,1016,1,6,0,0,True,1.0,8023,False,History,True,1
dynamic_few_shot_k3,phi4-14b,v2_json_fewshot_k3,1017,1,1,1,1,True,1.0,5424,False,History,True,1
dynamic_few_shot_k3,phi4-14b,v2_json_fewshot_k3,1018,1,14,2,2,True,1.0,9833,False,History,True,1
dynamic_few_shot_k3,phi4-14b,v2_json_fewshot_k3,1019,1,2,0,0,True,0.9,7657,False,History,True,1
dynamic_few_shot_k3,phi4-14b,v2_json_fewshot_k3,1020,1,6,3,3,True,1.0,10888,False,History,True,1
dynamic_few_shot_k3,phi4-14b,v2_json_fewshot_k3,1021,1,2,0,0,True,1.0,8694,False,History,True,1
dynamic_few_shot_k3,phi4-14b,v2_json_fewshot_k3,1022,1,12,1,2,False,1.0,8112,False,History,False,0
dynamic_few_shot_k3,phi4-14b,v2_json_fewshot_k3,1023,1,8,0,1,False,0.9,10237,False,History,False,0
dynamic_few_shot_k3,phi4-14b,v2_json_fewshot_k3,1024,1,8,1,1,True,1.0,7454,False,History,True,1
dynamic_few_shot_k3,phi4-14b,v2_json_fewshot_k3,1025,1,2,3,3,True,1.0,9243,False,History,True,1
dynamic_few_shot_k3,phi4-14b,v2_json_fewshot_k3,1026,1,11,0,1,False,1.0,9064,False,History,False,0
dynamic_few_shot_k3,phi4-14b,v2_json_fewshot_k3,1030,1,12,0,0,True,1.0,8395,False,History,True,1
dynamic_few_shot_k3,phi4-14b,v2_json_fewshot_k3,1031,1,13,3,3,True,1.0,8168,False,History,True,1
dynamic_few_shot_k3,phi4-14b,v2_json_fewshot_k3,1032,1,11,3,0,False,1.0,6155,False,History,False,0
dynamic_few_shot_k3,phi4-14b,v2_json_fewshot_k3,1033,1,2,2,2,True,1.0,7599,False,History,True,1
dynamic_few_shot_k3,phi4-14b,v2_json_fewshot_k3,1034,1,1,3,3,True,1.0,8816,False,History,True,1
dynamic_few_shot_k3,phi4-14b,v2_json_fewshot_k3,1035,1,7,3,3,True,1.0,9860,False,History,True,1
dynamic_few_shot_k3,phi4-14b,v2_json_fewshot_k3,1036,1,2,2,2,True,1.0,7146,False,History,True,1
dynamic_few_shot_k3,phi4-14b,v2_json_fewshot_k3,1037,1,12,1,1,True,1.0,7658,False,History,True,1
dynamic_few_shot_k3,phi4-14b,v2_json_fewshot_k3,1038,1,15,1,1,True,0.9,7340,False,History,True,1
dynamic_few_shot_k3,phi4-14b,v2_json_fewshot_k3,1039,1,7,1,1,True,1.0,7760,False,History,True,1
dynamic_few_shot_k3,phi4-14b,v2_json_fewshot_k3,1040,1,6,2,2,True,1.0,6143,False,History,True,1
dynamic_few_shot_k3,phi4-14b,v2_json_fewshot_k3,1041,1,6,3,3,True,1.0,8390,False,History,True,1
dynamic_few_shot_k3,phi4-14b,v2_json_fewshot_k3,1042,1,8,3,3,True,1.0,7776,False,History,True,1
dynamic_few_shot_k3,phi4-14b,v2_json_fewshot_k3,1044,1,8,3,3,True,1.0,7495,False,History,True,1
dynamic_few_shot_k3,phi4-14b,v2_json_fewshot_k3,1045,1,11,1,1,True,1.0,8493,False,History,True,1
dynamic_few_shot_k3,phi4-14b,v2_json_fewshot_k3,1046,1,12,2,2,True,1.0,9563,False,History,True,1
dynamic_few_shot_k3,phi4-14b,v2_json_fewshot_k3,1047,1,14,1,1,True,1.0,8008,False,History,True,1
dynamic_few_shot_k3,phi4-14b,v2_json_fewshot_k3,1048,1,4,0,0,True,1.0,6241,False,History,True,1
dynamic_few_shot_k3,phi4-14b,v2_json_fewshot_k3,1049,1,6,3,3,True,0.9,7078,False,History,True,1
dynamic_few_shot_k3,phi4-14b,v2_json_fewshot_k3,1050,1,7,1,1,True,1.0,6843,False,History,True,1
dynamic_few_shot_k3,phi4-14b,v2_json_fewshot_k3,1052,1,5,3,3,True,1.0,6199,False,History,True,1
dynamic_few_shot_k3,phi4-14b,v2_json_fewshot_k3,1053,1,12,0,0,True,1.0,6079,False,History,True,1
dynamic_few_shot_k3,phi4-14b,v2_json_fewshot_k3,1054,1,12,1,1,True,1.0,8882,False,History,True,1
dynamic_few_shot_k3,phi4-14b,v2_json_fewshot_k3,1055,1,3,1,1,True,1.0,6514,False,History,True,1
dynamic_few_shot_k3,phi4-14b,v2_json_fewshot_k3,1056,1,6,1,1,True,1.0,5942,False,History,True,1
dynamic_few_shot_k3,phi4-14b,v2_json_fewshot_k3,1057,1,5,1,1,True,1.0,7957,False,History,True,1
dynamic_few_shot_k3,phi4-14b,v2_json_fewshot_k3,1058,1,11,0,0,True,1.0,8560,False,History,True,1
dynamic_few_shot_k3,phi4-14b,v2_json_fewshot_k3,1059,1,7,2,2,True,1.0,8132,False,History,True,1
dynamic_few_shot_k3,phi4-14b,v2_json_fewshot_k3,1060,1,15,3,3,True,1.0,8577,False,History,True,1
dynamic_few_shot_k3,phi4-14b,v2_json_fewshot_k3,1062,1,11,2,2,True,1.0,8492,False,History,True,1
dynamic_few_shot_k3,phi4-14b,v2_json_fewshot_k3,1063,1,7,2,2,True,1.0,6420,False,History,True,1
dynamic_few_shot_k3,phi4-14b,v2_json_fewshot_k3,1064,1,7,0,0,True,1.0,10721,False,History,True,1
dynamic_few_shot_k3,phi4-14b,v2_json_fewshot_k3,1065,1,2,3,2,False,1.0,10773,False,History,False,0
dynamic_few_shot_k3,phi4-14b,v2_json_fewshot_k3,1066,1,7,2,2,True,1.0,7281,False,History,True,1
dynamic_few_shot_k3,phi4-14b,v2_json_fewshot_k3,1067,1,6,0,2,False,1.0,6195,False,History,False,0
dynamic_few_shot_k3,phi4-14b,v2_json_fewshot_k3,1068,1,5,2,2,True,1.0,7505,False,History,True,1
dynamic_few_shot_k3,phi4-14b,v2_json_fewshot_k3,1069,1,7,2,2,True,1.0,7878,False,History,True,1
dynamic_few_shot_k3,phi4-14b,v2_json_fewshot_k3,1071,1,1,1,1,True,1.0,7290,False,History,True,1
dynamic_few_shot_k3,phi4-14b,v2_json_fewshot_k3,1072,1,3,1,0,False,0.9,9021,False,History,False,0
dynamic_few_shot_k3,phi4-14b,v2_json_fewshot_k3,1073,1,11,3,3,True,1.0,8981,False,History,True,1
wiki_rag,gemma3-12b,wiki_rag/v1,841,1,4,3,3,True,0.95,15417,False,History,True,1
wiki_rag,gemma3-12b,wiki_rag/v1,843,1,9,0,0,True,-1.0,17969,False,History,True,1
wiki_rag,gemma3-12b,wiki_rag/v1,844,1,2,3,3,True,0.95,12060,False,History,True,1
wiki_rag,gemma3-12b,wiki_rag/v1,845,1,14,2,2,True,0.95,16095,False,History,True,1
wiki_rag,gemma3-12b,wiki_rag/v1,846,1,15,3,3,True,0.99,16601,False,History,True,1
wiki_rag,gemma3-12b,wiki_rag/v1,847,1,1,2,2,True,0.95,17843,False,History,True,1
wiki_rag,gemma3-12b,wiki_rag/v1,848,1,5,0,0,True,0.95,16177,False,History,True,1
wiki_rag,gemma3-12b,wiki_rag/v1,850,1,2,1,1,True,-1.0,10921,False,History,True,1
wiki_rag,gemma3-12b,wiki_rag/v1,851,1,2,2,2,True,0.99,15881,False,History,True,1
wiki_rag,gemma3-12b,wiki_rag/v1,852,1,1,2,2,True,0.99,13587,False,History,True,1
wiki_rag,gemma3-12b,wiki_rag/v1,853,1,3,3,3,True,0.9,14919,False,History,True,1
wiki_rag,gemma3-12b,wiki_rag/v1,854,1,3,1,2,False,0.9,16721,False,History,False,0
wiki_rag,gemma3-12b,wiki_rag/v1,855,1,9,3,3,True,0.95,15394,False,History,True,1
wiki_rag,gemma3-12b,wiki_rag/v1,856,1,1,3,3,True,0.99,19247,False,History,True,1
wiki_rag,gemma3-12b,wiki_rag/v1,857,1,13,1,1,True,0.95,13472,False,History,True,1
wiki_rag,gemma3-12b,wiki_rag/v1,858,1,5,2,2,True,0.95,15497,False,History,True,1
wiki_rag,gemma3-12b,wiki_rag/v1,860,1,6,2,2,True,0.9,15206,False,History,True,1
wiki_rag,gemma3-12b,wiki_rag/v1,861,1,7,2,3,False,0.9,17517,False,History,False,0
wiki_rag,gemma3-12b,wiki_rag/v1,863,1,6,2,0,False,0.95,14431,False,History,False,0
wiki_rag,gemma3-12b,wiki_rag/v1,864,1,12,0,0,True,1.0,17583,False,History,True,1
wiki_rag,gemma3-12b,wiki_rag/v1,865,1,7,1,1,True,0.95,17913,False,History,True,1
wiki_rag,gemma3-12b,wiki_rag/v1,866,1,4,0,0,True,0.99,18321,False,History,True,1
wiki_rag,gemma3-12b,wiki_rag/v1,867,1,4,1,1,True,1.0,17392,False,History,True,1
wiki_rag,gemma3-12b,wiki_rag/v1,868,1,5,1,1,True,0.95,15835,False,History,True,1
wiki_rag,gemma3-12b,wiki_rag/v1,869,1,1,1,0,False,0.95,17664,False,History,False,0
wiki_rag,gemma3-12b,wiki_rag/v1,870,1,5,2,2,True,1.0,16201,False,History,True,1
wiki_rag,gemma3-12b,wiki_rag/v1,871,1,13,1,1,True,1.0,17225,False,History,True,1
wiki_rag,gemma3-12b,wiki_rag/v1,872,1,15,0,0,True,0.95,18235,False,History,True,1
wiki_rag,gemma3-12b,wiki_rag/v1,873,1,1,0,0,True,0.95,14308,False,History,True,1
wiki_rag,gemma3-12b,wiki_rag/v1,874,1,12,0,0,True,1.0,20997,False,History,True,1
wiki_rag,gemma3-12b,wiki_rag/v1,875,1,1,0,0,True,0.9,14090,False,History,True,1
wiki_rag,gemma3-12b,wiki_rag/v1,876,1,6,3,3,True,0.95,12402,False,History,True,1
wiki_rag,gemma3-12b,wiki_rag/v1,877,1,9,0,0,True,0.95,14965,False,History,True,1
wiki_rag,gemma3-12b,wiki_rag/v1,878,1,7,1,1,True,0.95,19418,False,History,True,1
wiki_rag,gemma3-12b,wiki_rag/v1,879,1,4,1,1,True,1.0,18502,False,History,True,1
wiki_rag,gemma3-12b,wiki_rag/v1,880,1,5,2,2,True,-1.0,18156,False,History,True,1
wiki_rag,gemma3-12b,wiki_rag/v1,882,1,12,3,3,True,0.99,17531,False,History,True,1
wiki_rag,gemma3-12b,wiki_rag/v1,883,1,7,1,1,True,0.95,13801,False,History,True,1
wiki_rag,gemma3-12b,wiki_rag/v1,884,1,5,1,1,True,0.95,15982,False,History,True,1
wiki_rag,gemma3-12b,wiki_rag/v1,886,1,1,0,0,True,0.9,18944,False,History,True,1
wiki_rag,gemma3-12b,wiki_rag/v1,887,1,10,3,3,True,0.95,17816,False,History,True,1
wiki_rag,gemma3-12b,wiki_rag/v1,888,1,1,0,0,True,0.99,14203,False,History,True,1
wiki_rag,gemma3-12b,wiki_rag/v1,889,1,3,0,0,True,0.95,16513,False,History,True,1
wiki_rag,gemma3-12b,wiki_rag/v1,890,1,6,3,3,True,0.95,17304,False,History,True,1
wiki_rag,gemma3-12b,wiki_rag/v1,891,1,8,2,2,True,0.95,12164,False,History,True,1
wiki_rag,gemma3-12b,wiki_rag/v1,892,1,6,2,2,True,0.95,20351,False,History,True,1
wiki_rag,gemma3-12b,wiki_rag/v1,893,1,2,3,3,True,1.0,16263,False,History,True,1
wiki_rag,gemma3-12b,wiki_rag/v1,894,1,2,1,1,True,0.95,16336,False,History,True,1
wiki_rag,gemma3-12b,wiki_rag/v1,895,1,13,1,1,True,1.0,17957,False,History,True,1
wiki_rag,gemma3-12b,wiki_rag/v1,896,1,8,0,0,True,0.9,14798,False,History,True,1
wiki_rag,gemma3-12b,wiki_rag/v1,897,1,7,1,1,True,0.95,16177,False,History,True,1
wiki_rag,gemma3-12b,wiki_rag/v1,898,1,6,0,0,True,0.95,17305,False,History,True,1
wiki_rag,gemma3-12b,wiki_rag/v1,899,1,6,3,3,True,1.0,12611,False,History,True,1
wiki_rag,gemma3-12b,wiki_rag/v1,900,1,1,0,0,True,0.9,16091,False,History,True,1
wiki_rag,gemma3-12b,wiki_rag/v1,901,1,12,1,1,True,0.9,15836,False,History,True,1
wiki_rag,gemma3-12b,wiki_rag/v1,902,1,4,2,2,True,0.95,16293,False,History,True,1
wiki_rag,gemma3-12b,wiki_rag/v1,903,1,5,3,3,True,0.99,16647,False,History,True,1
wiki_rag,gemma3-12b,wiki_rag/v1,904,1,8,1,1,True,0.95,14363,False,History,True,1
wiki_rag,gemma3-12b,wiki_rag/v1,905,1,3,0,0,True,1.0,15718,False,History,True,1
wiki_rag,gemma3-12b,wiki_rag/v1,906,1,13,2,2,True,0.95,16477,False,History,True,1
wiki_rag,gemma3-12b,wiki_rag/v1,908,1,1,1,1,True,0.95,17531,False,History,True,1
wiki_rag,gemma3-12b,wiki_rag/v1,909,1,15,0,0,True,0.95,18793,False,History,True,1
wiki_rag,gemma3-12b,wiki_rag/v1,910,1,15,3,3,True,-1.0,19046,False,History,True,1
wiki_rag,gemma3-12b,wiki_rag/v1,913,1,12,3,3,True,0.95,15378,False,History,True,1
wiki_rag,gemma3-12b,wiki_rag/v1,914,1,2,2,2,True,0.95,11091,False,History,True,1
wiki_rag,gemma3-12b,wiki_rag/v1,915,1,15,1,1,True,0.95,18773,False,History,True,1
wiki_rag,gemma3-12b,wiki_rag/v1,916,1,15,1,1,True,0.95,16257,False,History,True,1
wiki_rag,gemma3-12b,wiki_rag/v1,917,1,10,1,1,True,0.8,15163,False,History,True,1
wiki_rag,gemma3-12b,wiki_rag/v1,918,1,3,2,2,True,0.99,16956,False,History,True,1
wiki_rag,gemma3-12b,wiki_rag/v1,920,1,5,3,3,True,0.99,17028,False,History,True,1
wiki_rag,gemma3-12b,wiki_rag/v1,922,1,8,1,2,False,0.95,14459,False,History,False,0
wiki_rag,gemma3-12b,wiki_rag/v1,923,1,5,0,0,True,0.99,14158,False,History,True,1
wiki_rag,gemma3-12b,wiki_rag/v1,924,1,7,2,2,True,0.95,19098,False,History,True,1
wiki_rag,gemma3-12b,wiki_rag/v1,925,1,13,0,0,True,0.95,13258,False,History,True,1
wiki_rag,gemma3-12b,wiki_rag/v1,926,1,7,2,3,False,0.95,15461,False,History,False,0
wiki_rag,gemma3-12b,wiki_rag/v1,927,1,2,1,1,True,0.99,17528,False,History,True,1
wiki_rag,gemma3-12b,wiki_rag/v1,928,1,11,0,0,True,0.95,17658,False,History,True,1
wiki_rag,gemma3-12b,wiki_rag/v1,929,1,2,2,0,False,0.95,17898,False,History,False,0
wiki_rag,gemma3-12b,wiki_rag/v1,931,1,1,1,1,True,1.0,18611,False,History,True,1
wiki_rag,gemma3-12b,wiki_rag/v1,933,1,2,1,1,True,0.99,18061,False,History,True,1
wiki_rag,gemma3-12b,wiki_rag/v1,934,1,1,2,2,True,0.95,14359,False,History,True,1
wiki_rag,gemma3-12b,wiki_rag/v1,935,1,4,2,2,True,1.0,14338,False,History,True,1
wiki_rag,gemma3-12b,wiki_rag/v1,936,1,3,0,0,True,0.95,12573,False,History,True,1
wiki_rag,gemma3-12b,wiki_rag/v1,938,1,7,3,3,True,0.95,17508,False,History,True,1
wiki_rag,gemma3-12b,wiki_rag/v1,939,1,4,1,1,True,0.95,5366,False,History,True,1
wiki_rag,gemma3-12b,wiki_rag/v1,941,1,2,0,0,True,1.0,12352,False,History,True,1
wiki_rag,gemma3-12b,wiki_rag/v1,942,1,8,1,1,True,1.0,15514,False,History,True,1
wiki_rag,gemma3-12b,wiki_rag/v1,944,1,1,1,1,True,1.0,15297,False,History,True,1
wiki_rag,gemma3-12b,wiki_rag/v1,945,1,11,0,0,True,0.99,11888,False,History,True,1
wiki_rag,gemma3-12b,wiki_rag/v1,946,1,4,3,3,True,0.99,16779,False,History,True,1
wiki_rag,gemma3-12b,wiki_rag/v1,947,1,5,3,3,True,0.99,16340,False,History,True,1
wiki_rag,gemma3-12b,wiki_rag/v1,948,1,7,2,2,True,1.0,14484,False,History,True,1
wiki_rag,gemma3-12b,wiki_rag/v1,949,1,8,0,0,True,1.0,17729,False,History,True,1
wiki_rag,gemma3-12b,wiki_rag/v1,950,1,4,0,0,True,0.95,11000,False,History,True,1
wiki_rag,gemma3-12b,wiki_rag/v1,951,1,2,3,3,True,0.9,15286,False,History,True,1
wiki_rag,gemma3-12b,wiki_rag/v1,952,1,10,0,0,True,1.0,19315,False,History,True,1
wiki_rag,gemma3-12b,wiki_rag/v1,953,1,8,3,3,True,0.99,13941,False,History,True,1
wiki_rag,gemma3-12b,wiki_rag/v1,954,1,6,0,0,True,0.9,13319,False,History,True,1
wiki_rag,gemma3-12b,wiki_rag/v1,956,1,4,2,2,True,0.95,16443,False,History,True,1
wiki_rag,gemma3-12b,wiki_rag/v1,957,1,2,3,3,True,1.0,15477,False,History,True,1
wiki_rag,gemma3-12b,wiki_rag/v1,958,1,6,2,2,True,0.95,20634,False,History,True,1
wiki_rag,gemma3-12b,wiki_rag/v1,960,1,10,1,1,True,1.0,13197,False,History,True,1
wiki_rag,gemma3-12b,wiki_rag/v1,961,1,8,2,1,False,0.95,17413,False,History,False,0
wiki_rag,gemma3-12b,wiki_rag/v1,962,1,12,1,1,True,0.95,16093,False,History,True,1
wiki_rag,gemma3-12b,wiki_rag/v1,963,1,2,3,3,True,0.99,21121,False,History,True,1
wiki_rag,gemma3-12b,wiki_rag/v1,964,1,6,1,1,True,0.95,18148,False,History,True,1
wiki_rag,gemma3-12b,wiki_rag/v1,965,1,11,0,0,True,0.95,19293,False,History,True,1
wiki_rag,gemma3-12b,wiki_rag/v1,966,1,7,1,1,True,0.95,9883,False,History,True,1
wiki_rag,gemma3-12b,wiki_rag/v1,967,1,13,3,0,False,0.95,15005,False,History,False,0
wiki_rag,gemma3-12b,wiki_rag/v1,968,1,3,2,2,True,1.0,16468,False,History,True,1
wiki_rag,gemma3-12b,wiki_rag/v1,969,1,9,3,3,True,0.95,19050,False,History,True,1
wiki_rag,gemma3-12b,wiki_rag/v1,970,1,8,1,1,True,0.98,18960,False,History,True,1
wiki_rag,gemma3-12b,wiki_rag/v1,971,1,8,3,3,True,0.95,14247,False,History,True,1
wiki_rag,gemma3-12b,wiki_rag/v1,973,1,3,0,0,True,0.95,15691,False,History,True,1
wiki_rag,gemma3-12b,wiki_rag/v1,974,1,6,3,3,True,0.95,11212,False,History,True,1
wiki_rag,gemma3-12b,wiki_rag/v1,976,1,6,2,2,True,0.95,12549,False,History,True,1
wiki_rag,gemma3-12b,wiki_rag/v1,977,1,1,2,2,True,0.95,18660,False,History,True,1
wiki_rag,gemma3-12b,wiki_rag/v1,978,1,14,1,1,True,0.95,15227,False,History,True,1
wiki_rag,gemma3-12b,wiki_rag/v1,979,1,9,2,2,True,0.9,13258,False,History,True,1
wiki_rag,gemma3-12b,wiki_rag/v1,980,1,5,3,3,True,0.95,16648,False,History,True,1
wiki_rag,gemma3-12b,wiki_rag/v1,981,1,11,3,3,True,1.0,16231,False,History,True,1
wiki_rag,gemma3-12b,wiki_rag/v1,983,1,13,0,0,True,0.95,17781,False,History,True,1
wiki_rag,gemma3-12b,wiki_rag/v1,984,1,6,2,1,False,0.95,19733,False,History,False,0
wiki_rag,gemma3-12b,wiki_rag/v1,985,1,14,3,3,True,0.9,15690,False,History,True,1
wiki_rag,gemma3-12b,wiki_rag/v1,986,1,6,3,3,True,0.99,16773,False,History,True,1
wiki_rag,gemma3-12b,wiki_rag/v1,987,1,12,3,3,True,-1.0,18896,False,History,True,1
wiki_rag,gemma3-12b,wiki_rag/v1,988,1,14,0,0,True,-1.0,19042,False,History,True,1
wiki_rag,gemma3-12b,wiki_rag/v1,989,1,6,0,0,True,0.95,16479,False,History,True,1
wiki_rag,gemma3-12b,wiki_rag/v1,991,1,4,1,1,True,0.95,13060,False,History,True,1
wiki_rag,gemma3-12b,wiki_rag/v1,992,1,8,2,2,True,0.99,12373,False,History,True,1
wiki_rag,gemma3-12b,wiki_rag/v1,993,1,11,2,2,True,0.95,12745,False,History,True,1
wiki_rag,gemma3-12b,wiki_rag/v1,994,1,1,3,3,True,0.9,12946,False,History,True,1
wiki_rag,gemma3-12b,wiki_rag/v1,995,1,1,3,3,True,0.95,17727,False,History,True,1
wiki_rag,gemma3-12b,wiki_rag/v1,996,1,6,0,0,True,0.99,15970,False,History,True,1
wiki_rag,gemma3-12b,wiki_rag/v1,997,1,15,1,1,True,1.0,17415,False,History,True,1
wiki_rag,gemma3-12b,wiki_rag/v1,998,1,9,0,0,True,0.99,16382,False,History,True,1
wiki_rag,gemma3-12b,wiki_rag/v1,999,1,5,0,0,True,0.9,15762,False,History,True,1
wiki_rag,gemma3-12b,wiki_rag/v1,1000,1,12,1,1,True,0.95,15241,False,History,True,1
wiki_rag,gemma3-12b,wiki_rag/v1,1001,1,9,2,2,True,0.95,14802,False,History,True,1
wiki_rag,gemma3-12b,wiki_rag/v1,1002,1,2,1,1,True,0.99,12980,False,History,True,1
wiki_rag,gemma3-12b,wiki_rag/v1,1004,1,1,0,0,True,0.9,17073,False,History,True,1
wiki_rag,gemma3-12b,wiki_rag/v1,1005,1,5,1,1,True,0.99,16711,False,History,True,1
wiki_rag,gemma3-12b,wiki_rag/v1,1007,1,5,2,2,True,0.95,17856,False,History,True,1
wiki_rag,gemma3-12b,wiki_rag/v1,1009,1,2,3,2,False,0.95,12367,False,History,False,0
wiki_rag,gemma3-12b,wiki_rag/v1,1010,1,10,2,2,True,0.95,16823,False,History,True,1
wiki_rag,gemma3-12b,wiki_rag/v1,1011,1,1,2,2,True,0.95,19245,False,History,True,1
wiki_rag,gemma3-12b,wiki_rag/v1,1012,1,3,2,2,True,0.95,19500,False,History,True,1
wiki_rag,gemma3-12b,wiki_rag/v1,1014,1,3,2,2,True,0.99,13305,False,History,True,1
wiki_rag,gemma3-12b,wiki_rag/v1,1015,1,12,1,1,True,0.95,18318,False,History,True,1
wiki_rag,gemma3-12b,wiki_rag/v1,1016,1,6,0,0,True,1.0,15806,False,History,True,1
wiki_rag,gemma3-12b,wiki_rag/v1,1017,1,1,1,1,True,0.95,17604,False,History,True,1
wiki_rag,gemma3-12b,wiki_rag/v1,1018,1,14,2,2,True,0.95,12707,False,History,True,1
wiki_rag,gemma3-12b,wiki_rag/v1,1019,1,2,0,0,True,0.95,15067,False,History,True,1
wiki_rag,gemma3-12b,wiki_rag/v1,1020,1,6,3,3,True,0.95,18168,False,History,True,1
wiki_rag,gemma3-12b,wiki_rag/v1,1021,1,2,1,0,False,0.95,19298,False,History,False,0
wiki_rag,gemma3-12b,wiki_rag/v1,1022,1,12,2,2,True,0.95,17622,False,History,True,1
wiki_rag,gemma3-12b,wiki_rag/v1,1023,1,8,0,1,False,0.95,13465,False,History,False,0
wiki_rag,gemma3-12b,wiki_rag/v1,1024,1,8,1,1,True,0.95,16439,False,History,True,1
wiki_rag,gemma3-12b,wiki_rag/v1,1025,1,2,3,3,True,1.0,19108,False,History,True,1
wiki_rag,gemma3-12b,wiki_rag/v1,1026,1,11,1,1,True,0.95,13650,False,History,True,1
wiki_rag,gemma3-12b,wiki_rag/v1,1030,1,12,2,0,False,268.0,18676,False,History,False,0
wiki_rag,gemma3-12b,wiki_rag/v1,1031,1,13,3,3,True,-1.0,17824,False,History,True,1
wiki_rag,gemma3-12b,wiki_rag/v1,1032,1,11,0,0,True,0.8,15367,False,History,True,1
wiki_rag,gemma3-12b,wiki_rag/v1,1033,1,2,2,2,True,0.99,16334,False,History,True,1
wiki_rag,gemma3-12b,wiki_rag/v1,1034,1,1,3,3,True,0.95,15418,False,History,True,1
wiki_rag,gemma3-12b,wiki_rag/v1,1035,1,7,3,3,True,0.95,17629,False,History,True,1
wiki_rag,gemma3-12b,wiki_rag/v1,1036,1,2,2,2,True,0.95,16966,False,History,True,1
wiki_rag,gemma3-12b,wiki_rag/v1,1037,1,12,1,1,True,0.95,17651,False,History,True,1
wiki_rag,gemma3-12b,wiki_rag/v1,1038,1,15,1,1,True,0.95,16764,False,History,True,1
wiki_rag,gemma3-12b,wiki_rag/v1,1039,1,7,1,1,True,1.0,18078,False,History,True,1
wiki_rag,gemma3-12b,wiki_rag/v1,1040,1,6,2,2,True,1.0,13855,False,History,True,1
wiki_rag,gemma3-12b,wiki_rag/v1,1041,1,6,3,3,True,0.99,14430,False,History,True,1
wiki_rag,gemma3-12b,wiki_rag/v1,1042,1,8,3,3,True,0.95,18244,False,History,True,1
wiki_rag,gemma3-12b,wiki_rag/v1,1044,1,8,3,3,True,0.95,14959,False,History,True,1
wiki_rag,gemma3-12b,wiki_rag/v1,1045,1,11,1,1,True,0.95,16267,False,History,True,1
wiki_rag,gemma3-12b,wiki_rag/v1,1046,1,12,2,2,True,0.95,15045,False,History,True,1
wiki_rag,gemma3-12b,wiki_rag/v1,1047,1,14,1,1,True,0.9,16319,False,History,True,1
wiki_rag,gemma3-12b,wiki_rag/v1,1048,1,4,0,0,True,0.9886782779964461,19529,False,History,True,1
wiki_rag,gemma3-12b,wiki_rag/v1,1049,1,6,3,3,True,0.95,15866,False,History,True,1
wiki_rag,gemma3-12b,wiki_rag/v1,1050,1,7,1,1,True,0.95,14009,False,History,True,1
wiki_rag,gemma3-12b,wiki_rag/v1,1052,1,5,3,3,True,0.9,16337,False,History,True,1
wiki_rag,gemma3-12b,wiki_rag/v1,1053,1,12,0,0,True,0.95,11936,False,History,True,1
wiki_rag,gemma3-12b,wiki_rag/v1,1054,1,12,1,1,True,0.99,17958,False,History,True,1
wiki_rag,gemma3-12b,wiki_rag/v1,1055,1,3,1,1,True,0.9,17211,False,History,True,1
wiki_rag,gemma3-12b,wiki_rag/v1,1056,1,6,1,1,True,0.95,12438,False,History,True,1
wiki_rag,gemma3-12b,wiki_rag/v1,1057,1,5,1,1,True,0.99,16039,False,History,True,1
wiki_rag,gemma3-12b,wiki_rag/v1,1058,1,11,0,0,True,0.95,15259,False,History,True,1
wiki_rag,gemma3-12b,wiki_rag/v1,1059,1,7,2,2,True,0.95,5648,False,History,True,1
wiki_rag,gemma3-12b,wiki_rag/v1,1060,1,15,3,3,True,0.95,10022,False,History,True,1
wiki_rag,gemma3-12b,wiki_rag/v1,1062,1,11,2,2,True,0.9,15269,False,History,True,1
wiki_rag,gemma3-12b,wiki_rag/v1,1063,1,7,2,2,True,0.95,16902,False,History,True,1
wiki_rag,gemma3-12b,wiki_rag/v1,1064,1,7,0,0,True,1.0,11782,False,History,True,1
wiki_rag,gemma3-12b,wiki_rag/v1,1065,1,2,2,2,True,1.0,19340,False,History,True,1
wiki_rag,gemma3-12b,wiki_rag/v1,1066,1,7,2,2,True,0.95,15312,False,History,True,1
wiki_rag,gemma3-12b,wiki_rag/v1,1067,1,6,0,2,False,0.95,18329,False,History,False,0
wiki_rag,gemma3-12b,wiki_rag/v1,1068,1,5,2,2,True,0.99,12924,False,History,True,1
wiki_rag,gemma3-12b,wiki_rag/v1,1069,1,7,2,2,True,0.95,15123,False,History,True,1
wiki_rag,gemma3-12b,wiki_rag/v1,1071,1,1,3,1,False,0.95,16514,False,History,False,0
wiki_rag,gemma3-12b,wiki_rag/v1,1072,1,3,2,0,False,0.95,18162,False,History,False,0
wiki_rag,gemma3-12b,wiki_rag/v1,1073,1,11,3,3,True,0.95,16724,False,History,True,1
dynamic_few_shot_k3,gemma3-12b,v2_json_fewshot_k3,841,1,4,1,3,False,1.0,10945,False,History,False,0
dynamic_few_shot_k3,gemma3-12b,v2_json_fewshot_k3,843,1,9,0,0,True,1.0,14325,False,History,True,1
dynamic_few_shot_k3,gemma3-12b,v2_json_fewshot_k3,844,1,2,3,3,True,1.0,13325,False,History,True,1
dynamic_few_shot_k3,gemma3-12b,v2_json_fewshot_k3,845,1,14,2,2,True,1.0,9273,False,History,True,1
dynamic_few_shot_k3,gemma3-12b,v2_json_fewshot_k3,846,1,15,3,3,True,1.0,9748,False,History,True,1
dynamic_few_shot_k3,gemma3-12b,v2_json_fewshot_k3,847,1,1,3,2,False,1.0,16624,False,History,False,0
dynamic_few_shot_k3,gemma3-12b,v2_json_fewshot_k3,848,1,5,0,0,True,1.0,10239,False,History,True,1
dynamic_few_shot_k3,gemma3-12b,v2_json_fewshot_k3,850,1,2,1,1,True,1.0,10281,False,History,True,1
dynamic_few_shot_k3,gemma3-12b,v2_json_fewshot_k3,851,1,2,2,2,True,1.0,5850,False,History,True,1
dynamic_few_shot_k3,gemma3-12b,v2_json_fewshot_k3,852,1,1,2,2,True,1.0,10137,False,History,True,1
dynamic_few_shot_k3,gemma3-12b,v2_json_fewshot_k3,853,1,3,3,3,True,1.0,10043,False,History,True,1
dynamic_few_shot_k3,gemma3-12b,v2_json_fewshot_k3,854,1,3,2,2,True,1.0,10739,False,History,True,1
dynamic_few_shot_k3,gemma3-12b,v2_json_fewshot_k3,855,1,9,3,3,True,1.0,13117,False,History,True,1
dynamic_few_shot_k3,gemma3-12b,v2_json_fewshot_k3,856,1,1,3,3,True,1.0,9391,False,History,True,1
dynamic_few_shot_k3,gemma3-12b,v2_json_fewshot_k3,857,1,13,1,1,True,1.0,9343,False,History,True,1
dynamic_few_shot_k3,gemma3-12b,v2_json_fewshot_k3,858,1,5,2,2,True,1.0,14202,False,History,True,1
dynamic_few_shot_k3,gemma3-12b,v2_json_fewshot_k3,860,1,6,2,2,True,1.0,12280,False,History,True,1
dynamic_few_shot_k3,gemma3-12b,v2_json_fewshot_k3,861,1,7,3,3,True,1.0,11844,False,History,True,1
dynamic_few_shot_k3,gemma3-12b,v2_json_fewshot_k3,863,1,6,0,0,True,1.0,13207,False,History,True,1
dynamic_few_shot_k3,gemma3-12b,v2_json_fewshot_k3,864,1,12,0,0,True,1.0,11366,False,History,True,1
dynamic_few_shot_k3,gemma3-12b,v2_json_fewshot_k3,865,1,7,1,1,True,1.0,11074,False,History,True,1
dynamic_few_shot_k3,gemma3-12b,v2_json_fewshot_k3,866,1,4,0,0,True,1.0,12990,False,History,True,1
dynamic_few_shot_k3,gemma3-12b,v2_json_fewshot_k3,867,1,4,1,1,True,1.0,13270,False,History,True,1
dynamic_few_shot_k3,gemma3-12b,v2_json_fewshot_k3,868,1,5,1,1,True,1.0,11127,False,History,True,1
dynamic_few_shot_k3,gemma3-12b,v2_json_fewshot_k3,869,1,1,0,0,True,1.0,11899,False,History,True,1
dynamic_few_shot_k3,gemma3-12b,v2_json_fewshot_k3,870,1,5,2,2,True,1.0,11396,False,History,True,1
dynamic_few_shot_k3,gemma3-12b,v2_json_fewshot_k3,871,1,13,1,1,True,1.0,10970,False,History,True,1
dynamic_few_shot_k3,gemma3-12b,v2_json_fewshot_k3,872,1,15,0,0,True,1.0,13491,False,History,True,1
dynamic_few_shot_k3,gemma3-12b,v2_json_fewshot_k3,873,1,1,0,0,True,1.0,10539,False,History,True,1
dynamic_few_shot_k3,gemma3-12b,v2_json_fewshot_k3,874,1,12,0,0,True,1.0,12505,False,History,True,1
dynamic_few_shot_k3,gemma3-12b,v2_json_fewshot_k3,875,1,1,0,0,True,1.0,12251,False,History,True,1
dynamic_few_shot_k3,gemma3-12b,v2_json_fewshot_k3,876,1,6,3,3,True,1.0,15384,False,History,True,1
dynamic_few_shot_k3,gemma3-12b,v2_json_fewshot_k3,877,1,9,0,0,True,1.0,12729,False,History,True,1
dynamic_few_shot_k3,gemma3-12b,v2_json_fewshot_k3,878,1,7,1,1,True,1.0,12026,False,History,True,1
dynamic_few_shot_k3,gemma3-12b,v2_json_fewshot_k3,879,1,4,1,1,True,1.0,13126,False,History,True,1
dynamic_few_shot_k3,gemma3-12b,v2_json_fewshot_k3,880,1,5,2,2,True,1.0,11543,False,History,True,1
dynamic_few_shot_k3,gemma3-12b,v2_json_fewshot_k3,882,1,12,3,3,True,1.0,12097,False,History,True,1
dynamic_few_shot_k3,gemma3-12b,v2_json_fewshot_k3,883,1,7,1,1,True,1.0,7924,False,History,True,1
dynamic_few_shot_k3,gemma3-12b,v2_json_fewshot_k3,884,1,5,1,1,True,0.95,12690,False,History,True,1
dynamic_few_shot_k3,gemma3-12b,v2_json_fewshot_k3,886,1,1,3,0,False,1.0,11660,False,History,False,0
dynamic_few_shot_k3,gemma3-12b,v2_json_fewshot_k3,887,1,10,3,3,True,1.0,12674,False,History,True,1
dynamic_few_shot_k3,gemma3-12b,v2_json_fewshot_k3,888,1,1,0,0,True,1.0,9835,False,History,True,1
dynamic_few_shot_k3,gemma3-12b,v2_json_fewshot_k3,889,1,3,0,0,True,1.0,14367,False,History,True,1
dynamic_few_shot_k3,gemma3-12b,v2_json_fewshot_k3,890,1,6,3,3,True,1.0,14179,False,History,True,1
dynamic_few_shot_k3,gemma3-12b,v2_json_fewshot_k3,891,1,8,2,2,True,1.0,12168,False,History,True,1
dynamic_few_shot_k3,gemma3-12b,v2_json_fewshot_k3,892,1,6,2,2,True,1.0,14993,False,History,True,1
dynamic_few_shot_k3,gemma3-12b,v2_json_fewshot_k3,893,1,2,3,3,True,1.0,15736,False,History,True,1
dynamic_few_shot_k3,gemma3-12b,v2_json_fewshot_k3,894,1,2,1,1,True,1.0,11432,False,History,True,1
dynamic_few_shot_k3,gemma3-12b,v2_json_fewshot_k3,895,1,13,2,1,False,1.0,18719,False,History,False,0
dynamic_few_shot_k3,gemma3-12b,v2_json_fewshot_k3,896,1,8,0,0,True,1.0,7900,False,History,True,1
dynamic_few_shot_k3,gemma3-12b,v2_json_fewshot_k3,897,1,7,1,1,True,0.95,15321,False,History,True,1
dynamic_few_shot_k3,gemma3-12b,v2_json_fewshot_k3,898,1,6,0,0,True,1.0,15935,False,History,True,1
dynamic_few_shot_k3,gemma3-12b,v2_json_fewshot_k3,899,1,6,3,3,True,1.0,9432,False,History,True,1
dynamic_few_shot_k3,gemma3-12b,v2_json_fewshot_k3,900,1,1,0,0,True,1.0,15391,False,History,True,1
dynamic_few_shot_k3,gemma3-12b,v2_json_fewshot_k3,901,1,12,1,1,True,1.0,16114,False,History,True,1
dynamic_few_shot_k3,gemma3-12b,v2_json_fewshot_k3,902,1,4,2,2,True,1.0,14759,False,History,True,1
dynamic_few_shot_k3,gemma3-12b,v2_json_fewshot_k3,903,1,5,3,3,True,1.0,9472,False,History,True,1
dynamic_few_shot_k3,gemma3-12b,v2_json_fewshot_k3,904,1,8,1,1,True,1.0,13279,False,History,True,1
dynamic_few_shot_k3,gemma3-12b,v2_json_fewshot_k3,905,1,3,0,0,True,1.0,10448,False,History,True,1
dynamic_few_shot_k3,gemma3-12b,v2_json_fewshot_k3,906,1,13,2,2,True,0.95,15910,False,History,True,1
dynamic_few_shot_k3,gemma3-12b,v2_json_fewshot_k3,908,1,1,1,1,True,1.0,7881,False,History,True,1
dynamic_few_shot_k3,gemma3-12b,v2_json_fewshot_k3,909,1,15,0,0,True,1.0,18279,False,History,True,1
dynamic_few_shot_k3,gemma3-12b,v2_json_fewshot_k3,910,1,15,3,3,True,1.0,14407,False,History,True,1
dynamic_few_shot_k3,gemma3-12b,v2_json_fewshot_k3,913,1,12,3,3,True,1.0,13298,False,History,True,1
dynamic_few_shot_k3,gemma3-12b,v2_json_fewshot_k3,914,1,2,2,2,True,1.0,6081,False,History,True,1
dynamic_few_shot_k3,gemma3-12b,v2_json_fewshot_k3,915,1,15,1,1,True,1.0,8245,False,History,True,1
dynamic_few_shot_k3,gemma3-12b,v2_json_fewshot_k3,916,1,15,1,1,True,1.0,14246,False,History,True,1
dynamic_few_shot_k3,gemma3-12b,v2_json_fewshot_k3,917,1,10,0,1,False,1.0,16504,False,History,False,0
dynamic_few_shot_k3,gemma3-12b,v2_json_fewshot_k3,918,1,3,2,2,True,1.0,12987,False,History,True,1
dynamic_few_shot_k3,gemma3-12b,v2_json_fewshot_k3,920,1,5,3,3,True,1.0,11983,False,History,True,1
dynamic_few_shot_k3,gemma3-12b,v2_json_fewshot_k3,922,1,8,2,2,True,1.0,13148,False,History,True,1
dynamic_few_shot_k3,gemma3-12b,v2_json_fewshot_k3,923,1,5,0,0,True,1.0,8250,False,History,True,1
dynamic_few_shot_k3,gemma3-12b,v2_json_fewshot_k3,924,1,7,2,2,True,1.0,11233,False,History,True,1
dynamic_few_shot_k3,gemma3-12b,v2_json_fewshot_k3,925,1,13,0,0,True,1.0,6250,False,History,True,1
dynamic_few_shot_k3,gemma3-12b,v2_json_fewshot_k3,926,1,7,2,3,False,0.95,9356,False,History,False,0
dynamic_few_shot_k3,gemma3-12b,v2_json_fewshot_k3,927,1,2,1,1,True,1.0,10949,False,History,True,1
dynamic_few_shot_k3,gemma3-12b,v2_json_fewshot_k3,928,1,11,0,0,True,1.0,12276,False,History,True,1
dynamic_few_shot_k3,gemma3-12b,v2_json_fewshot_k3,929,1,2,0,0,True,1.0,13664,False,History,True,1
dynamic_few_shot_k3,gemma3-12b,v2_json_fewshot_k3,931,1,1,1,1,True,1.0,13492,False,History,True,1
dynamic_few_shot_k3,gemma3-12b,v2_json_fewshot_k3,933,1,2,1,1,True,1.0,15196,False,History,True,1
dynamic_few_shot_k3,gemma3-12b,v2_json_fewshot_k3,934,1,1,2,2,True,1.0,9539,False,History,True,1
dynamic_few_shot_k3,gemma3-12b,v2_json_fewshot_k3,935,1,4,2,2,True,1.0,7971,False,History,True,1
dynamic_few_shot_k3,gemma3-12b,v2_json_fewshot_k3,936,1,3,0,0,True,1.0,7410,False,History,True,1
dynamic_few_shot_k3,gemma3-12b,v2_json_fewshot_k3,938,1,7,3,3,True,1.0,15342,False,History,True,1
dynamic_few_shot_k3,gemma3-12b,v2_json_fewshot_k3,939,1,4,1,1,True,0.95,13321,False,History,True,1
dynamic_few_shot_k3,gemma3-12b,v2_json_fewshot_k3,941,1,2,0,0,True,1.0,10227,False,History,True,1
dynamic_few_shot_k3,gemma3-12b,v2_json_fewshot_k3,942,1,8,0,1,False,1.0,12048,False,History,False,0
dynamic_few_shot_k3,gemma3-12b,v2_json_fewshot_k3,944,1,1,1,1,True,1.0,14104,False,History,True,1
dynamic_few_shot_k3,gemma3-12b,v2_json_fewshot_k3,945,1,11,0,0,True,1.0,10573,False,History,True,1
dynamic_few_shot_k3,gemma3-12b,v2_json_fewshot_k3,946,1,4,3,3,True,1.0,9128,False,History,True,1
dynamic_few_shot_k3,gemma3-12b,v2_json_fewshot_k3,947,1,5,3,3,True,1.0,5342,False,History,True,1
dynamic_few_shot_k3,gemma3-12b,v2_json_fewshot_k3,948,1,7,2,2,True,1.0,9514,False,History,True,1
dynamic_few_shot_k3,gemma3-12b,v2_json_fewshot_k3,949,1,8,0,0,True,1.0,11818,False,History,True,1
dynamic_few_shot_k3,gemma3-12b,v2_json_fewshot_k3,950,1,4,0,0,True,1.0,12336,False,History,True,1
dynamic_few_shot_k3,gemma3-12b,v2_json_fewshot_k3,951,1,2,3,3,True,1.0,7994,False,History,True,1
dynamic_few_shot_k3,gemma3-12b,v2_json_fewshot_k3,952,1,10,0,0,True,1.0,10879,False,History,True,1
dynamic_few_shot_k3,gemma3-12b,v2_json_fewshot_k3,953,1,8,3,3,True,1.0,8354,False,History,True,1
dynamic_few_shot_k3,gemma3-12b,v2_json_fewshot_k3,954,1,6,0,0,True,0.95,14972,False,History,True,1
dynamic_few_shot_k3,gemma3-12b,v2_json_fewshot_k3,956,1,4,2,2,True,1.0,14818,False,History,True,1
dynamic_few_shot_k3,gemma3-12b,v2_json_fewshot_k3,957,1,2,2,3,False,1.0,7538,False,History,False,0
dynamic_few_shot_k3,gemma3-12b,v2_json_fewshot_k3,958,1,6,2,2,True,1.0,14500,False,History,True,1
dynamic_few_shot_k3,gemma3-12b,v2_json_fewshot_k3,960,1,10,1,1,True,1.0,11107,False,History,True,1
dynamic_few_shot_k3,gemma3-12b,v2_json_fewshot_k3,961,1,8,2,1,False,1.0,14076,False,History,False,0
dynamic_few_shot_k3,gemma3-12b,v2_json_fewshot_k3,962,1,12,1,1,True,1.0,12266,False,History,True,1
dynamic_few_shot_k3,gemma3-12b,v2_json_fewshot_k3,963,1,2,3,3,True,1.0,10873,False,History,True,1
dynamic_few_shot_k3,gemma3-12b,v2_json_fewshot_k3,964,1,6,1,1,True,1.0,9670,False,History,True,1
dynamic_few_shot_k3,gemma3-12b,v2_json_fewshot_k3,965,1,11,0,0,True,1.0,10826,False,History,True,1
dynamic_few_shot_k3,gemma3-12b,v2_json_fewshot_k3,966,1,7,1,1,True,1.0,13749,False,History,True,1
dynamic_few_shot_k3,gemma3-12b,v2_json_fewshot_k3,967,1,13,0,0,True,0.8,15133,False,History,True,1
dynamic_few_shot_k3,gemma3-12b,v2_json_fewshot_k3,968,1,3,2,2,True,1.0,16418,False,History,True,1
dynamic_few_shot_k3,gemma3-12b,v2_json_fewshot_k3,969,1,9,3,3,True,1.0,13027,False,History,True,1
dynamic_few_shot_k3,gemma3-12b,v2_json_fewshot_k3,970,1,8,2,1,False,0.9,16928,False,History,False,0
dynamic_few_shot_k3,gemma3-12b,v2_json_fewshot_k3,971,1,8,3,3,True,0.95,11395,False,History,True,1
dynamic_few_shot_k3,gemma3-12b,v2_json_fewshot_k3,973,1,3,0,0,True,1.0,12268,False,History,True,1
dynamic_few_shot_k3,gemma3-12b,v2_json_fewshot_k3,974,1,6,3,3,True,1.0,15294,False,History,True,1
dynamic_few_shot_k3,gemma3-12b,v2_json_fewshot_k3,976,1,6,2,2,True,1.0,14973,False,History,True,1
dynamic_few_shot_k3,gemma3-12b,v2_json_fewshot_k3,977,1,1,2,2,True,1.0,14679,False,History,True,1
dynamic_few_shot_k3,gemma3-12b,v2_json_fewshot_k3,978,1,14,1,1,True,1.0,10533,False,History,True,1
dynamic_few_shot_k3,gemma3-12b,v2_json_fewshot_k3,979,1,9,2,2,True,1.0,15672,False,History,True,1
dynamic_few_shot_k3,gemma3-12b,v2_json_fewshot_k3,980,1,5,3,3,True,1.0,11897,False,History,True,1
dynamic_few_shot_k3,gemma3-12b,v2_json_fewshot_k3,981,1,11,3,3,True,0.9,12323,False,History,True,1
dynamic_few_shot_k3,gemma3-12b,v2_json_fewshot_k3,983,1,13,0,0,True,1.0,12211,False,History,True,1
dynamic_few_shot_k3,gemma3-12b,v2_json_fewshot_k3,984,1,6,1,1,True,1.0,16305,False,History,True,1
dynamic_few_shot_k3,gemma3-12b,v2_json_fewshot_k3,985,1,14,3,3,True,1.0,9274,False,History,True,1
dynamic_few_shot_k3,gemma3-12b,v2_json_fewshot_k3,986,1,6,3,3,True,1.0,11561,False,History,True,1
dynamic_few_shot_k3,gemma3-12b,v2_json_fewshot_k3,987,1,12,3,3,True,1.0,13245,False,History,True,1
dynamic_few_shot_k3,gemma3-12b,v2_json_fewshot_k3,988,1,14,0,0,True,1.0,11502,False,History,True,1
dynamic_few_shot_k3,gemma3-12b,v2_json_fewshot_k3,989,1,6,0,0,True,1.0,14893,False,History,True,1
dynamic_few_shot_k3,gemma3-12b,v2_json_fewshot_k3,991,1,4,1,1,True,1.0,7662,False,History,True,1
dynamic_few_shot_k3,gemma3-12b,v2_json_fewshot_k3,992,1,8,2,2,True,1.0,10575,False,History,True,1
dynamic_few_shot_k3,gemma3-12b,v2_json_fewshot_k3,993,1,11,2,2,True,1.0,14927,False,History,True,1
dynamic_few_shot_k3,gemma3-12b,v2_json_fewshot_k3,994,1,1,3,3,True,1.0,9603,False,History,True,1
dynamic_few_shot_k3,gemma3-12b,v2_json_fewshot_k3,995,1,1,3,3,True,1.0,11290,False,History,True,1
dynamic_few_shot_k3,gemma3-12b,v2_json_fewshot_k3,996,1,6,0,0,True,1.0,10774,False,History,True,1
dynamic_few_shot_k3,gemma3-12b,v2_json_fewshot_k3,997,1,15,1,1,True,1.0,18493,False,History,True,1
dynamic_few_shot_k3,gemma3-12b,v2_json_fewshot_k3,998,1,9,0,0,True,1.0,13614,False,History,True,1
dynamic_few_shot_k3,gemma3-12b,v2_json_fewshot_k3,999,1,5,0,0,True,1.0,10251,False,History,True,1
dynamic_few_shot_k3,gemma3-12b,v2_json_fewshot_k3,1000,1,12,1,1,True,1.0,9744,False,History,True,1
dynamic_few_shot_k3,gemma3-12b,v2_json_fewshot_k3,1001,1,9,2,2,True,1.0,12905,False,History,True,1
dynamic_few_shot_k3,gemma3-12b,v2_json_fewshot_k3,1002,1,2,1,1,True,1.0,8843,False,History,True,1
dynamic_few_shot_k3,gemma3-12b,v2_json_fewshot_k3,1004,1,1,0,0,True,1.0,10986,False,History,True,1
dynamic_few_shot_k3,gemma3-12b,v2_json_fewshot_k3,1005,1,5,1,1,True,1.0,10281,False,History,True,1
dynamic_few_shot_k3,gemma3-12b,v2_json_fewshot_k3,1007,1,5,2,2,True,1.0,13147,False,History,True,1
dynamic_few_shot_k3,gemma3-12b,v2_json_fewshot_k3,1009,1,2,2,2,True,1.0,10074,False,History,True,1
dynamic_few_shot_k3,gemma3-12b,v2_json_fewshot_k3,1010,1,10,2,2,True,1.0,14498,False,History,True,1
dynamic_few_shot_k3,gemma3-12b,v2_json_fewshot_k3,1011,1,1,2,2,True,1.0,8386,False,History,True,1
dynamic_few_shot_k3,gemma3-12b,v2_json_fewshot_k3,1012,1,3,2,2,True,1.0,14045,False,History,True,1
dynamic_few_shot_k3,gemma3-12b,v2_json_fewshot_k3,1014,1,3,2,2,True,1.0,10607,False,History,True,1
dynamic_few_shot_k3,gemma3-12b,v2_json_fewshot_k3,1015,1,12,1,1,True,1.0,9302,False,History,True,1
dynamic_few_shot_k3,gemma3-12b,v2_json_fewshot_k3,1016,1,6,0,0,True,1.0,14852,False,History,True,1
dynamic_few_shot_k3,gemma3-12b,v2_json_fewshot_k3,1017,1,1,1,1,True,1.0,10023,False,History,True,1
dynamic_few_shot_k3,gemma3-12b,v2_json_fewshot_k3,1018,1,14,2,2,True,1.0,15125,False,History,True,1
dynamic_few_shot_k3,gemma3-12b,v2_json_fewshot_k3,1019,1,2,2,0,False,1.0,11073,False,History,False,0
dynamic_few_shot_k3,gemma3-12b,v2_json_fewshot_k3,1020,1,6,3,3,True,1.0,15201,False,History,True,1
dynamic_few_shot_k3,gemma3-12b,v2_json_fewshot_k3,1021,1,2,0,0,True,1.0,10961,False,History,True,1
dynamic_few_shot_k3,gemma3-12b,v2_json_fewshot_k3,1022,1,12,1,2,False,0.95,12258,False,History,False,0
dynamic_few_shot_k3,gemma3-12b,v2_json_fewshot_k3,1023,1,8,0,1,False,1.0,12891,False,History,False,0
dynamic_few_shot_k3,gemma3-12b,v2_json_fewshot_k3,1024,1,8,1,1,True,1.0,11228,False,History,True,1
dynamic_few_shot_k3,gemma3-12b,v2_json_fewshot_k3,1025,1,2,3,3,True,1.0,13932,False,History,True,1
dynamic_few_shot_k3,gemma3-12b,v2_json_fewshot_k3,1026,1,11,3,1,False,1.0,11072,False,History,False,0
dynamic_few_shot_k3,gemma3-12b,v2_json_fewshot_k3,1030,1,12,0,0,True,1.0,10156,False,History,True,1
dynamic_few_shot_k3,gemma3-12b,v2_json_fewshot_k3,1031,1,13,3,3,True,1.0,15138,False,History,True,1
dynamic_few_shot_k3,gemma3-12b,v2_json_fewshot_k3,1032,1,11,2,0,False,1.0,6477,False,History,False,0
dynamic_few_shot_k3,gemma3-12b,v2_json_fewshot_k3,1033,1,2,2,2,True,1.0,11241,False,History,True,1
dynamic_few_shot_k3,gemma3-12b,v2_json_fewshot_k3,1034,1,1,3,3,True,1.0,13953,False,History,True,1
dynamic_few_shot_k3,gemma3-12b,v2_json_fewshot_k3,1035,1,7,3,3,True,1.0,16609,False,History,True,1
dynamic_few_shot_k3,gemma3-12b,v2_json_fewshot_k3,1036,1,2,2,2,True,1.0,11572,False,History,True,1
dynamic_few_shot_k3,gemma3-12b,v2_json_fewshot_k3,1037,1,12,2,1,False,1.0,17393,False,History,False,0
dynamic_few_shot_k3,gemma3-12b,v2_json_fewshot_k3,1038,1,15,1,1,True,1.0,13604,False,History,True,1
dynamic_few_shot_k3,gemma3-12b,v2_json_fewshot_k3,1039,1,7,1,1,True,1.0,12503,False,History,True,1
dynamic_few_shot_k3,gemma3-12b,v2_json_fewshot_k3,1040,1,6,0,2,False,0.95,14758,False,History,False,0
dynamic_few_shot_k3,gemma3-12b,v2_json_fewshot_k3,1041,1,6,3,3,True,0.95,13439,False,History,True,1
dynamic_few_shot_k3,gemma3-12b,v2_json_fewshot_k3,1042,1,8,3,3,True,1.0,12357,False,History,True,1
dynamic_few_shot_k3,gemma3-12b,v2_json_fewshot_k3,1044,1,8,0,3,False,1.0,13107,False,History,False,0
dynamic_few_shot_k3,gemma3-12b,v2_json_fewshot_k3,1045,1,11,1,1,True,1.0,15579,False,History,True,1
dynamic_few_shot_k3,gemma3-12b,v2_json_fewshot_k3,1046,1,12,2,2,True,1.0,14448,False,History,True,1
dynamic_few_shot_k3,gemma3-12b,v2_json_fewshot_k3,1047,1,14,1,1,True,1.0,13978,False,History,True,1
dynamic_few_shot_k3,gemma3-12b,v2_json_fewshot_k3,1048,1,4,0,0,True,1.0,16748,False,History,True,1
dynamic_few_shot_k3,gemma3-12b,v2_json_fewshot_k3,1049,1,6,3,3,True,1.0,15612,False,History,True,1
dynamic_few_shot_k3,gemma3-12b,v2_json_fewshot_k3,1050,1,7,1,1,True,1.0,11751,False,History,True,1
dynamic_few_shot_k3,gemma3-12b,v2_json_fewshot_k3,1052,1,5,3,3,True,1.0,10303,False,History,True,1
dynamic_few_shot_k3,gemma3-12b,v2_json_fewshot_k3,1053,1,12,0,0,True,1.0,10248,False,History,True,1
dynamic_few_shot_k3,gemma3-12b,v2_json_fewshot_k3,1054,1,12,1,1,True,1.0,10959,False,History,True,1
dynamic_few_shot_k3,gemma3-12b,v2_json_fewshot_k3,1055,1,3,1,1,True,1.0,11418,False,History,True,1
dynamic_few_shot_k3,gemma3-12b,v2_json_fewshot_k3,1056,1,6,1,1,True,1.0,12520,False,History,True,1
dynamic_few_shot_k3,gemma3-12b,v2_json_fewshot_k3,1057,1,5,1,1,True,1.0,10686,False,History,True,1
dynamic_few_shot_k3,gemma3-12b,v2_json_fewshot_k3,1058,1,11,0,0,True,1.0,15103,False,History,True,1
dynamic_few_shot_k3,gemma3-12b,v2_json_fewshot_k3,1059,1,7,2,2,True,1.0,9550,False,History,True,1
dynamic_few_shot_k3,gemma3-12b,v2_json_fewshot_k3,1060,1,15,3,3,True,1.0,11178,False,History,True,1
dynamic_few_shot_k3,gemma3-12b,v2_json_fewshot_k3,1062,1,11,1,2,False,1.0,11983,False,History,False,0
dynamic_few_shot_k3,gemma3-12b,v2_json_fewshot_k3,1063,1,7,2,2,True,1.0,15368,False,History,True,1
dynamic_few_shot_k3,gemma3-12b,v2_json_fewshot_k3,1064,1,7,0,0,True,1.0,11070,False,History,True,1
dynamic_few_shot_k3,gemma3-12b,v2_json_fewshot_k3,1065,1,2,0,2,False,1.0,8456,False,History,False,0
dynamic_few_shot_k3,gemma3-12b,v2_json_fewshot_k3,1066,1,7,2,2,True,1.0,14900,False,History,True,1
dynamic_few_shot_k3,gemma3-12b,v2_json_fewshot_k3,1067,1,6,0,2,False,1.0,11107,False,History,False,0
dynamic_few_shot_k3,gemma3-12b,v2_json_fewshot_k3,1068,1,5,2,2,True,1.0,12600,False,History,True,1
dynamic_few_shot_k3,gemma3-12b,v2_json_fewshot_k3,1069,1,7,2,2,True,1.0,12050,False,History,True,1
dynamic_few_shot_k3,gemma3-12b,v2_json_fewshot_k3,1071,1,1,1,1,True,1.0,14326,False,History,True,1
dynamic_few_shot_k3,gemma3-12b,v2_json_fewshot_k3,1072,1,3,1,0,False,1.0,13617,False,History,False,0
dynamic_few_shot_k3,gemma3-12b,v2_json_fewshot_k3,1073,1,11,3,3,True,1.0,13135,False,History,True,1
