strategy_name,model_name,prompt_version,question_id,competition_id,level,predicted_option_id,correct_option_id,correct,confidence,latency_ms,generated_answer,Category,correct_bool,correct_int,Status
calc_react,granite-8b,v2,6642,3,11,0,0,True,1.0,6226,False,Math,True,1,Correct
calc_react,granite-8b,v2,6643,3,3,3,3,True,1.0,8769,False,Math,True,1,Correct
calc_react,granite-8b,v2,6644,3,2,2,2,True,1.0,4469,False,Math,True,1,Correct
calc_react,granite-8b,v2,6645,3,2,3,3,True,1.0,7677,False,Math,True,1,Correct
calc_react,granite-8b,v2,6646,3,3,0,0,True,1.0,10957,False,Math,True,1,Correct
calc_react,granite-8b,v2,6647,3,4,1,3,False,0.9,12121,False,Math,False,0,Incorrect
calc_react,granite-8b,v2,6648,3,1,3,3,True,1.0,5914,False,Math,True,1,Correct
calc_react,granite-8b,v2,6649,3,1,2,2,True,1.0,18817,False,Math,True,1,Correct
calc_react,granite-8b,v2,6650,3,6,0,0,True,1.0,10938,False,Math,True,1,Correct
calc_react,granite-8b,v2,6651,3,2,3,3,True,1.0,6562,False,Math,True,1,Correct
calc_react,granite-8b,v2,6652,3,3,0,0,True,1.0,13417,False,Math,True,1,Correct
calc_react,granite-8b,v2,6654,3,1,2,2,True,1.0,6729,False,Math,True,1,Correct
calc_react,granite-8b,v2,6655,3,5,1,1,True,1.0,7278,False,Math,True,1,Correct
calc_react,granite-8b,v2,6656,3,2,2,2,True,0.9,12253,False,Math,True,1,Correct
calc_react,granite-8b,v2,6657,3,8,1,2,False,1.0,5008,False,Math,False,0,Incorrect
calc_react,granite-8b,v2,6658,3,5,2,2,True,1.0,17488,False,Math,True,1,Correct
calc_react,granite-8b,v2,6659,3,2,0,0,True,1.0,4241,False,Math,True,1,Correct
calc_react,granite-8b,v2,6661,3,10,1,1,True,1.0,10896,False,Math,True,1,Correct
calc_react,granite-8b,v2,6662,3,1,2,2,True,1.0,6799,False,Math,True,1,Correct
calc_react,granite-8b,v2,6663,3,2,1,2,False,0.95,7333,False,Math,False,0,Incorrect
calc_react,granite-8b,v2,6664,3,3,2,2,True,1.0,7689,False,Math,True,1,Correct
calc_react,granite-8b,v2,6665,3,2,0,0,True,1.0,7243,False,Math,True,1,Correct
calc_react,granite-8b,v2,6666,3,1,3,3,True,1.0,8916,False,Math,True,1,Correct
calc_react,granite-8b,v2,6667,3,2,0,0,True,1.0,4770,False,Math,True,1,Correct
calc_react,granite-8b,v2,6668,3,4,3,3,True,1.0,11333,False,Math,True,1,Correct
calc_react,granite-8b,v2,6669,3,3,1,1,True,1.0,5529,False,Math,True,1,Correct
calc_react,granite-8b,v2,6670,3,2,2,2,True,1.0,6213,False,Math,True,1,Correct
calc_react,granite-8b,v2,6671,3,3,1,1,True,1.0,8757,False,Math,True,1,Correct
calc_react,granite-8b,v2,6672,3,2,2,2,True,1.0,10951,False,Math,True,1,Correct
calc_react,granite-8b,v2,6673,3,1,3,3,True,1.0,4576,False,Math,True,1,Correct
calc_react,granite-8b,v2,6674,3,4,2,2,True,1.0,6987,False,Math,True,1,Correct
calc_react,granite-8b,v2,6675,3,3,0,0,True,1.0,7825,False,Math,True,1,Correct
calc_react,granite-8b,v2,6676,3,11,0,0,True,1.0,4042,False,Math,True,1,Correct
calc_react,granite-8b,v2,6677,3,5,3,3,True,1.0,4811,False,Math,True,1,Correct
calc_react,granite-8b,v2,6679,3,3,3,3,True,0.9,10414,False,Math,True,1,Correct
calc_react,granite-8b,v2,6680,3,9,2,2,True,1.0,8366,False,Math,True,1,Correct
calc_react,granite-8b,v2,6681,3,1,1,1,True,1.0,5376,False,Math,True,1,Correct
calc_react,granite-8b,v2,6682,3,1,3,3,True,1.0,3950,False,Math,True,1,Correct
calc_react,granite-8b,v2,6683,3,2,3,3,True,1.0,14729,False,Math,True,1,Correct
calc_react,granite-8b,v2,6684,3,1,3,3,True,1.0,15356,False,Math,True,1,Correct
calc_react,granite-8b,v2,6685,3,3,2,2,True,1.0,12237,False,Math,True,1,Correct
calc_react,granite-8b,v2,6686,3,3,2,2,True,1.0,5142,False,Math,True,1,Correct
calc_react,granite-8b,v2,6688,3,7,3,0,False,0.9,10988,False,Math,False,0,Incorrect
calc_react,granite-8b,v2,6689,3,1,0,3,False,1.0,15678,False,Math,False,0,Incorrect
calc_react,granite-8b,v2,6690,3,1,0,2,False,0.95,5648,False,Math,False,0,Incorrect
calc_react,granite-8b,v2,6691,3,2,3,3,True,0.95,5349,False,Math,True,1,Correct
calc_react,granite-8b,v2,6692,3,3,1,3,False,1.0,8025,False,Math,False,0,Incorrect
calc_react,granite-8b,v2,6693,3,2,3,3,True,1.0,4951,False,Math,True,1,Correct
calc_react,granite-8b,v2,6694,3,5,0,0,True,1.0,4669,False,Math,True,1,Correct
calc_react,granite-8b,v2,6695,3,9,0,0,True,1.0,25379,False,Math,True,1,Correct
calc_react,granite-8b,v2,6696,3,1,2,2,True,1.0,7793,False,Math,True,1,Correct
calc_react,granite-8b,v2,6697,3,3,1,1,True,1.0,7884,False,Math,True,1,Correct
calc_react,granite-8b,v2,6698,3,6,1,1,True,1.0,6113,False,Math,True,1,Correct
calc_react,granite-8b,v2,6699,3,2,1,1,True,1.0,11683,False,Math,True,1,Correct
calc_react,granite-8b,v2,6700,3,1,0,0,True,1.0,5225,False,Math,True,1,Correct
calc_react,granite-8b,v2,6701,3,1,1,3,False,1.0,7851,False,Math,False,0,Incorrect
calc_react,granite-8b,v2,6702,3,4,0,0,True,1.0,10716,False,Math,True,1,Correct
calc_react,granite-8b,v2,6703,3,10,1,1,True,1.0,6409,False,Math,True,1,Correct
calc_react,granite-8b,v2,6704,3,7,3,3,True,1.0,7870,False,Math,True,1,Correct
calc_react,granite-8b,v2,6705,3,1,1,1,True,1.0,5216,False,Math,True,1,Correct
calc_react,granite-8b,v2,6706,3,3,1,1,True,0.95,21685,False,Math,True,1,Correct
calc_react,granite-8b,v2,6707,3,1,1,1,True,1.0,6273,False,Math,True,1,Correct
calc_react,granite-8b,v2,6709,3,1,1,1,True,1.0,8788,False,Math,True,1,Correct
calc_react,granite-8b,v2,6710,3,2,1,1,True,0.99,9230,False,Math,True,1,Correct
calc_react,granite-8b,v2,6711,3,10,0,0,True,1.0,9142,False,Math,True,1,Correct
calc_react,granite-8b,v2,6713,3,3,3,3,True,0.95,14874,False,Math,True,1,Correct
calc_react,granite-8b,v2,6714,3,1,1,1,True,0.95,10252,False,Math,True,1,Correct
calc_react,granite-8b,v2,6715,3,2,3,2,False,1.0,15122,False,Math,False,0,Incorrect
calc_react,granite-8b,v2,6716,3,5,0,0,True,1.0,11646,False,Math,True,1,Correct
calc_react,granite-8b,v2,6717,3,1,1,1,True,1.0,10016,False,Math,True,1,Correct
calc_react,granite-8b,v2,6718,3,1,1,1,True,0.9,19597,False,Math,True,1,Correct
calc_react,granite-8b,v2,6719,3,3,1,1,True,1.0,6066,False,Math,True,1,Correct
calc_react,granite-8b,v2,6720,3,3,0,1,False,0.0,21863,False,Math,False,0,Incorrect
calc_react,granite-8b,v2,6722,3,1,1,1,True,1.0,4546,False,Math,True,1,Correct
calc_react,granite-8b,v2,6723,3,1,3,3,True,1.0,6825,False,Math,True,1,Correct
calc_react,granite-8b,v2,6724,3,5,1,1,True,1.0,16528,False,Math,True,1,Correct
calc_react,granite-8b,v2,6725,3,6,0,0,True,1.0,3778,False,Math,True,1,Correct
calc_react,granite-8b,v2,6726,3,1,0,3,False,0.0,18712,False,Math,False,0,Incorrect
calc_react,granite-8b,v2,6727,3,3,1,1,True,1.0,5707,False,Math,True,1,Correct
calc_react,granite-8b,v2,6728,3,3,2,2,True,1.0,5280,False,Math,True,1,Correct
calc_react,granite-8b,v2,6729,3,1,0,0,True,1.0,13369,False,Math,True,1,Correct
calc_react,granite-8b,v2,6730,3,2,2,2,True,1.0,6550,False,Math,True,1,Correct
calc_react,granite-8b,v2,6731,3,1,0,0,True,1.0,7568,False,Math,True,1,Correct
calc_react,granite-8b,v2,6732,3,4,2,2,True,1.0,6253,False,Math,True,1,Correct
calc_react,granite-8b,v2,6733,3,2,3,3,True,1.0,8146,False,Math,True,1,Correct
calc_react,granite-8b,v2,6734,3,1,1,1,True,1.0,6236,False,Math,True,1,Correct
calc_react,granite-8b,v2,6735,3,2,1,1,True,1.0,7148,False,Math,True,1,Correct
calc_react,granite-8b,v2,6736,3,4,0,0,True,1.0,5489,False,Math,True,1,Correct
calc_react,granite-8b,v2,6737,3,1,2,0,False,1.0,7680,False,Math,False,0,Incorrect
calc_react,granite-8b,v2,6738,3,2,3,3,True,0.8,12087,False,Math,True,1,Correct
calc_react,granite-8b,v2,6739,3,2,2,2,True,1.0,6788,False,Math,True,1,Correct
calc_react,granite-8b,v2,6740,3,6,2,2,True,1.0,10700,False,Math,True,1,Correct
calc_react,granite-8b,v2,6741,3,3,1,1,True,1.0,12128,False,Math,True,1,Correct
calc_react,granite-8b,v2,6742,3,5,3,3,True,1.0,10771,False,Math,True,1,Correct
calc_react,granite-8b,v2,6743,3,2,3,3,True,0.95,7118,False,Math,True,1,Correct
calc_react,granite-8b,v2,6744,3,2,1,1,True,1.0,7426,False,Math,True,1,Correct
calc_react,granite-8b,v2,6747,3,1,1,1,True,1.0,11594,False,Math,True,1,Correct
calc_react,granite-8b,v2,6748,3,9,1,1,True,1.0,5060,False,Math,True,1,Correct
calc_react,granite-8b,v2,6749,3,1,1,1,True,1.0,10494,False,Math,True,1,Correct
calc_react,granite-8b,v2,6750,3,1,1,1,True,1.0,3356,False,Math,True,1,Correct
calc_react,granite-8b,v2,6751,3,3,1,1,True,1.0,8280,False,Math,True,1,Correct
calc_react,granite-8b,v2,6752,3,5,2,2,True,1.0,8350,False,Math,True,1,Correct
calc_react,granite-8b,v2,6753,3,4,0,1,False,0.0,21337,False,Math,False,0,Incorrect
calc_react,granite-8b,v2,6754,3,1,2,2,True,1.0,3947,False,Math,True,1,Correct
calc_react,granite-8b,v2,6756,3,2,0,0,True,1.0,7238,False,Math,True,1,Correct
calc_react,granite-8b,v2,6757,3,13,0,0,True,1.0,6320,False,Math,True,1,Correct
calc_react,granite-8b,v2,6758,3,2,0,0,True,1.0,4607,False,Math,True,1,Correct
calc_react,granite-8b,v2,6759,3,2,2,2,True,1.0,6577,False,Math,True,1,Correct
calc_react,granite-8b,v2,6760,3,2,0,1,False,0.1,16307,False,Math,False,0,Incorrect
calc_react,granite-8b,v2,6761,3,2,2,2,True,0.95,6581,False,Math,True,1,Correct
calc_react,granite-8b,v2,6762,3,3,1,1,True,1.0,6109,False,Math,True,1,Correct
calc_react,granite-8b,v2,6763,3,2,1,1,True,1.0,5523,False,Math,True,1,Correct
calc_react,granite-8b,v2,6764,3,1,3,3,True,0.95,12406,False,Math,True,1,Correct
calc_react,granite-8b,v2,6765,3,3,0,0,True,1.0,5034,False,Math,True,1,Correct
calc_react,granite-8b,v2,6766,3,2,3,3,True,1.0,4385,False,Math,True,1,Correct
calc_react,granite-8b,v2,6767,3,2,2,2,True,1.0,13365,False,Math,True,1,Correct
calc_react,granite-8b,v2,6768,3,2,0,0,True,1.0,11059,False,Math,True,1,Correct
calc_react,granite-8b,v2,6769,3,5,3,3,True,1.0,11500,False,Math,True,1,Correct
calc_react,granite-8b,v2,6770,3,1,0,0,True,1.0,9761,False,Math,True,1,Correct
calc_react,granite-8b,v2,6771,3,4,3,3,True,1.0,13892,False,Math,True,1,Correct
calc_react,granite-8b,v2,6772,3,3,3,3,True,1.0,10274,False,Math,True,1,Correct
calc_react,granite-8b,v2,6773,3,10,1,2,False,0.9,17242,False,Math,False,0,Incorrect
calc_react,granite-8b,v2,6774,3,1,2,2,True,1.0,6593,False,Math,True,1,Correct
calc_react,granite-8b,v2,6775,3,2,3,3,True,1.0,6065,False,Math,True,1,Correct
calc_react,granite-8b,v2,6776,3,3,2,3,False,0.95,16988,False,Math,False,0,Incorrect
calc_react,granite-8b,v2,6777,3,5,0,0,True,1.0,6694,False,Math,True,1,Correct
calc_react,granite-8b,v2,6778,3,1,3,3,True,1.0,8544,False,Math,True,1,Correct
calc_react,granite-8b,v2,6779,3,2,0,0,True,1.0,6454,False,Math,True,1,Correct
calc_react,granite-8b,v2,6780,3,1,0,0,True,1.0,17661,False,Math,True,1,Correct
calc_react,granite-8b,v2,6781,3,5,3,1,False,1.0,14361,False,Math,False,0,Incorrect
calc_react,granite-8b,v2,6782,3,1,1,1,True,1.0,7839,False,Math,True,1,Correct
calc_react,granite-8b,v2,6783,3,1,2,2,True,1.0,4208,False,Math,True,1,Correct
calc_react,granite-8b,v2,6784,3,2,2,2,True,1.0,17976,False,Math,True,1,Correct
calc_react,granite-8b,v2,6785,3,1,0,0,True,1.0,9662,False,Math,True,1,Correct
calc_react,granite-8b,v2,6786,3,3,3,0,False,0.95,16816,False,Math,False,0,Incorrect
calc_react,granite-8b,v2,6787,3,1,3,3,True,1.0,8555,False,Math,True,1,Correct
calc_react,granite-8b,v2,6788,3,1,1,1,True,1.0,8452,False,Math,True,1,Correct
calc_react,granite-8b,v2,6789,3,7,2,2,True,1.0,3746,False,Math,True,1,Correct
calc_react,granite-8b,v2,6790,3,3,0,1,False,1.0,9413,False,Math,False,0,Incorrect
calc_react,granite-8b,v2,6791,3,2,0,0,True,1.0,7756,False,Math,True,1,Correct
calc_react,granite-8b,v2,6792,3,6,3,3,True,1.0,7761,False,Math,True,1,Correct
calc_react,granite-8b,v2,6793,3,3,1,1,True,1.0,4602,False,Math,True,1,Correct
calc_react,granite-8b,v2,6794,3,1,3,3,True,1.0,8477,False,Math,True,1,Correct
calc_react,granite-8b,v2,6795,3,5,3,3,True,1.0,5482,False,Math,True,1,Correct
calc_react,granite-8b,v2,6796,3,6,0,1,False,0.9,6534,False,Math,False,0,Incorrect
calc_react,granite-8b,v2,6797,3,1,1,2,False,0.95,6489,False,Math,False,0,Incorrect
calc_react,granite-8b,v2,6798,3,3,2,2,True,1.0,6244,False,Math,True,1,Correct
calc_react,granite-8b,v2,6799,3,2,0,2,False,0.9,17668,False,Math,False,0,Incorrect
calc_react,granite-8b,v2,6800,3,1,1,1,True,1.0,12622,False,Math,True,1,Correct
calc_react,granite-8b,v2,6801,3,1,2,2,True,1.0,5377,False,Math,True,1,Correct
calc_react,granite-8b,v2,6802,3,3,0,0,True,1.0,5273,False,Math,True,1,Correct
calc_react,granite-8b,v2,6803,3,2,3,3,True,1.0,4255,False,Math,True,1,Correct
calc_react,granite-8b,v2,6804,3,6,2,2,True,1.0,3393,False,Math,True,1,Correct
calc_react,granite-8b,v2,6805,3,4,3,3,True,1.0,14357,False,Math,True,1,Correct
calc_react,granite-8b,v2,6806,3,1,2,2,True,1.0,9549,False,Math,True,1,Correct
calc_react,granite-8b,v2,6807,3,4,0,3,False,1.0,16760,False,Math,False,0,Incorrect
calc_react,granite-8b,v2,6808,3,2,1,1,True,1.0,12177,False,Math,True,1,Correct
calc_react,granite-8b,v2,6809,3,1,1,2,False,1.0,10285,False,Math,False,0,Incorrect
calc_react,granite-8b,v2,6810,3,8,3,3,True,1.0,12229,False,Math,True,1,Correct
calc_react,granite-8b,v2,6811,3,3,3,3,True,1.0,6720,False,Math,True,1,Correct
calc_react,granite-8b,v2,6812,3,2,1,0,False,0.9,18750,False,Math,False,0,Incorrect
calc_react,granite-8b,v2,6813,3,4,0,0,True,1.0,7441,False,Math,True,1,Correct
calc_react,granite-8b,v2,6815,3,4,1,1,True,1.0,12079,False,Math,True,1,Correct
calc_react,granite-8b,v2,6816,3,1,3,3,True,1.0,8492,False,Math,True,1,Correct
calc_react,granite-8b,v2,6817,3,3,1,1,True,1.0,6457,False,Math,True,1,Correct
calc_react,granite-8b,v2,6818,3,1,0,0,True,1.0,7197,False,Math,True,1,Correct
calc_react,granite-8b,v2,6819,3,2,3,3,True,0.95,16014,False,Math,True,1,Correct
calc_react,granite-8b,v2,6820,3,1,0,0,True,1.0,8247,False,Math,True,1,Correct
calc_react,granite-8b,v2,6821,3,1,0,0,True,0.0,21969,False,Math,True,1,Correct
calc_react,granite-8b,v2,6822,3,3,0,2,False,1.0,8972,False,Math,False,0,Incorrect
calc_react,granite-8b,v2,6823,3,2,3,3,True,1.0,12356,False,Math,True,1,Correct
calc_react,granite-8b,v2,6824,3,4,0,2,False,0.9,9933,False,Math,False,0,Incorrect
calc_react,granite-8b,v2,6825,3,1,3,3,True,1.0,5293,False,Math,True,1,Correct
calc_react,granite-8b,v2,6826,3,1,0,0,True,1.0,12451,False,Math,True,1,Correct
calc_react,granite-8b,v2,6827,3,2,2,2,True,1.0,12437,False,Math,True,1,Correct
calc_react,granite-8b,v2,6828,3,4,3,1,False,0.2,17129,False,Math,False,0,Incorrect
calc_react,granite-8b,v2,6829,3,7,1,3,False,1.0,8185,False,Math,False,0,Incorrect
calc_react,granite-8b,v2,6830,3,3,0,0,True,0.0,21351,False,Math,True,1,Correct
calc_react,granite-8b,v2,6831,3,4,0,0,True,1.0,7852,False,Math,True,1,Correct
calc_react,granite-8b,v2,6832,3,15,2,2,True,1.0,8679,False,Math,True,1,Correct
calc_react,granite-8b,v2,6833,3,4,2,2,True,1.0,9387,False,Math,True,1,Correct
calc_react,granite-8b,v2,6834,3,5,3,3,True,1.0,3390,False,Math,True,1,Correct
calc_react,granite-8b,v2,6835,3,5,2,2,True,1.0,7012,False,Math,True,1,Correct
calc_react,granite-8b,v2,6836,3,1,0,3,False,0.0,21619,False,Math,False,0,Incorrect
calc_react,granite-8b,v2,6837,3,1,3,3,True,1.0,4816,False,Math,True,1,Correct
calc_react,granite-8b,v2,6838,3,4,3,3,True,1.0,6340,False,Math,True,1,Correct
calc_react,granite-8b,v2,6839,3,6,1,1,True,0.9,13715,False,Math,True,1,Correct
calc_react,granite-8b,v2,6840,3,3,2,2,True,1.0,8344,False,Math,True,1,Correct
calc_react,granite-8b,v2,6841,3,4,0,0,True,1.0,13202,False,Math,True,1,Correct
calc_react,granite-8b,v2,6842,3,1,1,3,False,1.0,5905,False,Math,False,0,Incorrect
calc_react,granite-8b,v2,6843,3,5,2,2,True,1.0,11012,False,Math,True,1,Correct
calc_react,granite-8b,v2,6844,3,3,2,2,True,1.0,4857,False,Math,True,1,Correct
calc_react,granite-8b,v2,6845,3,1,0,0,True,1.0,18218,False,Math,True,1,Correct
calc_react,granite-8b,v2,6846,3,10,0,1,False,1.0,6694,True,Math,False,0,Incorrect
calc_react,granite-8b,v2,6847,3,1,0,0,True,1.0,7461,False,Math,True,1,Correct
calc_react,granite-8b,v2,6848,3,1,0,0,True,1.0,3813,False,Math,True,1,Correct
calc_react,granite-8b,v2,6849,3,2,0,0,True,1.0,4568,False,Math,True,1,Correct
calc_react,granite-8b,v2,6850,3,1,2,2,True,1.0,9272,False,Math,True,1,Correct
calc_react,granite-8b,v2,6851,3,3,3,3,True,0.9,13156,False,Math,True,1,Correct
calc_react,granite-8b,v2,6852,3,4,0,0,True,1.0,11186,False,Math,True,1,Correct
dynamic_few_shot_k3,granite-8b,v2_json_fewshot_k3,6642,3,11,0,0,True,1.0,5114,False,Math,True,1,Correct
dynamic_few_shot_k3,granite-8b,v2_json_fewshot_k3,6643,3,3,3,3,True,1.0,7617,False,Math,True,1,Correct
dynamic_few_shot_k3,granite-8b,v2_json_fewshot_k3,6644,3,2,2,2,True,1.0,5406,False,Math,True,1,Correct
dynamic_few_shot_k3,granite-8b,v2_json_fewshot_k3,6645,3,2,3,3,True,1.0,5899,False,Math,True,1,Correct
dynamic_few_shot_k3,granite-8b,v2_json_fewshot_k3,6646,3,3,0,0,True,1.0,10157,False,Math,True,1,Correct
dynamic_few_shot_k3,granite-8b,v2_json_fewshot_k3,6647,3,4,1,3,False,1.0,10346,False,Math,False,0,Incorrect
dynamic_few_shot_k3,granite-8b,v2_json_fewshot_k3,6648,3,1,3,3,True,1.0,6363,False,Math,True,1,Correct
dynamic_few_shot_k3,granite-8b,v2_json_fewshot_k3,6649,3,1,2,2,True,1.0,16903,False,Math,True,1,Correct
dynamic_few_shot_k3,granite-8b,v2_json_fewshot_k3,6650,3,6,0,0,True,1.0,11216,False,Math,True,1,Correct
dynamic_few_shot_k3,granite-8b,v2_json_fewshot_k3,6651,3,2,3,3,True,1.0,7700,False,Math,True,1,Correct
dynamic_few_shot_k3,granite-8b,v2_json_fewshot_k3,6652,3,3,0,0,True,1.0,15483,False,Math,True,1,Correct
dynamic_few_shot_k3,granite-8b,v2_json_fewshot_k3,6654,3,1,2,2,True,1.0,7949,False,Math,True,1,Correct
dynamic_few_shot_k3,granite-8b,v2_json_fewshot_k3,6655,3,5,1,1,True,1.0,8284,False,Math,True,1,Correct
dynamic_few_shot_k3,granite-8b,v2_json_fewshot_k3,6656,3,2,2,2,True,0.9,11441,False,Math,True,1,Correct
dynamic_few_shot_k3,granite-8b,v2_json_fewshot_k3,6657,3,8,1,2,False,1.0,8577,False,Math,False,0,Incorrect
dynamic_few_shot_k3,granite-8b,v2_json_fewshot_k3,6658,3,5,0,2,False,1.0,12122,False,Math,False,0,Incorrect
dynamic_few_shot_k3,granite-8b,v2_json_fewshot_k3,6659,3,2,0,0,True,1.0,3272,False,Math,True,1,Correct
dynamic_few_shot_k3,granite-8b,v2_json_fewshot_k3,6661,3,10,1,1,True,1.0,8577,False,Math,True,1,Correct
dynamic_few_shot_k3,granite-8b,v2_json_fewshot_k3,6662,3,1,2,2,True,1.0,9042,False,Math,True,1,Correct
dynamic_few_shot_k3,granite-8b,v2_json_fewshot_k3,6663,3,2,2,2,True,0.95,6625,False,Math,True,1,Correct
dynamic_few_shot_k3,granite-8b,v2_json_fewshot_k3,6664,3,3,2,2,True,1.0,8296,False,Math,True,1,Correct
dynamic_few_shot_k3,granite-8b,v2_json_fewshot_k3,6665,3,2,0,0,True,1.0,5546,False,Math,True,1,Correct
dynamic_few_shot_k3,granite-8b,v2_json_fewshot_k3,6666,3,1,3,3,True,1.0,12089,False,Math,True,1,Correct
dynamic_few_shot_k3,granite-8b,v2_json_fewshot_k3,6667,3,2,0,0,True,1.0,8344,False,Math,True,1,Correct
dynamic_few_shot_k3,granite-8b,v2_json_fewshot_k3,6668,3,4,3,3,True,1.0,4228,False,Math,True,1,Correct
dynamic_few_shot_k3,granite-8b,v2_json_fewshot_k3,6669,3,3,1,1,True,1.0,9108,False,Math,True,1,Correct
dynamic_few_shot_k3,granite-8b,v2_json_fewshot_k3,6670,3,2,2,2,True,1.0,5015,False,Math,True,1,Correct
dynamic_few_shot_k3,granite-8b,v2_json_fewshot_k3,6671,3,3,1,1,True,0.95,13941,False,Math,True,1,Correct
dynamic_few_shot_k3,granite-8b,v2_json_fewshot_k3,6672,3,2,2,2,True,1.0,13771,False,Math,True,1,Correct
dynamic_few_shot_k3,granite-8b,v2_json_fewshot_k3,6673,3,1,3,3,True,1.0,6078,False,Math,True,1,Correct
dynamic_few_shot_k3,granite-8b,v2_json_fewshot_k3,6674,3,4,2,2,True,1.0,7641,False,Math,True,1,Correct
dynamic_few_shot_k3,granite-8b,v2_json_fewshot_k3,6675,3,3,0,0,True,1.0,11433,False,Math,True,1,Correct
dynamic_few_shot_k3,granite-8b,v2_json_fewshot_k3,6676,3,11,0,0,True,1.0,5845,False,Math,True,1,Correct
dynamic_few_shot_k3,granite-8b,v2_json_fewshot_k3,6677,3,5,3,3,True,1.0,5710,False,Math,True,1,Correct
dynamic_few_shot_k3,granite-8b,v2_json_fewshot_k3,6679,3,3,2,3,False,0.9,10860,False,Math,False,0,Incorrect
dynamic_few_shot_k3,granite-8b,v2_json_fewshot_k3,6680,3,9,2,2,True,1.0,9396,False,Math,True,1,Correct
dynamic_few_shot_k3,granite-8b,v2_json_fewshot_k3,6681,3,1,1,1,True,1.0,7948,False,Math,True,1,Correct
dynamic_few_shot_k3,granite-8b,v2_json_fewshot_k3,6682,3,1,3,3,True,0.95,5020,False,Math,True,1,Correct
dynamic_few_shot_k3,granite-8b,v2_json_fewshot_k3,6683,3,2,3,3,True,1.0,13927,False,Math,True,1,Correct
dynamic_few_shot_k3,granite-8b,v2_json_fewshot_k3,6684,3,1,1,3,False,1.0,12503,False,Math,False,0,Incorrect
dynamic_few_shot_k3,granite-8b,v2_json_fewshot_k3,6685,3,3,1,2,False,1.0,15016,False,Math,False,0,Incorrect
dynamic_few_shot_k3,granite-8b,v2_json_fewshot_k3,6686,3,3,2,2,True,1.0,7214,False,Math,True,1,Correct
dynamic_few_shot_k3,granite-8b,v2_json_fewshot_k3,6688,3,7,0,0,True,1.0,12847,False,Math,True,1,Correct
dynamic_few_shot_k3,granite-8b,v2_json_fewshot_k3,6689,3,1,0,3,False,1.0,10364,False,Math,False,0,Incorrect
dynamic_few_shot_k3,granite-8b,v2_json_fewshot_k3,6690,3,1,0,2,False,0.95,7959,False,Math,False,0,Incorrect
dynamic_few_shot_k3,granite-8b,v2_json_fewshot_k3,6691,3,2,3,3,True,0.95,6959,False,Math,True,1,Correct
dynamic_few_shot_k3,granite-8b,v2_json_fewshot_k3,6692,3,3,0,3,False,1.0,11079,False,Math,False,0,Incorrect
dynamic_few_shot_k3,granite-8b,v2_json_fewshot_k3,6693,3,2,3,3,True,1.0,5813,False,Math,True,1,Correct
dynamic_few_shot_k3,granite-8b,v2_json_fewshot_k3,6694,3,5,0,0,True,1.0,8398,False,Math,True,1,Correct
dynamic_few_shot_k3,granite-8b,v2_json_fewshot_k3,6695,3,9,0,0,True,0.0,17793,False,Math,True,1,Correct
dynamic_few_shot_k3,granite-8b,v2_json_fewshot_k3,6696,3,1,3,2,False,1.0,8728,False,Math,False,0,Incorrect
dynamic_few_shot_k3,granite-8b,v2_json_fewshot_k3,6697,3,3,1,1,True,1.0,8892,False,Math,True,1,Correct
dynamic_few_shot_k3,granite-8b,v2_json_fewshot_k3,6698,3,6,1,1,True,1.0,5696,False,Math,True,1,Correct
dynamic_few_shot_k3,granite-8b,v2_json_fewshot_k3,6699,3,2,3,1,False,1.0,14267,False,Math,False,0,Incorrect
dynamic_few_shot_k3,granite-8b,v2_json_fewshot_k3,6700,3,1,0,0,True,1.0,5059,False,Math,True,1,Correct
dynamic_few_shot_k3,granite-8b,v2_json_fewshot_k3,6701,3,1,3,3,True,1.0,10660,False,Math,True,1,Correct
dynamic_few_shot_k3,granite-8b,v2_json_fewshot_k3,6702,3,4,0,0,True,1.0,10669,False,Math,True,1,Correct
dynamic_few_shot_k3,granite-8b,v2_json_fewshot_k3,6703,3,10,1,1,True,1.0,8324,False,Math,True,1,Correct
dynamic_few_shot_k3,granite-8b,v2_json_fewshot_k3,6704,3,7,3,3,True,1.0,9035,False,Math,True,1,Correct
dynamic_few_shot_k3,granite-8b,v2_json_fewshot_k3,6705,3,1,1,1,True,1.0,4247,False,Math,True,1,Correct
dynamic_few_shot_k3,granite-8b,v2_json_fewshot_k3,6706,3,3,2,1,False,0.9,15172,False,Math,False,0,Incorrect
dynamic_few_shot_k3,granite-8b,v2_json_fewshot_k3,6707,3,1,1,1,True,1.0,9790,False,Math,True,1,Correct
dynamic_few_shot_k3,granite-8b,v2_json_fewshot_k3,6709,3,1,1,1,True,1.0,8815,False,Math,True,1,Correct
dynamic_few_shot_k3,granite-8b,v2_json_fewshot_k3,6710,3,2,1,1,True,1.0,6464,False,Math,True,1,Correct
dynamic_few_shot_k3,granite-8b,v2_json_fewshot_k3,6711,3,10,0,0,True,1.0,8190,False,Math,True,1,Correct
dynamic_few_shot_k3,granite-8b,v2_json_fewshot_k3,6713,3,3,3,3,True,1.0,2954,False,Math,True,1,Correct
dynamic_few_shot_k3,granite-8b,v2_json_fewshot_k3,6714,3,1,1,1,True,1.0,9079,False,Math,True,1,Correct
dynamic_few_shot_k3,granite-8b,v2_json_fewshot_k3,6715,3,2,3,2,False,1.0,7504,False,Math,False,0,Incorrect
dynamic_few_shot_k3,granite-8b,v2_json_fewshot_k3,6716,3,5,0,0,True,1.0,8264,False,Math,True,1,Correct
dynamic_few_shot_k3,granite-8b,v2_json_fewshot_k3,6717,3,1,1,1,True,1.0,10187,False,Math,True,1,Correct
dynamic_few_shot_k3,granite-8b,v2_json_fewshot_k3,6718,3,1,1,1,True,1.0,10278,False,Math,True,1,Correct
dynamic_few_shot_k3,granite-8b,v2_json_fewshot_k3,6719,3,3,1,1,True,1.0,6887,False,Math,True,1,Correct
dynamic_few_shot_k3,granite-8b,v2_json_fewshot_k3,6720,3,3,1,1,True,1.0,13743,False,Math,True,1,Correct
dynamic_few_shot_k3,granite-8b,v2_json_fewshot_k3,6722,3,1,1,1,True,1.0,8048,False,Math,True,1,Correct
dynamic_few_shot_k3,granite-8b,v2_json_fewshot_k3,6723,3,1,3,3,True,1.0,7406,False,Math,True,1,Correct
dynamic_few_shot_k3,granite-8b,v2_json_fewshot_k3,6724,3,5,1,1,True,0.95,9491,False,Math,True,1,Correct
dynamic_few_shot_k3,granite-8b,v2_json_fewshot_k3,6725,3,6,0,0,True,1.0,4847,False,Math,True,1,Correct
dynamic_few_shot_k3,granite-8b,v2_json_fewshot_k3,6726,3,1,3,3,True,1.0,11160,False,Math,True,1,Correct
dynamic_few_shot_k3,granite-8b,v2_json_fewshot_k3,6727,3,3,1,1,True,1.0,5725,False,Math,True,1,Correct
dynamic_few_shot_k3,granite-8b,v2_json_fewshot_k3,6728,3,3,2,2,True,1.0,7707,False,Math,True,1,Correct
dynamic_few_shot_k3,granite-8b,v2_json_fewshot_k3,6729,3,1,0,0,True,1.0,13544,False,Math,True,1,Correct
dynamic_few_shot_k3,granite-8b,v2_json_fewshot_k3,6730,3,2,2,2,True,1.0,7023,False,Math,True,1,Correct
dynamic_few_shot_k3,granite-8b,v2_json_fewshot_k3,6731,3,1,0,0,True,1.0,15300,False,Math,True,1,Correct
dynamic_few_shot_k3,granite-8b,v2_json_fewshot_k3,6732,3,4,3,2,False,0.95,9740,False,Math,False,0,Incorrect
dynamic_few_shot_k3,granite-8b,v2_json_fewshot_k3,6733,3,2,3,3,True,1.0,7468,False,Math,True,1,Correct
dynamic_few_shot_k3,granite-8b,v2_json_fewshot_k3,6734,3,1,1,1,True,1.0,5588,False,Math,True,1,Correct
dynamic_few_shot_k3,granite-8b,v2_json_fewshot_k3,6735,3,2,1,1,True,0.95,7063,False,Math,True,1,Correct
dynamic_few_shot_k3,granite-8b,v2_json_fewshot_k3,6736,3,4,0,0,True,1.0,7869,False,Math,True,1,Correct
dynamic_few_shot_k3,granite-8b,v2_json_fewshot_k3,6737,3,1,2,0,False,1.0,12248,False,Math,False,0,Incorrect
dynamic_few_shot_k3,granite-8b,v2_json_fewshot_k3,6738,3,2,3,3,True,0.95,16377,False,Math,True,1,Correct
dynamic_few_shot_k3,granite-8b,v2_json_fewshot_k3,6739,3,2,2,2,True,1.0,6796,False,Math,True,1,Correct
dynamic_few_shot_k3,granite-8b,v2_json_fewshot_k3,6740,3,6,2,2,True,1.0,12758,False,Math,True,1,Correct
dynamic_few_shot_k3,granite-8b,v2_json_fewshot_k3,6741,3,3,3,1,False,1.0,13741,False,Math,False,0,Incorrect
dynamic_few_shot_k3,granite-8b,v2_json_fewshot_k3,6742,3,5,1,3,False,1.0,10051,False,Math,False,0,Incorrect
dynamic_few_shot_k3,granite-8b,v2_json_fewshot_k3,6743,3,2,3,3,True,0.95,9292,False,Math,True,1,Correct
dynamic_few_shot_k3,granite-8b,v2_json_fewshot_k3,6744,3,2,1,1,True,1.0,7692,False,Math,True,1,Correct
dynamic_few_shot_k3,granite-8b,v2_json_fewshot_k3,6747,3,1,1,1,True,1.0,14154,False,Math,True,1,Correct
dynamic_few_shot_k3,granite-8b,v2_json_fewshot_k3,6748,3,9,1,1,True,1.0,9628,False,Math,True,1,Correct
dynamic_few_shot_k3,granite-8b,v2_json_fewshot_k3,6749,3,1,2,1,False,1.0,11361,False,Math,False,0,Incorrect
dynamic_few_shot_k3,granite-8b,v2_json_fewshot_k3,6750,3,1,1,1,True,1.0,3738,False,Math,True,1,Correct
dynamic_few_shot_k3,granite-8b,v2_json_fewshot_k3,6751,3,3,1,1,True,1.0,11569,False,Math,True,1,Correct
dynamic_few_shot_k3,granite-8b,v2_json_fewshot_k3,6752,3,5,2,2,True,1.0,11498,False,Math,True,1,Correct
dynamic_few_shot_k3,granite-8b,v2_json_fewshot_k3,6753,3,4,2,1,False,1.0,14660,False,Math,False,0,Incorrect
dynamic_few_shot_k3,granite-8b,v2_json_fewshot_k3,6754,3,1,2,2,True,1.0,6808,False,Math,True,1,Correct
dynamic_few_shot_k3,granite-8b,v2_json_fewshot_k3,6756,3,2,1,0,False,0.95,8320,False,Math,False,0,Incorrect
dynamic_few_shot_k3,granite-8b,v2_json_fewshot_k3,6757,3,13,0,0,True,1.0,6760,False,Math,True,1,Correct
dynamic_few_shot_k3,granite-8b,v2_json_fewshot_k3,6758,3,2,0,0,True,1.0,4922,False,Math,True,1,Correct
dynamic_few_shot_k3,granite-8b,v2_json_fewshot_k3,6759,3,2,2,2,True,1.0,6970,False,Math,True,1,Correct
dynamic_few_shot_k3,granite-8b,v2_json_fewshot_k3,6760,3,2,0,1,False,1.0,13614,False,Math,False,0,Incorrect
dynamic_few_shot_k3,granite-8b,v2_json_fewshot_k3,6761,3,2,3,2,False,1.0,5234,False,Math,False,0,Incorrect
dynamic_few_shot_k3,granite-8b,v2_json_fewshot_k3,6762,3,3,1,1,True,1.0,6021,False,Math,True,1,Correct
dynamic_few_shot_k3,granite-8b,v2_json_fewshot_k3,6763,3,2,1,1,True,1.0,7588,False,Math,True,1,Correct
dynamic_few_shot_k3,granite-8b,v2_json_fewshot_k3,6764,3,1,3,3,True,0.95,13087,False,Math,True,1,Correct
dynamic_few_shot_k3,granite-8b,v2_json_fewshot_k3,6765,3,3,0,0,True,1.0,5818,False,Math,True,1,Correct
dynamic_few_shot_k3,granite-8b,v2_json_fewshot_k3,6766,3,2,3,3,True,1.0,3925,False,Math,True,1,Correct
dynamic_few_shot_k3,granite-8b,v2_json_fewshot_k3,6767,3,2,1,2,False,1.0,11560,False,Math,False,0,Incorrect
dynamic_few_shot_k3,granite-8b,v2_json_fewshot_k3,6768,3,2,3,0,False,1.0,11365,False,Math,False,0,Incorrect
dynamic_few_shot_k3,granite-8b,v2_json_fewshot_k3,6769,3,5,3,3,True,1.0,9437,False,Math,True,1,Correct
dynamic_few_shot_k3,granite-8b,v2_json_fewshot_k3,6770,3,1,0,0,True,1.0,12948,False,Math,True,1,Correct
dynamic_few_shot_k3,granite-8b,v2_json_fewshot_k3,6771,3,4,3,3,True,1.0,16882,False,Math,True,1,Correct
dynamic_few_shot_k3,granite-8b,v2_json_fewshot_k3,6772,3,3,3,3,True,1.0,8175,False,Math,True,1,Correct
dynamic_few_shot_k3,granite-8b,v2_json_fewshot_k3,6773,3,10,1,2,False,0.9,12380,False,Math,False,0,Incorrect
dynamic_few_shot_k3,granite-8b,v2_json_fewshot_k3,6774,3,1,2,2,True,1.0,8909,False,Math,True,1,Correct
dynamic_few_shot_k3,granite-8b,v2_json_fewshot_k3,6775,3,2,3,3,True,1.0,8157,False,Math,True,1,Correct
dynamic_few_shot_k3,granite-8b,v2_json_fewshot_k3,6776,3,3,3,3,True,0.9,14171,False,Math,True,1,Correct
dynamic_few_shot_k3,granite-8b,v2_json_fewshot_k3,6777,3,5,0,0,True,1.0,7628,False,Math,True,1,Correct
dynamic_few_shot_k3,granite-8b,v2_json_fewshot_k3,6778,3,1,3,3,True,1.0,12450,False,Math,True,1,Correct
dynamic_few_shot_k3,granite-8b,v2_json_fewshot_k3,6779,3,2,0,0,True,1.0,8792,False,Math,True,1,Correct
dynamic_few_shot_k3,granite-8b,v2_json_fewshot_k3,6780,3,1,0,0,True,1.0,15704,False,Math,True,1,Correct
dynamic_few_shot_k3,granite-8b,v2_json_fewshot_k3,6781,3,5,3,1,False,1.0,12911,False,Math,False,0,Incorrect
dynamic_few_shot_k3,granite-8b,v2_json_fewshot_k3,6782,3,1,1,1,True,1.0,9262,False,Math,True,1,Correct
dynamic_few_shot_k3,granite-8b,v2_json_fewshot_k3,6783,3,1,2,2,True,1.0,4074,False,Math,True,1,Correct
dynamic_few_shot_k3,granite-8b,v2_json_fewshot_k3,6784,3,2,0,2,False,0.0,18272,False,Math,False,0,Incorrect
dynamic_few_shot_k3,granite-8b,v2_json_fewshot_k3,6785,3,1,0,0,True,0.95,13133,False,Math,True,1,Correct
dynamic_few_shot_k3,granite-8b,v2_json_fewshot_k3,6786,3,3,3,0,False,0.95,12157,False,Math,False,0,Incorrect
dynamic_few_shot_k3,granite-8b,v2_json_fewshot_k3,6787,3,1,3,3,True,1.0,9000,False,Math,True,1,Correct
dynamic_few_shot_k3,granite-8b,v2_json_fewshot_k3,6788,3,1,1,1,True,1.0,9650,False,Math,True,1,Correct
dynamic_few_shot_k3,granite-8b,v2_json_fewshot_k3,6789,3,7,2,2,True,1.0,4500,False,Math,True,1,Correct
dynamic_few_shot_k3,granite-8b,v2_json_fewshot_k3,6790,3,3,1,1,True,1.0,11459,False,Math,True,1,Correct
dynamic_few_shot_k3,granite-8b,v2_json_fewshot_k3,6791,3,2,0,0,True,1.0,9900,False,Math,True,1,Correct
dynamic_few_shot_k3,granite-8b,v2_json_fewshot_k3,6792,3,6,3,3,True,1.0,10890,False,Math,True,1,Correct
dynamic_few_shot_k3,granite-8b,v2_json_fewshot_k3,6793,3,3,1,1,True,0.95,8401,False,Math,True,1,Correct
dynamic_few_shot_k3,granite-8b,v2_json_fewshot_k3,6794,3,1,3,3,True,0.95,7790,False,Math,True,1,Correct
dynamic_few_shot_k3,granite-8b,v2_json_fewshot_k3,6795,3,5,3,3,True,1.0,5628,False,Math,True,1,Correct
dynamic_few_shot_k3,granite-8b,v2_json_fewshot_k3,6796,3,6,0,1,False,1.0,7114,False,Math,False,0,Incorrect
dynamic_few_shot_k3,granite-8b,v2_json_fewshot_k3,6797,3,1,2,2,True,0.95,5529,False,Math,True,1,Correct
dynamic_few_shot_k3,granite-8b,v2_json_fewshot_k3,6798,3,3,2,2,True,1.0,8022,False,Math,True,1,Correct
dynamic_few_shot_k3,granite-8b,v2_json_fewshot_k3,6799,3,2,0,2,False,0.9,15706,False,Math,False,0,Incorrect
dynamic_few_shot_k3,granite-8b,v2_json_fewshot_k3,6800,3,1,3,1,False,1.0,16457,False,Math,False,0,Incorrect
dynamic_few_shot_k3,granite-8b,v2_json_fewshot_k3,6801,3,1,2,2,True,1.0,7356,False,Math,True,1,Correct
dynamic_few_shot_k3,granite-8b,v2_json_fewshot_k3,6802,3,3,3,0,False,1.0,7270,False,Math,False,0,Incorrect
dynamic_few_shot_k3,granite-8b,v2_json_fewshot_k3,6803,3,2,3,3,True,1.0,9235,False,Math,True,1,Correct
dynamic_few_shot_k3,granite-8b,v2_json_fewshot_k3,6804,3,6,2,2,True,1.0,4648,False,Math,True,1,Correct
dynamic_few_shot_k3,granite-8b,v2_json_fewshot_k3,6805,3,4,3,3,True,1.0,12874,False,Math,True,1,Correct
dynamic_few_shot_k3,granite-8b,v2_json_fewshot_k3,6806,3,1,2,2,True,1.0,9251,False,Math,True,1,Correct
dynamic_few_shot_k3,granite-8b,v2_json_fewshot_k3,6807,3,4,1,3,False,1.0,9421,False,Math,False,0,Incorrect
dynamic_few_shot_k3,granite-8b,v2_json_fewshot_k3,6808,3,2,1,1,True,1.0,14454,False,Math,True,1,Correct
dynamic_few_shot_k3,granite-8b,v2_json_fewshot_k3,6809,3,1,2,2,True,1.0,12619,False,Math,True,1,Correct
dynamic_few_shot_k3,granite-8b,v2_json_fewshot_k3,6810,3,8,0,3,False,0.95,12064,False,Math,False,0,Incorrect
dynamic_few_shot_k3,granite-8b,v2_json_fewshot_k3,6811,3,3,3,3,True,1.0,8190,False,Math,True,1,Correct
dynamic_few_shot_k3,granite-8b,v2_json_fewshot_k3,6812,3,2,0,0,True,1.0,12176,False,Math,True,1,Correct
dynamic_few_shot_k3,granite-8b,v2_json_fewshot_k3,6813,3,4,0,0,True,1.0,8079,False,Math,True,1,Correct
dynamic_few_shot_k3,granite-8b,v2_json_fewshot_k3,6815,3,4,1,1,True,1.0,15566,False,Math,True,1,Correct
dynamic_few_shot_k3,granite-8b,v2_json_fewshot_k3,6816,3,1,3,3,True,1.0,14570,False,Math,True,1,Correct
dynamic_few_shot_k3,granite-8b,v2_json_fewshot_k3,6817,3,3,1,1,True,1.0,7021,False,Math,True,1,Correct
dynamic_few_shot_k3,granite-8b,v2_json_fewshot_k3,6818,3,1,0,0,True,1.0,12740,False,Math,True,1,Correct
dynamic_few_shot_k3,granite-8b,v2_json_fewshot_k3,6819,3,2,3,3,True,1.0,14030,False,Math,True,1,Correct
dynamic_few_shot_k3,granite-8b,v2_json_fewshot_k3,6820,3,1,2,0,False,0.95,16455,False,Math,False,0,Incorrect
dynamic_few_shot_k3,granite-8b,v2_json_fewshot_k3,6821,3,1,0,0,True,1.0,8803,False,Math,True,1,Correct
dynamic_few_shot_k3,granite-8b,v2_json_fewshot_k3,6822,3,3,0,2,False,1.0,7638,False,Math,False,0,Incorrect
dynamic_few_shot_k3,granite-8b,v2_json_fewshot_k3,6823,3,2,3,3,True,1.0,14241,False,Math,True,1,Correct
dynamic_few_shot_k3,granite-8b,v2_json_fewshot_k3,6824,3,4,2,2,True,1.0,8590,False,Math,True,1,Correct
dynamic_few_shot_k3,granite-8b,v2_json_fewshot_k3,6825,3,1,3,3,True,1.0,8495,False,Math,True,1,Correct
dynamic_few_shot_k3,granite-8b,v2_json_fewshot_k3,6826,3,1,0,0,True,1.0,14120,False,Math,True,1,Correct
dynamic_few_shot_k3,granite-8b,v2_json_fewshot_k3,6827,3,2,1,2,False,1.0,13749,False,Math,False,0,Incorrect
dynamic_few_shot_k3,granite-8b,v2_json_fewshot_k3,6828,3,4,3,1,False,1.0,7326,False,Math,False,0,Incorrect
dynamic_few_shot_k3,granite-8b,v2_json_fewshot_k3,6829,3,7,1,3,False,1.0,6634,False,Math,False,0,Incorrect
dynamic_few_shot_k3,granite-8b,v2_json_fewshot_k3,6830,3,3,3,0,False,1.0,15210,False,Math,False,0,Incorrect
dynamic_few_shot_k3,granite-8b,v2_json_fewshot_k3,6831,3,4,2,0,False,1.0,8665,False,Math,False,0,Incorrect
dynamic_few_shot_k3,granite-8b,v2_json_fewshot_k3,6832,3,15,0,2,False,1.0,13231,False,Math,False,0,Incorrect
dynamic_few_shot_k3,granite-8b,v2_json_fewshot_k3,6833,3,4,2,2,True,1.0,16521,False,Math,True,1,Correct
dynamic_few_shot_k3,granite-8b,v2_json_fewshot_k3,6834,3,5,3,3,True,1.0,5313,False,Math,True,1,Correct
dynamic_few_shot_k3,granite-8b,v2_json_fewshot_k3,6835,3,5,2,2,True,1.0,9360,False,Math,True,1,Correct
dynamic_few_shot_k3,granite-8b,v2_json_fewshot_k3,6836,3,1,2,3,False,0.95,16262,False,Math,False,0,Incorrect
dynamic_few_shot_k3,granite-8b,v2_json_fewshot_k3,6837,3,1,3,3,True,1.0,8424,False,Math,True,1,Correct
dynamic_few_shot_k3,granite-8b,v2_json_fewshot_k3,6838,3,4,3,3,True,1.0,6500,False,Math,True,1,Correct
dynamic_few_shot_k3,granite-8b,v2_json_fewshot_k3,6839,3,6,1,1,True,0.95,10745,False,Math,True,1,Correct
dynamic_few_shot_k3,granite-8b,v2_json_fewshot_k3,6840,3,3,2,2,True,1.0,9740,False,Math,True,1,Correct
dynamic_few_shot_k3,granite-8b,v2_json_fewshot_k3,6841,3,4,0,0,True,0.0,17667,False,Math,True,1,Correct
dynamic_few_shot_k3,granite-8b,v2_json_fewshot_k3,6842,3,1,1,3,False,1.0,6027,False,Math,False,0,Incorrect
dynamic_few_shot_k3,granite-8b,v2_json_fewshot_k3,6843,3,5,2,2,True,1.0,6407,False,Math,True,1,Correct
dynamic_few_shot_k3,granite-8b,v2_json_fewshot_k3,6844,3,3,2,2,True,1.0,4481,False,Math,True,1,Correct
dynamic_few_shot_k3,granite-8b,v2_json_fewshot_k3,6845,3,1,2,0,False,1.0,11649,False,Math,False,0,Incorrect
dynamic_few_shot_k3,granite-8b,v2_json_fewshot_k3,6846,3,10,1,1,True,1.0,13117,True,Math,True,1,Correct
dynamic_few_shot_k3,granite-8b,v2_json_fewshot_k3,6847,3,1,0,0,True,1.0,12101,False,Math,True,1,Correct
dynamic_few_shot_k3,granite-8b,v2_json_fewshot_k3,6848,3,1,0,0,True,1.0,6835,False,Math,True,1,Correct
dynamic_few_shot_k3,granite-8b,v2_json_fewshot_k3,6849,3,2,0,0,True,1.0,7805,False,Math,True,1,Correct
dynamic_few_shot_k3,granite-8b,v2_json_fewshot_k3,6850,3,1,2,2,True,0.9,13765,False,Math,True,1,Correct
dynamic_few_shot_k3,granite-8b,v2_json_fewshot_k3,6851,3,3,0,3,False,1.0,12245,False,Math,False,0,Incorrect
dynamic_few_shot_k3,granite-8b,v2_json_fewshot_k3,6852,3,4,0,0,True,0.9,10335,False,Math,True,1,Correct
calc_react,phi4-14b,v2,6642,3,11,0,0,True,1.0,8299,False,Math,True,1,Correct
calc_react,phi4-14b,v2,6643,3,3,1,3,False,1.0,6985,False,Math,False,0,Incorrect
calc_react,phi4-14b,v2,6644,3,2,2,2,True,1.0,6176,False,Math,True,1,Correct
calc_react,phi4-14b,v2,6645,3,2,3,3,True,1.0,6078,False,Math,True,1,Correct
calc_react,phi4-14b,v2,6646,3,3,0,0,True,1.0,8444,False,Math,True,1,Correct
calc_react,phi4-14b,v2,6647,3,4,3,3,True,1.0,8034,False,Math,True,1,Correct
calc_react,phi4-14b,v2,6648,3,1,3,3,True,1.0,6026,False,Math,True,1,Correct
calc_react,phi4-14b,v2,6649,3,1,2,2,True,1.0,17724,False,Math,True,1,Correct
calc_react,phi4-14b,v2,6650,3,6,0,0,True,1.0,9813,False,Math,True,1,Correct
calc_react,phi4-14b,v2,6651,3,2,3,3,True,1.0,7692,False,Math,True,1,Correct
calc_react,phi4-14b,v2,6652,3,3,1,0,False,0.5,7486,False,Math,False,0,Incorrect
calc_react,phi4-14b,v2,6654,3,1,2,2,True,1.0,5162,False,Math,True,1,Correct
calc_react,phi4-14b,v2,6655,3,5,1,1,True,1.0,8072,False,Math,True,1,Correct
calc_react,phi4-14b,v2,6656,3,2,2,2,True,1.0,8365,False,Math,True,1,Correct
calc_react,phi4-14b,v2,6657,3,8,2,2,True,1.0,6420,False,Math,True,1,Correct
calc_react,phi4-14b,v2,6658,3,5,2,2,True,1.0,23345,False,Math,True,1,Correct
calc_react,phi4-14b,v2,6659,3,2,0,0,True,1.0,3946,False,Math,True,1,Correct
calc_react,phi4-14b,v2,6661,3,10,1,1,True,1.0,14604,False,Math,True,1,Correct
calc_react,phi4-14b,v2,6662,3,1,2,2,True,1.0,5642,False,Math,True,1,Correct
calc_react,phi4-14b,v2,6663,3,2,2,2,True,1.0,6666,False,Math,True,1,Correct
calc_react,phi4-14b,v2,6664,3,3,2,2,True,1.0,8170,False,Math,True,1,Correct
calc_react,phi4-14b,v2,6665,3,2,0,0,True,1.0,6797,False,Math,True,1,Correct
calc_react,phi4-14b,v2,6666,3,1,3,3,True,1.0,11340,False,Math,True,1,Correct
calc_react,phi4-14b,v2,6667,3,2,0,0,True,1.0,7289,False,Math,True,1,Correct
calc_react,phi4-14b,v2,6668,3,4,3,3,True,1.0,5919,False,Math,True,1,Correct
calc_react,phi4-14b,v2,6669,3,3,1,1,True,1.0,4951,False,Math,True,1,Correct
calc_react,phi4-14b,v2,6670,3,2,2,2,True,1.0,5494,False,Math,True,1,Correct
calc_react,phi4-14b,v2,6671,3,3,1,1,True,1.0,12600,False,Math,True,1,Correct
calc_react,phi4-14b,v2,6672,3,2,2,2,True,1.0,11259,False,Math,True,1,Correct
calc_react,phi4-14b,v2,6673,3,1,3,3,True,1.0,5866,False,Math,True,1,Correct
calc_react,phi4-14b,v2,6674,3,4,2,2,True,1.0,6237,False,Math,True,1,Correct
calc_react,phi4-14b,v2,6675,3,3,0,0,True,1.0,8346,False,Math,True,1,Correct
calc_react,phi4-14b,v2,6676,3,11,0,0,True,1.0,5525,False,Math,True,1,Correct
calc_react,phi4-14b,v2,6677,3,5,3,3,True,1.0,5254,False,Math,True,1,Correct
calc_react,phi4-14b,v2,6679,3,3,3,3,True,1.0,8506,False,Math,True,1,Correct
calc_react,phi4-14b,v2,6680,3,9,2,2,True,1.0,7376,False,Math,True,1,Correct
calc_react,phi4-14b,v2,6681,3,1,1,1,True,1.0,5777,False,Math,True,1,Correct
calc_react,phi4-14b,v2,6682,3,1,3,3,True,1.0,4925,False,Math,True,1,Correct
calc_react,phi4-14b,v2,6683,3,2,3,3,True,1.0,10240,False,Math,True,1,Correct
calc_react,phi4-14b,v2,6684,3,1,0,3,False,0.0,28432,False,Math,False,0,Incorrect
calc_react,phi4-14b,v2,6685,3,3,0,2,False,0.9,14348,False,Math,False,0,Incorrect
calc_react,phi4-14b,v2,6686,3,3,2,2,True,1.0,5625,False,Math,True,1,Correct
calc_react,phi4-14b,v2,6688,3,7,0,0,True,1.0,17072,False,Math,True,1,Correct
calc_react,phi4-14b,v2,6689,3,1,3,3,True,1.0,8205,False,Math,True,1,Correct
calc_react,phi4-14b,v2,6690,3,1,2,2,True,1.0,9113,False,Math,True,1,Correct
calc_react,phi4-14b,v2,6691,3,2,3,3,True,1.0,6935,False,Math,True,1,Correct
calc_react,phi4-14b,v2,6692,3,3,0,3,False,1.0,10051,False,Math,False,0,Incorrect
calc_react,phi4-14b,v2,6693,3,2,3,3,True,1.0,4563,False,Math,True,1,Correct
calc_react,phi4-14b,v2,6694,3,5,0,0,True,1.0,6948,False,Math,True,1,Correct
calc_react,phi4-14b,v2,6695,3,9,0,0,True,1.0,29235,False,Math,True,1,Correct
calc_react,phi4-14b,v2,6696,3,1,2,2,True,1.0,6216,False,Math,True,1,Correct
calc_react,phi4-14b,v2,6697,3,3,1,1,True,1.0,10637,False,Math,True,1,Correct
calc_react,phi4-14b,v2,6698,3,6,1,1,True,1.0,5625,False,Math,True,1,Correct
calc_react,phi4-14b,v2,6699,3,2,1,1,True,1.0,9432,False,Math,True,1,Correct
calc_react,phi4-14b,v2,6700,3,1,0,0,True,1.0,4356,False,Math,True,1,Correct
calc_react,phi4-14b,v2,6701,3,1,3,3,True,1.0,8039,False,Math,True,1,Correct
calc_react,phi4-14b,v2,6702,3,4,0,0,True,1.0,13162,False,Math,True,1,Correct
calc_react,phi4-14b,v2,6703,3,10,1,1,True,1.0,5996,False,Math,True,1,Correct
calc_react,phi4-14b,v2,6704,3,7,3,3,True,1.0,7281,False,Math,True,1,Correct
calc_react,phi4-14b,v2,6705,3,1,1,1,True,1.0,5786,False,Math,True,1,Correct
calc_react,phi4-14b,v2,6706,3,3,0,1,False,1.0,11009,False,Math,False,0,Incorrect
calc_react,phi4-14b,v2,6707,3,1,1,1,True,1.0,9712,False,Math,True,1,Correct
calc_react,phi4-14b,v2,6709,3,1,1,1,True,1.0,8343,False,Math,True,1,Correct
calc_react,phi4-14b,v2,6710,3,2,1,1,True,0.9,10611,False,Math,True,1,Correct
calc_react,phi4-14b,v2,6711,3,10,0,0,True,1.0,7257,False,Math,True,1,Correct
calc_react,phi4-14b,v2,6713,3,3,3,3,True,1.0,7486,False,Math,True,1,Correct
calc_react,phi4-14b,v2,6714,3,1,1,1,True,1.0,8695,False,Math,True,1,Correct
calc_react,phi4-14b,v2,6715,3,2,2,2,True,1.0,5319,False,Math,True,1,Correct
calc_react,phi4-14b,v2,6716,3,5,0,0,True,1.0,8231,False,Math,True,1,Correct
calc_react,phi4-14b,v2,6717,3,1,1,1,True,1.0,15342,False,Math,True,1,Correct
calc_react,phi4-14b,v2,6718,3,1,1,1,True,1.0,7839,False,Math,True,1,Correct
calc_react,phi4-14b,v2,6719,3,3,1,1,True,1.0,5913,False,Math,True,1,Correct
calc_react,phi4-14b,v2,6720,3,3,0,1,False,0.0,28347,False,Math,False,0,Incorrect
calc_react,phi4-14b,v2,6722,3,1,1,1,True,1.0,6110,False,Math,True,1,Correct
calc_react,phi4-14b,v2,6723,3,1,3,3,True,1.0,8608,False,Math,True,1,Correct
calc_react,phi4-14b,v2,6724,3,5,1,1,True,1.0,7542,False,Math,True,1,Correct
calc_react,phi4-14b,v2,6725,3,6,0,0,True,1.0,4914,False,Math,True,1,Correct
calc_react,phi4-14b,v2,6726,3,1,3,3,True,1.0,11183,False,Math,True,1,Correct
calc_react,phi4-14b,v2,6727,3,3,1,1,True,1.0,6334,False,Math,True,1,Correct
calc_react,phi4-14b,v2,6728,3,3,2,2,True,1.0,6327,False,Math,True,1,Correct
calc_react,phi4-14b,v2,6729,3,1,0,0,True,1.0,15375,False,Math,True,1,Correct
calc_react,phi4-14b,v2,6730,3,2,2,2,True,1.0,6718,False,Math,True,1,Correct
calc_react,phi4-14b,v2,6731,3,1,0,0,True,1.0,14308,False,Math,True,1,Correct
calc_react,phi4-14b,v2,6732,3,4,2,2,True,1.0,9501,False,Math,True,1,Correct
calc_react,phi4-14b,v2,6733,3,2,3,3,True,1.0,6823,False,Math,True,1,Correct
calc_react,phi4-14b,v2,6734,3,1,1,1,True,1.0,9124,False,Math,True,1,Correct
calc_react,phi4-14b,v2,6735,3,2,1,1,True,1.0,6546,False,Math,True,1,Correct
calc_react,phi4-14b,v2,6736,3,4,0,0,True,1.0,4738,False,Math,True,1,Correct
calc_react,phi4-14b,v2,6737,3,1,2,0,False,1.0,6763,False,Math,False,0,Incorrect
calc_react,phi4-14b,v2,6738,3,2,3,3,True,1.0,13610,False,Math,True,1,Correct
calc_react,phi4-14b,v2,6739,3,2,2,2,True,1.0,8057,False,Math,True,1,Correct
calc_react,phi4-14b,v2,6740,3,6,2,2,True,1.0,14845,False,Math,True,1,Correct
calc_react,phi4-14b,v2,6741,3,3,1,1,True,1.0,13278,False,Math,True,1,Correct
calc_react,phi4-14b,v2,6742,3,5,3,3,True,1.0,10058,False,Math,True,1,Correct
calc_react,phi4-14b,v2,6743,3,2,3,3,True,1.0,6130,False,Math,True,1,Correct
calc_react,phi4-14b,v2,6744,3,2,1,1,True,1.0,5715,False,Math,True,1,Correct
calc_react,phi4-14b,v2,6747,3,1,1,1,True,1.0,14864,False,Math,True,1,Correct
calc_react,phi4-14b,v2,6748,3,9,1,1,True,1.0,5663,False,Math,True,1,Correct
calc_react,phi4-14b,v2,6749,3,1,1,1,True,0.9,17606,False,Math,True,1,Correct
calc_react,phi4-14b,v2,6750,3,1,1,1,True,1.0,4207,False,Math,True,1,Correct
calc_react,phi4-14b,v2,6751,3,3,1,1,True,1.0,13810,False,Math,True,1,Correct
calc_react,phi4-14b,v2,6752,3,5,2,2,True,1.0,9462,False,Math,True,1,Correct
calc_react,phi4-14b,v2,6753,3,4,0,1,False,0.0,27417,False,Math,False,0,Incorrect
calc_react,phi4-14b,v2,6754,3,1,2,2,True,1.0,6850,False,Math,True,1,Correct
calc_react,phi4-14b,v2,6756,3,2,0,0,True,1.0,8876,False,Math,True,1,Correct
calc_react,phi4-14b,v2,6757,3,13,0,0,True,1.0,8006,False,Math,True,1,Correct
calc_react,phi4-14b,v2,6758,3,2,0,0,True,1.0,4697,False,Math,True,1,Correct
calc_react,phi4-14b,v2,6759,3,2,2,2,True,1.0,8996,False,Math,True,1,Correct
calc_react,phi4-14b,v2,6760,3,2,1,1,True,1.0,20033,False,Math,True,1,Correct
calc_react,phi4-14b,v2,6761,3,2,2,2,True,1.0,7193,False,Math,True,1,Correct
calc_react,phi4-14b,v2,6762,3,3,1,1,True,1.0,9804,False,Math,True,1,Correct
calc_react,phi4-14b,v2,6763,3,2,1,1,True,1.0,5358,False,Math,True,1,Correct
calc_react,phi4-14b,v2,6764,3,1,3,3,True,0.9,10181,False,Math,True,1,Correct
calc_react,phi4-14b,v2,6765,3,3,0,0,True,1.0,5496,False,Math,True,1,Correct
calc_react,phi4-14b,v2,6766,3,2,3,3,True,1.0,5357,False,Math,True,1,Correct
calc_react,phi4-14b,v2,6767,3,2,1,2,False,1.0,15731,False,Math,False,0,Incorrect
calc_react,phi4-14b,v2,6768,3,2,0,0,True,1.0,7653,False,Math,True,1,Correct
calc_react,phi4-14b,v2,6769,3,5,3,3,True,1.0,9578,False,Math,True,1,Correct
calc_react,phi4-14b,v2,6770,3,1,0,0,True,1.0,9413,False,Math,True,1,Correct
calc_react,phi4-14b,v2,6771,3,4,3,3,True,1.0,17659,False,Math,True,1,Correct
calc_react,phi4-14b,v2,6772,3,3,3,3,True,1.0,7407,False,Math,True,1,Correct
calc_react,phi4-14b,v2,6773,3,10,2,2,True,1.0,14491,False,Math,True,1,Correct
calc_react,phi4-14b,v2,6774,3,1,2,2,True,1.0,7116,False,Math,True,1,Correct
calc_react,phi4-14b,v2,6775,3,2,3,3,True,1.0,7461,False,Math,True,1,Correct
calc_react,phi4-14b,v2,6776,3,3,2,3,False,1.0,23918,False,Math,False,0,Incorrect
calc_react,phi4-14b,v2,6777,3,5,0,0,True,1.0,5954,False,Math,True,1,Correct
calc_react,phi4-14b,v2,6778,3,1,0,3,False,0.9,16338,False,Math,False,0,Incorrect
calc_react,phi4-14b,v2,6779,3,2,0,0,True,1.0,7088,False,Math,True,1,Correct
calc_react,phi4-14b,v2,6780,3,1,0,0,True,0.0,34572,False,Math,True,1,Correct
calc_react,phi4-14b,v2,6781,3,5,1,1,True,1.0,10570,False,Math,True,1,Correct
calc_react,phi4-14b,v2,6782,3,1,1,1,True,1.0,9296,False,Math,True,1,Correct
calc_react,phi4-14b,v2,6783,3,1,2,2,True,1.0,4417,False,Math,True,1,Correct
calc_react,phi4-14b,v2,6784,3,2,2,2,True,1.0,12183,False,Math,True,1,Correct
calc_react,phi4-14b,v2,6785,3,1,0,0,True,1.0,9342,False,Math,True,1,Correct
calc_react,phi4-14b,v2,6786,3,3,0,0,True,0.8,20873,False,Math,True,1,Correct
calc_react,phi4-14b,v2,6787,3,1,3,3,True,0.9,13339,False,Math,True,1,Correct
calc_react,phi4-14b,v2,6788,3,1,1,1,True,1.0,6108,False,Math,True,1,Correct
calc_react,phi4-14b,v2,6789,3,7,2,2,True,1.0,5349,False,Math,True,1,Correct
calc_react,phi4-14b,v2,6790,3,3,1,1,True,1.0,9209,False,Math,True,1,Correct
calc_react,phi4-14b,v2,6791,3,2,0,0,True,1.0,9866,False,Math,True,1,Correct
calc_react,phi4-14b,v2,6792,3,6,3,3,True,1.0,6407,False,Math,True,1,Correct
calc_react,phi4-14b,v2,6793,3,3,1,1,True,1.0,6228,False,Math,True,1,Correct
calc_react,phi4-14b,v2,6794,3,1,3,3,True,1.0,5147,False,Math,True,1,Correct
calc_react,phi4-14b,v2,6795,3,5,3,3,True,1.0,6838,False,Math,True,1,Correct
calc_react,phi4-14b,v2,6796,3,6,1,1,True,1.0,4839,False,Math,True,1,Correct
calc_react,phi4-14b,v2,6797,3,1,2,2,True,1.0,5063,False,Math,True,1,Correct
calc_react,phi4-14b,v2,6798,3,3,2,2,True,1.0,4893,False,Math,True,1,Correct
calc_react,phi4-14b,v2,6799,3,2,2,2,True,1.0,21402,False,Math,True,1,Correct
calc_react,phi4-14b,v2,6800,3,1,1,1,True,1.0,12993,False,Math,True,1,Correct
calc_react,phi4-14b,v2,6801,3,1,2,2,True,1.0,5522,False,Math,True,1,Correct
calc_react,phi4-14b,v2,6802,3,3,0,0,True,1.0,7273,False,Math,True,1,Correct
calc_react,phi4-14b,v2,6803,3,2,3,3,True,1.0,10451,False,Math,True,1,Correct
calc_react,phi4-14b,v2,6804,3,6,2,2,True,1.0,5422,False,Math,True,1,Correct
calc_react,phi4-14b,v2,6805,3,4,3,3,True,1.0,14102,False,Math,True,1,Correct
calc_react,phi4-14b,v2,6806,3,1,2,2,True,1.0,10483,False,Math,True,1,Correct
calc_react,phi4-14b,v2,6807,3,4,3,3,True,0.9,18990,False,Math,True,1,Correct
calc_react,phi4-14b,v2,6808,3,2,1,1,True,1.0,9590,False,Math,True,1,Correct
calc_react,phi4-14b,v2,6809,3,1,2,2,True,1.0,11565,False,Math,True,1,Correct
calc_react,phi4-14b,v2,6810,3,8,2,3,False,0.9,21119,False,Math,False,0,Incorrect
calc_react,phi4-14b,v2,6811,3,3,3,3,True,1.0,4020,False,Math,True,1,Correct
calc_react,phi4-14b,v2,6812,3,2,1,0,False,1.0,10937,False,Math,False,0,Incorrect
calc_react,phi4-14b,v2,6813,3,4,0,0,True,1.0,6274,False,Math,True,1,Correct
calc_react,phi4-14b,v2,6815,3,4,1,1,True,1.0,11250,False,Math,True,1,Correct
calc_react,phi4-14b,v2,6816,3,1,3,3,True,1.0,16232,False,Math,True,1,Correct
calc_react,phi4-14b,v2,6817,3,3,1,1,True,1.0,5843,False,Math,True,1,Correct
calc_react,phi4-14b,v2,6818,3,1,0,0,True,1.0,7361,False,Math,True,1,Correct
calc_react,phi4-14b,v2,6819,3,2,3,3,True,0.9,21533,False,Math,True,1,Correct
calc_react,phi4-14b,v2,6820,3,1,0,0,True,1.0,16012,False,Math,True,1,Correct
calc_react,phi4-14b,v2,6821,3,1,0,0,True,1.0,10230,False,Math,True,1,Correct
calc_react,phi4-14b,v2,6822,3,3,2,2,True,1.0,7176,False,Math,True,1,Correct
calc_react,phi4-14b,v2,6823,3,2,3,3,True,1.0,17832,False,Math,True,1,Correct
calc_react,phi4-14b,v2,6824,3,4,2,2,True,1.0,5988,False,Math,True,1,Correct
calc_react,phi4-14b,v2,6825,3,1,3,3,True,1.0,5114,False,Math,True,1,Correct
calc_react,phi4-14b,v2,6826,3,1,0,0,True,1.0,9817,False,Math,True,1,Correct
calc_react,phi4-14b,v2,6827,3,2,2,2,True,1.0,16227,False,Math,True,1,Correct
calc_react,phi4-14b,v2,6828,3,4,0,1,False,0.0,27843,False,Math,False,0,Incorrect
calc_react,phi4-14b,v2,6829,3,7,3,3,True,1.0,6679,False,Math,True,1,Correct
calc_react,phi4-14b,v2,6830,3,3,0,0,True,0.8,8498,False,Math,True,1,Correct
calc_react,phi4-14b,v2,6831,3,4,0,0,True,1.0,14509,False,Math,True,1,Correct
calc_react,phi4-14b,v2,6832,3,15,2,2,True,0.8,17305,False,Math,True,1,Correct
calc_react,phi4-14b,v2,6833,3,4,2,2,True,0.9,15696,False,Math,True,1,Correct
calc_react,phi4-14b,v2,6834,3,5,3,3,True,1.0,4424,False,Math,True,1,Correct
calc_react,phi4-14b,v2,6835,3,5,2,2,True,1.0,6793,False,Math,True,1,Correct
calc_react,phi4-14b,v2,6836,3,1,2,3,False,1.0,12408,False,Math,False,0,Incorrect
calc_react,phi4-14b,v2,6837,3,1,3,3,True,1.0,4625,False,Math,True,1,Correct
calc_react,phi4-14b,v2,6838,3,4,3,3,True,1.0,6593,False,Math,True,1,Correct
calc_react,phi4-14b,v2,6839,3,6,1,1,True,1.0,11053,False,Math,True,1,Correct
calc_react,phi4-14b,v2,6840,3,3,2,2,True,1.0,8166,False,Math,True,1,Correct
calc_react,phi4-14b,v2,6841,3,4,0,0,True,1.0,18973,False,Math,True,1,Correct
calc_react,phi4-14b,v2,6842,3,1,3,3,True,1.0,6691,False,Math,True,1,Correct
calc_react,phi4-14b,v2,6843,3,5,2,2,True,1.0,6252,False,Math,True,1,Correct
calc_react,phi4-14b,v2,6844,3,3,2,2,True,1.0,4781,False,Math,True,1,Correct
calc_react,phi4-14b,v2,6845,3,1,0,0,True,1.0,15723,False,Math,True,1,Correct
calc_react,phi4-14b,v2,6846,3,10,2,1,False,0.9,16013,True,Math,False,0,Incorrect
calc_react,phi4-14b,v2,6847,3,1,0,0,True,1.0,10373,False,Math,True,1,Correct
calc_react,phi4-14b,v2,6848,3,1,0,0,True,1.0,4932,False,Math,True,1,Correct
calc_react,phi4-14b,v2,6849,3,2,0,0,True,1.0,5661,False,Math,True,1,Correct
calc_react,phi4-14b,v2,6850,3,1,2,2,True,1.0,7673,False,Math,True,1,Correct
calc_react,phi4-14b,v2,6851,3,3,3,3,True,1.0,15876,False,Math,True,1,Correct
calc_react,phi4-14b,v2,6852,3,4,0,0,True,1.0,15432,False,Math,True,1,Correct
dynamic_few_shot_k3,phi4-14b,v2_json_fewshot_k3,6642,3,11,0,0,True,1.0,6849,False,Math,True,1,Correct
dynamic_few_shot_k3,phi4-14b,v2_json_fewshot_k3,6643,3,3,3,3,True,1.0,11868,False,Math,True,1,Correct
dynamic_few_shot_k3,phi4-14b,v2_json_fewshot_k3,6644,3,2,2,2,True,1.0,8519,False,Math,True,1,Correct
dynamic_few_shot_k3,phi4-14b,v2_json_fewshot_k3,6645,3,2,3,3,True,1.0,10142,False,Math,True,1,Correct
dynamic_few_shot_k3,phi4-14b,v2_json_fewshot_k3,6646,3,3,0,0,True,1.0,12681,False,Math,True,1,Correct
dynamic_few_shot_k3,phi4-14b,v2_json_fewshot_k3,6647,3,4,1,3,False,1.0,22385,False,Math,False,0,Incorrect
dynamic_few_shot_k3,phi4-14b,v2_json_fewshot_k3,6648,3,1,3,3,True,1.0,9734,False,Math,True,1,Correct
dynamic_few_shot_k3,phi4-14b,v2_json_fewshot_k3,6649,3,1,0,2,False,0.0,23551,False,Math,False,0,Incorrect
dynamic_few_shot_k3,phi4-14b,v2_json_fewshot_k3,6650,3,6,0,0,True,1.0,16133,False,Math,True,1,Correct
dynamic_few_shot_k3,phi4-14b,v2_json_fewshot_k3,6651,3,2,3,3,True,1.0,13107,False,Math,True,1,Correct
dynamic_few_shot_k3,phi4-14b,v2_json_fewshot_k3,6652,3,3,0,0,True,1.0,12625,False,Math,True,1,Correct
dynamic_few_shot_k3,phi4-14b,v2_json_fewshot_k3,6654,3,1,2,2,True,1.0,9547,False,Math,True,1,Correct
dynamic_few_shot_k3,phi4-14b,v2_json_fewshot_k3,6655,3,5,1,1,True,1.0,9156,False,Math,True,1,Correct
dynamic_few_shot_k3,phi4-14b,v2_json_fewshot_k3,6656,3,2,2,2,True,0.9,14934,False,Math,True,1,Correct
dynamic_few_shot_k3,phi4-14b,v2_json_fewshot_k3,6657,3,8,2,2,True,1.0,10848,False,Math,True,1,Correct
dynamic_few_shot_k3,phi4-14b,v2_json_fewshot_k3,6658,3,5,2,2,True,1.0,14738,False,Math,True,1,Correct
dynamic_few_shot_k3,phi4-14b,v2_json_fewshot_k3,6659,3,2,0,0,True,1.0,7835,False,Math,True,1,Correct
dynamic_few_shot_k3,phi4-14b,v2_json_fewshot_k3,6661,3,10,1,1,True,1.0,17181,False,Math,True,1,Correct
dynamic_few_shot_k3,phi4-14b,v2_json_fewshot_k3,6662,3,1,2,2,True,1.0,7640,False,Math,True,1,Correct
dynamic_few_shot_k3,phi4-14b,v2_json_fewshot_k3,6663,3,2,2,2,True,1.0,8552,False,Math,True,1,Correct
dynamic_few_shot_k3,phi4-14b,v2_json_fewshot_k3,6664,3,3,2,2,True,1.0,12122,False,Math,True,1,Correct
dynamic_few_shot_k3,phi4-14b,v2_json_fewshot_k3,6665,3,2,0,0,True,1.0,12187,False,Math,True,1,Correct
dynamic_few_shot_k3,phi4-14b,v2_json_fewshot_k3,6666,3,1,3,3,True,1.0,19738,False,Math,True,1,Correct
dynamic_few_shot_k3,phi4-14b,v2_json_fewshot_k3,6667,3,2,0,0,True,1.0,10589,False,Math,True,1,Correct
dynamic_few_shot_k3,phi4-14b,v2_json_fewshot_k3,6668,3,4,3,3,True,1.0,14688,False,Math,True,1,Correct
dynamic_few_shot_k3,phi4-14b,v2_json_fewshot_k3,6669,3,3,1,1,True,1.0,12361,False,Math,True,1,Correct
dynamic_few_shot_k3,phi4-14b,v2_json_fewshot_k3,6670,3,2,2,2,True,1.0,9772,False,Math,True,1,Correct
dynamic_few_shot_k3,phi4-14b,v2_json_fewshot_k3,6671,3,3,1,1,True,1.0,17321,False,Math,True,1,Correct
dynamic_few_shot_k3,phi4-14b,v2_json_fewshot_k3,6672,3,2,2,2,True,1.0,11996,False,Math,True,1,Correct
dynamic_few_shot_k3,phi4-14b,v2_json_fewshot_k3,6673,3,1,3,3,True,1.0,10123,False,Math,True,1,Correct
dynamic_few_shot_k3,phi4-14b,v2_json_fewshot_k3,6674,3,4,2,2,True,1.0,9847,False,Math,True,1,Correct
dynamic_few_shot_k3,phi4-14b,v2_json_fewshot_k3,6675,3,3,0,0,True,1.0,14163,False,Math,True,1,Correct
dynamic_few_shot_k3,phi4-14b,v2_json_fewshot_k3,6676,3,11,0,0,True,1.0,11578,False,Math,True,1,Correct
dynamic_few_shot_k3,phi4-14b,v2_json_fewshot_k3,6677,3,5,3,3,True,1.0,7898,False,Math,True,1,Correct
dynamic_few_shot_k3,phi4-14b,v2_json_fewshot_k3,6679,3,3,3,3,True,1.0,9925,False,Math,True,1,Correct
dynamic_few_shot_k3,phi4-14b,v2_json_fewshot_k3,6680,3,9,2,2,True,1.0,13225,False,Math,True,1,Correct
dynamic_few_shot_k3,phi4-14b,v2_json_fewshot_k3,6681,3,1,1,1,True,1.0,8527,False,Math,True,1,Correct
dynamic_few_shot_k3,phi4-14b,v2_json_fewshot_k3,6682,3,1,3,3,True,1.0,6665,False,Math,True,1,Correct
dynamic_few_shot_k3,phi4-14b,v2_json_fewshot_k3,6683,3,2,3,3,True,1.0,20104,False,Math,True,1,Correct
dynamic_few_shot_k3,phi4-14b,v2_json_fewshot_k3,6684,3,1,0,3,False,0.0,24412,False,Math,False,0,Incorrect
dynamic_few_shot_k3,phi4-14b,v2_json_fewshot_k3,6685,3,3,0,2,False,1.0,15443,False,Math,False,0,Incorrect
dynamic_few_shot_k3,phi4-14b,v2_json_fewshot_k3,6686,3,3,2,2,True,1.0,6905,False,Math,True,1,Correct
dynamic_few_shot_k3,phi4-14b,v2_json_fewshot_k3,6688,3,7,0,0,True,1.0,19540,False,Math,True,1,Correct
dynamic_few_shot_k3,phi4-14b,v2_json_fewshot_k3,6689,3,1,3,3,True,1.0,19620,False,Math,True,1,Correct
dynamic_few_shot_k3,phi4-14b,v2_json_fewshot_k3,6690,3,1,1,2,False,1.0,10633,False,Math,False,0,Incorrect
dynamic_few_shot_k3,phi4-14b,v2_json_fewshot_k3,6691,3,2,3,3,True,1.0,10241,False,Math,True,1,Correct
dynamic_few_shot_k3,phi4-14b,v2_json_fewshot_k3,6692,3,3,0,3,False,0.95,16019,False,Math,False,0,Incorrect
dynamic_few_shot_k3,phi4-14b,v2_json_fewshot_k3,6693,3,2,3,3,True,1.0,11140,False,Math,True,1,Correct
dynamic_few_shot_k3,phi4-14b,v2_json_fewshot_k3,6694,3,5,0,0,True,1.0,16397,False,Math,True,1,Correct
dynamic_few_shot_k3,phi4-14b,v2_json_fewshot_k3,6695,3,9,0,0,True,1.0,23610,False,Math,True,1,Correct
dynamic_few_shot_k3,phi4-14b,v2_json_fewshot_k3,6696,3,1,2,2,True,1.0,12613,False,Math,True,1,Correct
dynamic_few_shot_k3,phi4-14b,v2_json_fewshot_k3,6697,3,3,1,1,True,1.0,16113,False,Math,True,1,Correct
dynamic_few_shot_k3,phi4-14b,v2_json_fewshot_k3,6698,3,6,1,1,True,1.0,12048,False,Math,True,1,Correct
dynamic_few_shot_k3,phi4-14b,v2_json_fewshot_k3,6699,3,2,2,1,False,1.0,14858,False,Math,False,0,Incorrect
dynamic_few_shot_k3,phi4-14b,v2_json_fewshot_k3,6700,3,1,0,0,True,1.0,7235,False,Math,True,1,Correct
dynamic_few_shot_k3,phi4-14b,v2_json_fewshot_k3,6701,3,1,3,3,True,1.0,12404,False,Math,True,1,Correct
dynamic_few_shot_k3,phi4-14b,v2_json_fewshot_k3,6702,3,4,0,0,True,1.0,14566,False,Math,True,1,Correct
dynamic_few_shot_k3,phi4-14b,v2_json_fewshot_k3,6703,3,10,1,1,True,1.0,11461,False,Math,True,1,Correct
dynamic_few_shot_k3,phi4-14b,v2_json_fewshot_k3,6704,3,7,3,3,True,1.0,11724,False,Math,True,1,Correct
dynamic_few_shot_k3,phi4-14b,v2_json_fewshot_k3,6705,3,1,1,1,True,1.0,12056,False,Math,True,1,Correct
dynamic_few_shot_k3,phi4-14b,v2_json_fewshot_k3,6706,3,3,1,1,True,0.9,13698,False,Math,True,1,Correct
dynamic_few_shot_k3,phi4-14b,v2_json_fewshot_k3,6707,3,1,1,1,True,1.0,15826,False,Math,True,1,Correct
dynamic_few_shot_k3,phi4-14b,v2_json_fewshot_k3,6709,3,1,1,1,True,1.0,12493,False,Math,True,1,Correct
dynamic_few_shot_k3,phi4-14b,v2_json_fewshot_k3,6710,3,2,1,1,True,0.9,13712,False,Math,True,1,Correct
dynamic_few_shot_k3,phi4-14b,v2_json_fewshot_k3,6711,3,10,0,0,True,0.0,24888,False,Math,True,1,Correct
dynamic_few_shot_k3,phi4-14b,v2_json_fewshot_k3,6713,3,3,1,3,False,1.0,13149,False,Math,False,0,Incorrect
dynamic_few_shot_k3,phi4-14b,v2_json_fewshot_k3,6714,3,1,1,1,True,1.0,12728,False,Math,True,1,Correct
dynamic_few_shot_k3,phi4-14b,v2_json_fewshot_k3,6715,3,2,2,2,True,1.0,20466,False,Math,True,1,Correct
dynamic_few_shot_k3,phi4-14b,v2_json_fewshot_k3,6716,3,5,0,0,True,1.0,11391,False,Math,True,1,Correct
dynamic_few_shot_k3,phi4-14b,v2_json_fewshot_k3,6717,3,1,1,1,True,1.0,22387,False,Math,True,1,Correct
dynamic_few_shot_k3,phi4-14b,v2_json_fewshot_k3,6718,3,1,1,1,True,1.0,19099,False,Math,True,1,Correct
dynamic_few_shot_k3,phi4-14b,v2_json_fewshot_k3,6719,3,3,1,1,True,1.0,9734,False,Math,True,1,Correct
dynamic_few_shot_k3,phi4-14b,v2_json_fewshot_k3,6720,3,3,1,1,True,1.0,24473,False,Math,True,1,Correct
dynamic_few_shot_k3,phi4-14b,v2_json_fewshot_k3,6722,3,1,1,1,True,1.0,18136,False,Math,True,1,Correct
dynamic_few_shot_k3,phi4-14b,v2_json_fewshot_k3,6723,3,1,3,3,True,1.0,12053,False,Math,True,1,Correct
dynamic_few_shot_k3,phi4-14b,v2_json_fewshot_k3,6724,3,5,1,1,True,0.9,12441,False,Math,True,1,Correct
dynamic_few_shot_k3,phi4-14b,v2_json_fewshot_k3,6725,3,6,0,0,True,1.0,10456,False,Math,True,1,Correct
dynamic_few_shot_k3,phi4-14b,v2_json_fewshot_k3,6726,3,1,0,3,False,1.0,16705,False,Math,False,0,Incorrect
dynamic_few_shot_k3,phi4-14b,v2_json_fewshot_k3,6727,3,3,1,1,True,1.0,17014,False,Math,True,1,Correct
dynamic_few_shot_k3,phi4-14b,v2_json_fewshot_k3,6728,3,3,2,2,True,1.0,8897,False,Math,True,1,Correct
dynamic_few_shot_k3,phi4-14b,v2_json_fewshot_k3,6729,3,1,0,0,True,1.0,21512,False,Math,True,1,Correct
dynamic_few_shot_k3,phi4-14b,v2_json_fewshot_k3,6730,3,2,2,2,True,1.0,11113,False,Math,True,1,Correct
dynamic_few_shot_k3,phi4-14b,v2_json_fewshot_k3,6731,3,1,0,0,True,1.0,18331,False,Math,True,1,Correct
dynamic_few_shot_k3,phi4-14b,v2_json_fewshot_k3,6732,3,4,3,2,False,1.0,11906,False,Math,False,0,Incorrect
dynamic_few_shot_k3,phi4-14b,v2_json_fewshot_k3,6733,3,2,3,3,True,1.0,21136,False,Math,True,1,Correct
dynamic_few_shot_k3,phi4-14b,v2_json_fewshot_k3,6734,3,1,1,1,True,1.0,10738,False,Math,True,1,Correct
dynamic_few_shot_k3,phi4-14b,v2_json_fewshot_k3,6735,3,2,1,1,True,1.0,13517,False,Math,True,1,Correct
dynamic_few_shot_k3,phi4-14b,v2_json_fewshot_k3,6736,3,4,0,0,True,1.0,10040,False,Math,True,1,Correct
dynamic_few_shot_k3,phi4-14b,v2_json_fewshot_k3,6737,3,1,2,0,False,1.0,14844,False,Math,False,0,Incorrect
dynamic_few_shot_k3,phi4-14b,v2_json_fewshot_k3,6738,3,2,2,3,False,1.0,17174,False,Math,False,0,Incorrect
dynamic_few_shot_k3,phi4-14b,v2_json_fewshot_k3,6739,3,2,2,2,True,1.0,10261,False,Math,True,1,Correct
dynamic_few_shot_k3,phi4-14b,v2_json_fewshot_k3,6740,3,6,2,2,True,1.0,14481,False,Math,True,1,Correct
dynamic_few_shot_k3,phi4-14b,v2_json_fewshot_k3,6741,3,3,1,1,True,1.0,19175,False,Math,True,1,Correct
dynamic_few_shot_k3,phi4-14b,v2_json_fewshot_k3,6742,3,5,3,3,True,0.9,13526,False,Math,True,1,Correct
dynamic_few_shot_k3,phi4-14b,v2_json_fewshot_k3,6743,3,2,3,3,True,1.0,12206,False,Math,True,1,Correct
dynamic_few_shot_k3,phi4-14b,v2_json_fewshot_k3,6744,3,2,1,1,True,1.0,12624,False,Math,True,1,Correct
dynamic_few_shot_k3,phi4-14b,v2_json_fewshot_k3,6747,3,1,1,1,True,1.0,16457,False,Math,True,1,Correct
dynamic_few_shot_k3,phi4-14b,v2_json_fewshot_k3,6748,3,9,1,1,True,1.0,11142,False,Math,True,1,Correct
dynamic_few_shot_k3,phi4-14b,v2_json_fewshot_k3,6749,3,1,1,1,True,1.0,17474,False,Math,True,1,Correct
dynamic_few_shot_k3,phi4-14b,v2_json_fewshot_k3,6750,3,1,1,1,True,1.0,9224,False,Math,True,1,Correct
dynamic_few_shot_k3,phi4-14b,v2_json_fewshot_k3,6751,3,3,1,1,True,1.0,17246,False,Math,True,1,Correct
dynamic_few_shot_k3,phi4-14b,v2_json_fewshot_k3,6752,3,5,2,2,True,1.0,14309,False,Math,True,1,Correct
dynamic_few_shot_k3,phi4-14b,v2_json_fewshot_k3,6753,3,4,0,1,False,1.0,22941,False,Math,False,0,Incorrect
dynamic_few_shot_k3,phi4-14b,v2_json_fewshot_k3,6754,3,1,2,2,True,1.0,9889,False,Math,True,1,Correct
dynamic_few_shot_k3,phi4-14b,v2_json_fewshot_k3,6756,3,2,0,0,True,1.0,10881,False,Math,True,1,Correct
dynamic_few_shot_k3,phi4-14b,v2_json_fewshot_k3,6757,3,13,0,0,True,1.0,13988,False,Math,True,1,Correct
dynamic_few_shot_k3,phi4-14b,v2_json_fewshot_k3,6758,3,2,0,0,True,1.0,8723,False,Math,True,1,Correct
dynamic_few_shot_k3,phi4-14b,v2_json_fewshot_k3,6759,3,2,2,2,True,1.0,12054,False,Math,True,1,Correct
dynamic_few_shot_k3,phi4-14b,v2_json_fewshot_k3,6760,3,2,1,1,True,0.9,18180,False,Math,True,1,Correct
dynamic_few_shot_k3,phi4-14b,v2_json_fewshot_k3,6761,3,2,2,2,True,0.9,9600,False,Math,True,1,Correct
dynamic_few_shot_k3,phi4-14b,v2_json_fewshot_k3,6762,3,3,1,1,True,1.0,14235,False,Math,True,1,Correct
dynamic_few_shot_k3,phi4-14b,v2_json_fewshot_k3,6763,3,2,1,1,True,1.0,12698,False,Math,True,1,Correct
dynamic_few_shot_k3,phi4-14b,v2_json_fewshot_k3,6764,3,1,3,3,True,0.9,15213,False,Math,True,1,Correct
dynamic_few_shot_k3,phi4-14b,v2_json_fewshot_k3,6765,3,3,0,0,True,1.0,9761,False,Math,True,1,Correct
dynamic_few_shot_k3,phi4-14b,v2_json_fewshot_k3,6766,3,2,3,3,True,1.0,9311,False,Math,True,1,Correct
dynamic_few_shot_k3,phi4-14b,v2_json_fewshot_k3,6767,3,2,0,2,False,1.0,20895,False,Math,False,0,Incorrect
dynamic_few_shot_k3,phi4-14b,v2_json_fewshot_k3,6768,3,2,0,0,True,1.0,13716,False,Math,True,1,Correct
dynamic_few_shot_k3,phi4-14b,v2_json_fewshot_k3,6769,3,5,3,3,True,1.0,8851,False,Math,True,1,Correct
dynamic_few_shot_k3,phi4-14b,v2_json_fewshot_k3,6770,3,1,0,0,True,1.0,18298,False,Math,True,1,Correct
dynamic_few_shot_k3,phi4-14b,v2_json_fewshot_k3,6771,3,4,3,3,True,1.0,21585,False,Math,True,1,Correct
dynamic_few_shot_k3,phi4-14b,v2_json_fewshot_k3,6772,3,3,3,3,True,1.0,14399,False,Math,True,1,Correct
dynamic_few_shot_k3,phi4-14b,v2_json_fewshot_k3,6773,3,10,1,2,False,1.0,15591,False,Math,False,0,Incorrect
dynamic_few_shot_k3,phi4-14b,v2_json_fewshot_k3,6774,3,1,2,2,True,1.0,11537,False,Math,True,1,Correct
dynamic_few_shot_k3,phi4-14b,v2_json_fewshot_k3,6775,3,2,3,3,True,1.0,10822,False,Math,True,1,Correct
dynamic_few_shot_k3,phi4-14b,v2_json_fewshot_k3,6776,3,3,2,3,False,1.0,22033,False,Math,False,0,Incorrect
dynamic_few_shot_k3,phi4-14b,v2_json_fewshot_k3,6777,3,5,0,0,True,1.0,10818,False,Math,True,1,Correct
dynamic_few_shot_k3,phi4-14b,v2_json_fewshot_k3,6778,3,1,2,3,False,1.0,15222,False,Math,False,0,Incorrect
dynamic_few_shot_k3,phi4-14b,v2_json_fewshot_k3,6779,3,2,0,0,True,1.0,19444,False,Math,True,1,Correct
dynamic_few_shot_k3,phi4-14b,v2_json_fewshot_k3,6780,3,1,0,0,True,0.9,19222,False,Math,True,1,Correct
dynamic_few_shot_k3,phi4-14b,v2_json_fewshot_k3,6781,3,5,0,1,False,1.0,13652,False,Math,False,0,Incorrect
dynamic_few_shot_k3,phi4-14b,v2_json_fewshot_k3,6782,3,1,1,1,True,1.0,12267,False,Math,True,1,Correct
dynamic_few_shot_k3,phi4-14b,v2_json_fewshot_k3,6783,3,1,2,2,True,1.0,6766,False,Math,True,1,Correct
dynamic_few_shot_k3,phi4-14b,v2_json_fewshot_k3,6784,3,2,0,2,False,0.0,23946,False,Math,False,0,Incorrect
dynamic_few_shot_k3,phi4-14b,v2_json_fewshot_k3,6785,3,1,0,0,True,1.0,17409,False,Math,True,1,Correct
dynamic_few_shot_k3,phi4-14b,v2_json_fewshot_k3,6786,3,3,1,0,False,0.9,18140,False,Math,False,0,Incorrect
dynamic_few_shot_k3,phi4-14b,v2_json_fewshot_k3,6787,3,1,3,3,True,1.0,22429,False,Math,True,1,Correct
dynamic_few_shot_k3,phi4-14b,v2_json_fewshot_k3,6788,3,1,1,1,True,1.0,10473,False,Math,True,1,Correct
dynamic_few_shot_k3,phi4-14b,v2_json_fewshot_k3,6789,3,7,2,2,True,1.0,6919,False,Math,True,1,Correct
dynamic_few_shot_k3,phi4-14b,v2_json_fewshot_k3,6790,3,3,1,1,True,1.0,16540,False,Math,True,1,Correct
dynamic_few_shot_k3,phi4-14b,v2_json_fewshot_k3,6791,3,2,0,0,True,1.0,14073,False,Math,True,1,Correct
dynamic_few_shot_k3,phi4-14b,v2_json_fewshot_k3,6792,3,6,3,3,True,1.0,12376,False,Math,True,1,Correct
dynamic_few_shot_k3,phi4-14b,v2_json_fewshot_k3,6793,3,3,1,1,True,1.0,10689,False,Math,True,1,Correct
dynamic_few_shot_k3,phi4-14b,v2_json_fewshot_k3,6794,3,1,3,3,True,1.0,11826,False,Math,True,1,Correct
dynamic_few_shot_k3,phi4-14b,v2_json_fewshot_k3,6795,3,5,3,3,True,1.0,10566,False,Math,True,1,Correct
dynamic_few_shot_k3,phi4-14b,v2_json_fewshot_k3,6796,3,6,1,1,True,0.9,10525,False,Math,True,1,Correct
dynamic_few_shot_k3,phi4-14b,v2_json_fewshot_k3,6797,3,1,2,2,True,0.9,10151,False,Math,True,1,Correct
dynamic_few_shot_k3,phi4-14b,v2_json_fewshot_k3,6798,3,3,2,2,True,1.0,7669,False,Math,True,1,Correct
dynamic_few_shot_k3,phi4-14b,v2_json_fewshot_k3,6799,3,2,2,2,True,1.0,17201,False,Math,True,1,Correct
dynamic_few_shot_k3,phi4-14b,v2_json_fewshot_k3,6800,3,1,3,1,False,1.0,21956,False,Math,False,0,Incorrect
dynamic_few_shot_k3,phi4-14b,v2_json_fewshot_k3,6801,3,1,2,2,True,1.0,10397,False,Math,True,1,Correct
dynamic_few_shot_k3,phi4-14b,v2_json_fewshot_k3,6802,3,3,3,0,False,1.0,19684,False,Math,False,0,Incorrect
dynamic_few_shot_k3,phi4-14b,v2_json_fewshot_k3,6803,3,2,3,3,True,1.0,15375,False,Math,True,1,Correct
dynamic_few_shot_k3,phi4-14b,v2_json_fewshot_k3,6804,3,6,2,2,True,1.0,9496,False,Math,True,1,Correct
dynamic_few_shot_k3,phi4-14b,v2_json_fewshot_k3,6805,3,4,0,3,False,0.0,25011,False,Math,False,0,Incorrect
dynamic_few_shot_k3,phi4-14b,v2_json_fewshot_k3,6806,3,1,2,2,True,1.0,12801,False,Math,True,1,Correct
dynamic_few_shot_k3,phi4-14b,v2_json_fewshot_k3,6807,3,4,1,3,False,0.9,13601,False,Math,False,0,Incorrect
dynamic_few_shot_k3,phi4-14b,v2_json_fewshot_k3,6808,3,2,1,1,True,1.0,22638,False,Math,True,1,Correct
dynamic_few_shot_k3,phi4-14b,v2_json_fewshot_k3,6809,3,1,2,2,True,1.0,24168,False,Math,True,1,Correct
dynamic_few_shot_k3,phi4-14b,v2_json_fewshot_k3,6810,3,8,1,3,False,1.0,19082,False,Math,False,0,Incorrect
dynamic_few_shot_k3,phi4-14b,v2_json_fewshot_k3,6811,3,3,3,3,True,1.0,10479,False,Math,True,1,Correct
dynamic_few_shot_k3,phi4-14b,v2_json_fewshot_k3,6812,3,2,1,0,False,1.0,18737,False,Math,False,0,Incorrect
dynamic_few_shot_k3,phi4-14b,v2_json_fewshot_k3,6813,3,4,0,0,True,1.0,10744,False,Math,True,1,Correct
dynamic_few_shot_k3,phi4-14b,v2_json_fewshot_k3,6815,3,4,0,1,False,0.0,24326,False,Math,False,0,Incorrect
dynamic_few_shot_k3,phi4-14b,v2_json_fewshot_k3,6816,3,1,3,3,True,1.0,17024,False,Math,True,1,Correct
dynamic_few_shot_k3,phi4-14b,v2_json_fewshot_k3,6817,3,3,1,1,True,1.0,6808,False,Math,True,1,Correct
dynamic_few_shot_k3,phi4-14b,v2_json_fewshot_k3,6818,3,1,0,0,True,1.0,14540,False,Math,True,1,Correct
dynamic_few_shot_k3,phi4-14b,v2_json_fewshot_k3,6819,3,2,3,3,True,1.0,19312,False,Math,True,1,Correct
dynamic_few_shot_k3,phi4-14b,v2_json_fewshot_k3,6820,3,1,2,0,False,0.9,17693,False,Math,False,0,Incorrect
dynamic_few_shot_k3,phi4-14b,v2_json_fewshot_k3,6821,3,1,1,0,False,1.0,16958,False,Math,False,0,Incorrect
dynamic_few_shot_k3,phi4-14b,v2_json_fewshot_k3,6822,3,3,2,2,True,1.0,14459,False,Math,True,1,Correct
dynamic_few_shot_k3,phi4-14b,v2_json_fewshot_k3,6823,3,2,3,3,True,1.0,15577,False,Math,True,1,Correct
dynamic_few_shot_k3,phi4-14b,v2_json_fewshot_k3,6824,3,4,2,2,True,1.0,11588,False,Math,True,1,Correct
dynamic_few_shot_k3,phi4-14b,v2_json_fewshot_k3,6825,3,1,3,3,True,1.0,8462,False,Math,True,1,Correct
dynamic_few_shot_k3,phi4-14b,v2_json_fewshot_k3,6826,3,1,0,0,True,0.0,24999,False,Math,True,1,Correct
dynamic_few_shot_k3,phi4-14b,v2_json_fewshot_k3,6827,3,2,2,2,True,1.0,19441,False,Math,True,1,Correct
dynamic_few_shot_k3,phi4-14b,v2_json_fewshot_k3,6828,3,4,0,1,False,1.0,21427,False,Math,False,0,Incorrect
dynamic_few_shot_k3,phi4-14b,v2_json_fewshot_k3,6829,3,7,0,3,False,1.0,9860,False,Math,False,0,Incorrect
dynamic_few_shot_k3,phi4-14b,v2_json_fewshot_k3,6830,3,3,0,0,True,0.9,16398,False,Math,True,1,Correct
dynamic_few_shot_k3,phi4-14b,v2_json_fewshot_k3,6831,3,4,2,0,False,1.0,12063,False,Math,False,0,Incorrect
dynamic_few_shot_k3,phi4-14b,v2_json_fewshot_k3,6832,3,15,0,2,False,1.0,17125,False,Math,False,0,Incorrect
dynamic_few_shot_k3,phi4-14b,v2_json_fewshot_k3,6833,3,4,2,2,True,1.0,15167,False,Math,True,1,Correct
dynamic_few_shot_k3,phi4-14b,v2_json_fewshot_k3,6834,3,5,3,3,True,1.0,8118,False,Math,True,1,Correct
dynamic_few_shot_k3,phi4-14b,v2_json_fewshot_k3,6835,3,5,2,2,True,1.0,11862,False,Math,True,1,Correct
dynamic_few_shot_k3,phi4-14b,v2_json_fewshot_k3,6836,3,1,2,3,False,1.0,18222,False,Math,False,0,Incorrect
dynamic_few_shot_k3,phi4-14b,v2_json_fewshot_k3,6837,3,1,3,3,True,1.0,10980,False,Math,True,1,Correct
dynamic_few_shot_k3,phi4-14b,v2_json_fewshot_k3,6838,3,4,3,3,True,1.0,9154,False,Math,True,1,Correct
dynamic_few_shot_k3,phi4-14b,v2_json_fewshot_k3,6839,3,6,1,1,True,0.9,14079,False,Math,True,1,Correct
dynamic_few_shot_k3,phi4-14b,v2_json_fewshot_k3,6840,3,3,2,2,True,1.0,15796,False,Math,True,1,Correct
dynamic_few_shot_k3,phi4-14b,v2_json_fewshot_k3,6841,3,4,0,0,True,0.0,20670,False,Math,True,1,Correct
dynamic_few_shot_k3,phi4-14b,v2_json_fewshot_k3,6842,3,1,3,3,True,1.0,9680,False,Math,True,1,Correct
dynamic_few_shot_k3,phi4-14b,v2_json_fewshot_k3,6843,3,5,2,2,True,1.0,13369,False,Math,True,1,Correct
dynamic_few_shot_k3,phi4-14b,v2_json_fewshot_k3,6844,3,3,2,2,True,1.0,6639,False,Math,True,1,Correct
dynamic_few_shot_k3,phi4-14b,v2_json_fewshot_k3,6845,3,1,2,0,False,1.0,16532,False,Math,False,0,Incorrect
dynamic_few_shot_k3,phi4-14b,v2_json_fewshot_k3,6846,3,10,1,1,True,1.0,14655,True,Math,True,1,Correct
dynamic_few_shot_k3,phi4-14b,v2_json_fewshot_k3,6847,3,1,0,0,True,1.0,22400,False,Math,True,1,Correct
dynamic_few_shot_k3,phi4-14b,v2_json_fewshot_k3,6848,3,1,0,0,True,1.0,9120,False,Math,True,1,Correct
dynamic_few_shot_k3,phi4-14b,v2_json_fewshot_k3,6849,3,2,0,0,True,1.0,13514,False,Math,True,1,Correct
dynamic_few_shot_k3,phi4-14b,v2_json_fewshot_k3,6850,3,1,2,2,True,1.0,16023,False,Math,True,1,Correct
dynamic_few_shot_k3,phi4-14b,v2_json_fewshot_k3,6851,3,3,1,3,False,0.9,12804,False,Math,False,0,Incorrect
dynamic_few_shot_k3,phi4-14b,v2_json_fewshot_k3,6852,3,4,0,0,True,1.0,14652,False,Math,True,1,Correct
zero_shot,qwen3-14b,v1,6642,3,11,0,0,True,1.0,7500,False,Math,True,1,Correct
zero_shot,qwen3-14b,v1,6643,3,3,3,3,True,0.9,13586,False,Math,True,1,Correct
zero_shot,qwen3-14b,v1,6644,3,2,2,2,True,0.95,11057,False,Math,True,1,Correct
zero_shot,qwen3-14b,v1,6645,3,2,3,3,True,0.95,9613,False,Math,True,1,Correct
zero_shot,qwen3-14b,v1,6646,3,3,0,0,True,0.95,19378,False,Math,True,1,Correct
zero_shot,qwen3-14b,v1,6647,3,4,3,3,True,0.95,17042,False,Math,True,1,Correct
zero_shot,qwen3-14b,v1,6648,3,1,3,3,True,0.95,6198,False,Math,True,1,Correct
zero_shot,qwen3-14b,v1,6649,3,1,0,2,False,0.9,24829,False,Math,False,0,Incorrect
zero_shot,qwen3-14b,v1,6650,3,6,0,0,True,0.95,11268,False,Math,True,1,Correct
zero_shot,qwen3-14b,v1,6651,3,2,3,3,True,0.95,15215,False,Math,True,1,Correct
zero_shot,qwen3-14b,v1,6652,3,3,0,0,True,0.95,17885,False,Math,True,1,Correct
zero_shot,qwen3-14b,v1,6654,3,1,2,2,True,0.95,9441,False,Math,True,1,Correct
zero_shot,qwen3-14b,v1,6655,3,5,1,1,True,0.95,10010,False,Math,True,1,Correct
zero_shot,qwen3-14b,v1,6656,3,2,2,2,True,0.95,16103,False,Math,True,1,Correct
zero_shot,qwen3-14b,v1,6657,3,8,2,2,True,0.95,11142,False,Math,True,1,Correct
zero_shot,qwen3-14b,v1,6658,3,5,0,2,False,0.95,24180,False,Math,False,0,Incorrect
zero_shot,qwen3-14b,v1,6659,3,2,0,0,True,1.0,7329,False,Math,True,1,Correct
zero_shot,qwen3-14b,v1,6661,3,10,1,1,True,0.95,11910,False,Math,True,1,Correct
zero_shot,qwen3-14b,v1,6662,3,1,2,2,True,0.95,7036,False,Math,True,1,Correct
zero_shot,qwen3-14b,v1,6663,3,2,2,2,True,0.95,10014,False,Math,True,1,Correct
zero_shot,qwen3-14b,v1,6664,3,3,2,2,True,0.95,11739,False,Math,True,1,Correct
zero_shot,qwen3-14b,v1,6665,3,2,0,0,True,1.0,8793,False,Math,True,1,Correct
zero_shot,qwen3-14b,v1,6666,3,1,3,3,True,1.0,13212,False,Math,True,1,Correct
zero_shot,qwen3-14b,v1,6667,3,2,0,0,True,0.95,12152,False,Math,True,1,Correct
zero_shot,qwen3-14b,v1,6668,3,4,3,3,True,1.0,9064,False,Math,True,1,Correct
zero_shot,qwen3-14b,v1,6669,3,3,1,1,True,0.95,12195,False,Math,True,1,Correct
zero_shot,qwen3-14b,v1,6670,3,2,2,2,True,0.95,8129,False,Math,True,1,Correct
zero_shot,qwen3-14b,v1,6671,3,3,1,1,True,0.95,13076,False,Math,True,1,Correct
zero_shot,qwen3-14b,v1,6672,3,2,2,2,True,1.0,16152,False,Math,True,1,Correct
zero_shot,qwen3-14b,v1,6673,3,1,3,3,True,0.95,10435,False,Math,True,1,Correct
zero_shot,qwen3-14b,v1,6674,3,4,2,2,True,0.95,10873,False,Math,True,1,Correct
zero_shot,qwen3-14b,v1,6675,3,3,0,0,True,1.0,11773,False,Math,True,1,Correct
zero_shot,qwen3-14b,v1,6676,3,11,0,0,True,0.95,7477,False,Math,True,1,Correct
zero_shot,qwen3-14b,v1,6677,3,5,3,3,True,0.95,10572,False,Math,True,1,Correct
zero_shot,qwen3-14b,v1,6679,3,3,3,3,True,1.0,20410,False,Math,True,1,Correct
zero_shot,qwen3-14b,v1,6680,3,9,2,2,True,1.0,13816,False,Math,True,1,Correct
zero_shot,qwen3-14b,v1,6681,3,1,1,1,True,0.95,8761,False,Math,True,1,Correct
zero_shot,qwen3-14b,v1,6682,3,1,3,3,True,0.95,9524,False,Math,True,1,Correct
zero_shot,qwen3-14b,v1,6683,3,2,3,3,True,0.95,13495,False,Math,True,1,Correct
zero_shot,qwen3-14b,v1,6684,3,1,3,3,True,1.0,13744,False,Math,True,1,Correct
zero_shot,qwen3-14b,v1,6685,3,3,1,2,False,0.95,19049,False,Math,False,0,Incorrect
zero_shot,qwen3-14b,v1,6686,3,3,2,2,True,0.95,7850,False,Math,True,1,Correct
zero_shot,qwen3-14b,v1,6688,3,7,3,0,False,0.95,11899,False,Math,False,0,Incorrect
zero_shot,qwen3-14b,v1,6689,3,1,0,3,False,0.95,13484,False,Math,False,0,Incorrect
zero_shot,qwen3-14b,v1,6690,3,1,1,2,False,0.7,11494,False,Math,False,0,Incorrect
zero_shot,qwen3-14b,v1,6691,3,2,3,3,True,0.95,10321,False,Math,True,1,Correct
zero_shot,qwen3-14b,v1,6692,3,3,1,3,False,0.95,17307,False,Math,False,0,Incorrect
zero_shot,qwen3-14b,v1,6693,3,2,3,3,True,0.9,9909,False,Math,True,1,Correct
zero_shot,qwen3-14b,v1,6694,3,5,0,0,True,0.95,9772,False,Math,True,1,Correct
zero_shot,qwen3-14b,v1,6695,3,9,0,0,True,0.95,21285,False,Math,True,1,Correct
zero_shot,qwen3-14b,v1,6696,3,1,2,2,True,0.9,11953,False,Math,True,1,Correct
zero_shot,qwen3-14b,v1,6697,3,3,1,1,True,0.95,9755,False,Math,True,1,Correct
zero_shot,qwen3-14b,v1,6698,3,6,1,1,True,1.0,11515,False,Math,True,1,Correct
zero_shot,qwen3-14b,v1,6699,3,2,0,1,False,0.8,21273,False,Math,False,0,Incorrect
zero_shot,qwen3-14b,v1,6700,3,1,0,0,True,0.95,7829,False,Math,True,1,Correct
zero_shot,qwen3-14b,v1,6701,3,1,3,3,True,0.95,9856,False,Math,True,1,Correct
zero_shot,qwen3-14b,v1,6702,3,4,0,0,True,0.95,10642,False,Math,True,1,Correct
zero_shot,qwen3-14b,v1,6703,3,10,1,1,True,0.95,11065,False,Math,True,1,Correct
zero_shot,qwen3-14b,v1,6704,3,7,3,3,True,1.0,12311,False,Math,True,1,Correct
zero_shot,qwen3-14b,v1,6705,3,1,1,1,True,0.95,7276,False,Math,True,1,Correct
zero_shot,qwen3-14b,v1,6706,3,3,1,1,True,0.9,18430,False,Math,True,1,Correct
zero_shot,qwen3-14b,v1,6707,3,1,1,1,True,1.0,9140,False,Math,True,1,Correct
zero_shot,qwen3-14b,v1,6709,3,1,1,1,True,0.95,12411,False,Math,True,1,Correct
zero_shot,qwen3-14b,v1,6710,3,2,1,1,True,0.95,15717,False,Math,True,1,Correct
zero_shot,qwen3-14b,v1,6711,3,10,0,0,True,1.0,16166,False,Math,True,1,Correct
zero_shot,qwen3-14b,v1,6713,3,3,3,3,True,0.9,8519,False,Math,True,1,Correct
zero_shot,qwen3-14b,v1,6714,3,1,1,1,True,0.95,8148,False,Math,True,1,Correct
zero_shot,qwen3-14b,v1,6715,3,2,2,2,True,1.0,14181,False,Math,True,1,Correct
zero_shot,qwen3-14b,v1,6716,3,5,0,0,True,0.95,11451,False,Math,True,1,Correct
zero_shot,qwen3-14b,v1,6717,3,1,1,1,True,1.0,13043,False,Math,True,1,Correct
zero_shot,qwen3-14b,v1,6718,3,1,1,1,True,0.95,10310,False,Math,True,1,Correct
zero_shot,qwen3-14b,v1,6719,3,3,1,1,True,1.0,11182,False,Math,True,1,Correct
zero_shot,qwen3-14b,v1,6720,3,3,2,1,False,0.75,24055,False,Math,False,0,Incorrect
zero_shot,qwen3-14b,v1,6722,3,1,1,1,True,1.0,12901,False,Math,True,1,Correct
zero_shot,qwen3-14b,v1,6723,3,1,3,3,True,0.95,8148,False,Math,True,1,Correct
zero_shot,qwen3-14b,v1,6724,3,5,1,1,True,0.95,14375,False,Math,True,1,Correct
zero_shot,qwen3-14b,v1,6725,3,6,0,0,True,0.95,12128,False,Math,True,1,Correct
zero_shot,qwen3-14b,v1,6726,3,1,0,3,False,0.7,15798,False,Math,False,0,Incorrect
zero_shot,qwen3-14b,v1,6727,3,3,3,1,False,0.95,13301,False,Math,False,0,Incorrect
zero_shot,qwen3-14b,v1,6728,3,3,2,2,True,0.9,11468,False,Math,True,1,Correct
zero_shot,qwen3-14b,v1,6729,3,1,0,0,True,1.0,14617,False,Math,True,1,Correct
zero_shot,qwen3-14b,v1,6730,3,2,2,2,True,1.0,8498,False,Math,True,1,Correct
zero_shot,qwen3-14b,v1,6731,3,1,0,0,True,1.0,12425,False,Math,True,1,Correct
zero_shot,qwen3-14b,v1,6732,3,4,2,2,True,1.0,11697,False,Math,True,1,Correct
zero_shot,qwen3-14b,v1,6733,3,2,3,3,True,0.9,14655,False,Math,True,1,Correct
zero_shot,qwen3-14b,v1,6734,3,1,1,1,True,1.0,11713,False,Math,True,1,Correct
zero_shot,qwen3-14b,v1,6735,3,2,1,1,True,0.95,10870,False,Math,True,1,Correct
zero_shot,qwen3-14b,v1,6736,3,4,0,0,True,0.95,10556,False,Math,True,1,Correct
zero_shot,qwen3-14b,v1,6737,3,1,2,0,False,0.95,13237,False,Math,False,0,Incorrect
zero_shot,qwen3-14b,v1,6738,3,2,3,3,True,1.0,19386,False,Math,True,1,Correct
zero_shot,qwen3-14b,v1,6739,3,2,2,2,True,0.95,11616,False,Math,True,1,Correct
zero_shot,qwen3-14b,v1,6740,3,6,2,2,True,0.95,13252,False,Math,True,1,Correct
zero_shot,qwen3-14b,v1,6741,3,3,1,1,True,0.95,17831,False,Math,True,1,Correct
zero_shot,qwen3-14b,v1,6742,3,5,3,3,True,0.8,14260,False,Math,True,1,Correct
zero_shot,qwen3-14b,v1,6743,3,2,3,3,True,0.95,11111,False,Math,True,1,Correct
zero_shot,qwen3-14b,v1,6744,3,2,1,1,True,0.95,10185,False,Math,True,1,Correct
zero_shot,qwen3-14b,v1,6747,3,1,1,1,True,0.95,15941,False,Math,True,1,Correct
zero_shot,qwen3-14b,v1,6748,3,9,1,1,True,0.95,12986,False,Math,True,1,Correct
zero_shot,qwen3-14b,v1,6749,3,1,1,1,True,0.95,18478,False,Math,True,1,Correct
zero_shot,qwen3-14b,v1,6750,3,1,1,1,True,1.0,5769,False,Math,True,1,Correct
zero_shot,qwen3-14b,v1,6751,3,3,1,1,True,1.0,12047,False,Math,True,1,Correct
zero_shot,qwen3-14b,v1,6752,3,5,2,2,True,0.95,9475,False,Math,True,1,Correct
zero_shot,qwen3-14b,v1,6753,3,4,0,1,False,0.0,25878,False,Math,False,0,Incorrect
zero_shot,qwen3-14b,v1,6754,3,1,2,2,True,0.95,6349,False,Math,True,1,Correct
zero_shot,qwen3-14b,v1,6756,3,2,0,0,True,0.9,12172,False,Math,True,1,Correct
zero_shot,qwen3-14b,v1,6757,3,13,0,0,True,1.0,8465,False,Math,True,1,Correct
zero_shot,qwen3-14b,v1,6758,3,2,0,0,True,1.0,7482,False,Math,True,1,Correct
zero_shot,qwen3-14b,v1,6759,3,2,2,2,True,1.0,6382,False,Math,True,1,Correct
zero_shot,qwen3-14b,v1,6760,3,2,0,1,False,0.95,17366,False,Math,False,0,Incorrect
zero_shot,qwen3-14b,v1,6761,3,2,2,2,True,0.9,10141,False,Math,True,1,Correct
zero_shot,qwen3-14b,v1,6762,3,3,1,1,True,0.95,7913,False,Math,True,1,Correct
zero_shot,qwen3-14b,v1,6763,3,2,1,1,True,0.95,11304,False,Math,True,1,Correct
zero_shot,qwen3-14b,v1,6764,3,1,3,3,True,0.95,18351,False,Math,True,1,Correct
zero_shot,qwen3-14b,v1,6765,3,3,0,0,True,1.0,7252,False,Math,True,1,Correct
zero_shot,qwen3-14b,v1,6766,3,2,3,3,True,0.95,6113,False,Math,True,1,Correct
zero_shot,qwen3-14b,v1,6767,3,2,2,2,True,1.0,16475,False,Math,True,1,Correct
zero_shot,qwen3-14b,v1,6768,3,2,0,0,True,0.95,15130,False,Math,True,1,Correct
zero_shot,qwen3-14b,v1,6769,3,5,3,3,True,1.0,19756,False,Math,True,1,Correct
zero_shot,qwen3-14b,v1,6770,3,1,0,0,True,1.0,15125,False,Math,True,1,Correct
zero_shot,qwen3-14b,v1,6771,3,4,3,3,True,1.0,21926,False,Math,True,1,Correct
zero_shot,qwen3-14b,v1,6772,3,3,3,3,True,0.95,12802,False,Math,True,1,Correct
zero_shot,qwen3-14b,v1,6773,3,10,1,2,False,0.6,21025,False,Math,False,0,Incorrect
zero_shot,qwen3-14b,v1,6774,3,1,2,2,True,0.95,10732,False,Math,True,1,Correct
zero_shot,qwen3-14b,v1,6775,3,2,3,3,True,0.9,13778,False,Math,True,1,Correct
zero_shot,qwen3-14b,v1,6776,3,3,2,3,False,0.9,26425,False,Math,False,0,Incorrect
zero_shot,qwen3-14b,v1,6777,3,5,0,0,True,0.95,12220,False,Math,True,1,Correct
zero_shot,qwen3-14b,v1,6778,3,1,3,3,True,0.9,9725,False,Math,True,1,Correct
zero_shot,qwen3-14b,v1,6779,3,2,0,0,True,0.95,14622,False,Math,True,1,Correct
zero_shot,qwen3-14b,v1,6780,3,1,0,0,True,0.0,27405,False,Math,True,1,Correct
zero_shot,qwen3-14b,v1,6781,3,5,1,1,True,0.9,14665,False,Math,True,1,Correct
zero_shot,qwen3-14b,v1,6782,3,1,1,1,True,1.0,8812,False,Math,True,1,Correct
zero_shot,qwen3-14b,v1,6783,3,1,2,2,True,1.0,5742,False,Math,True,1,Correct
zero_shot,qwen3-14b,v1,6784,3,2,2,2,True,0.95,21304,False,Math,True,1,Correct
zero_shot,qwen3-14b,v1,6785,3,1,0,0,True,0.9,21545,False,Math,True,1,Correct
zero_shot,qwen3-14b,v1,6786,3,3,0,0,True,0.8,16445,False,Math,True,1,Correct
zero_shot,qwen3-14b,v1,6787,3,1,3,3,True,1.0,12342,False,Math,True,1,Correct
zero_shot,qwen3-14b,v1,6788,3,1,1,1,True,0.95,11865,False,Math,True,1,Correct
zero_shot,qwen3-14b,v1,6789,3,7,2,2,True,0.95,8201,False,Math,True,1,Correct
zero_shot,qwen3-14b,v1,6790,3,3,1,1,True,0.95,18056,False,Math,True,1,Correct
zero_shot,qwen3-14b,v1,6791,3,2,0,0,True,1.0,8890,False,Math,True,1,Correct
zero_shot,qwen3-14b,v1,6792,3,6,3,3,True,1.0,12121,False,Math,True,1,Correct
zero_shot,qwen3-14b,v1,6793,3,3,1,1,True,0.95,8653,False,Math,True,1,Correct
zero_shot,qwen3-14b,v1,6794,3,1,3,3,True,0.95,11963,False,Math,True,1,Correct
zero_shot,qwen3-14b,v1,6795,3,5,3,3,True,1.0,9011,False,Math,True,1,Correct
zero_shot,qwen3-14b,v1,6796,3,6,1,1,True,0.9,12991,False,Math,True,1,Correct
zero_shot,qwen3-14b,v1,6797,3,1,2,2,True,0.9,9650,False,Math,True,1,Correct
zero_shot,qwen3-14b,v1,6798,3,3,2,2,True,0.95,8875,False,Math,True,1,Correct
zero_shot,qwen3-14b,v1,6799,3,2,2,2,True,0.95,21086,False,Math,True,1,Correct
zero_shot,qwen3-14b,v1,6800,3,1,1,1,True,1.0,23833,False,Math,True,1,Correct
zero_shot,qwen3-14b,v1,6801,3,1,2,2,True,0.95,11450,False,Math,True,1,Correct
zero_shot,qwen3-14b,v1,6802,3,3,0,0,True,1.0,9669,False,Math,True,1,Correct
zero_shot,qwen3-14b,v1,6803,3,2,3,3,True,1.0,11879,False,Math,True,1,Correct
zero_shot,qwen3-14b,v1,6804,3,6,2,2,True,0.95,5825,False,Math,True,1,Correct
zero_shot,qwen3-14b,v1,6805,3,4,3,3,True,1.0,19253,False,Math,True,1,Correct
zero_shot,qwen3-14b,v1,6806,3,1,2,2,True,0.95,9875,False,Math,True,1,Correct
zero_shot,qwen3-14b,v1,6807,3,4,3,3,True,0.95,19587,False,Math,True,1,Correct
zero_shot,qwen3-14b,v1,6808,3,2,1,1,True,1.0,12285,False,Math,True,1,Correct
zero_shot,qwen3-14b,v1,6809,3,1,2,2,True,1.0,11530,False,Math,True,1,Correct
zero_shot,qwen3-14b,v1,6810,3,8,1,3,False,0.7,13997,False,Math,False,0,Incorrect
zero_shot,qwen3-14b,v1,6811,3,3,3,3,True,0.95,8313,False,Math,True,1,Correct
zero_shot,qwen3-14b,v1,6812,3,2,1,0,False,0.75,17586,False,Math,False,0,Incorrect
zero_shot,qwen3-14b,v1,6813,3,4,0,0,True,0.95,7563,False,Math,True,1,Correct
zero_shot,qwen3-14b,v1,6815,3,4,1,1,True,1.0,19075,False,Math,True,1,Correct
zero_shot,qwen3-14b,v1,6816,3,1,3,3,True,0.95,18016,False,Math,True,1,Correct
zero_shot,qwen3-14b,v1,6817,3,3,1,1,True,0.95,12199,False,Math,True,1,Correct
zero_shot,qwen3-14b,v1,6818,3,1,0,0,True,1.0,16664,False,Math,True,1,Correct
zero_shot,qwen3-14b,v1,6819,3,2,1,3,False,0.95,17776,False,Math,False,0,Incorrect
zero_shot,qwen3-14b,v1,6820,3,1,0,0,True,0.6,13499,False,Math,True,1,Correct
zero_shot,qwen3-14b,v1,6821,3,1,0,0,True,1.0,8763,False,Math,True,1,Correct
zero_shot,qwen3-14b,v1,6822,3,3,2,2,True,0.95,14239,False,Math,True,1,Correct
zero_shot,qwen3-14b,v1,6823,3,2,3,3,True,1.0,12952,False,Math,True,1,Correct
zero_shot,qwen3-14b,v1,6824,3,4,2,2,True,0.95,12378,False,Math,True,1,Correct
zero_shot,qwen3-14b,v1,6825,3,1,3,3,True,1.0,14117,False,Math,True,1,Correct
zero_shot,qwen3-14b,v1,6826,3,1,0,0,True,0.95,12467,False,Math,True,1,Correct
zero_shot,qwen3-14b,v1,6827,3,2,2,2,True,1.0,15903,False,Math,True,1,Correct
zero_shot,qwen3-14b,v1,6828,3,4,1,1,True,0.8,8372,False,Math,True,1,Correct
zero_shot,qwen3-14b,v1,6829,3,7,3,3,True,0.95,12089,False,Math,True,1,Correct
zero_shot,qwen3-14b,v1,6830,3,3,0,0,True,0.821,15459,False,Math,True,1,Correct
zero_shot,qwen3-14b,v1,6831,3,4,3,0,False,0.95,10340,False,Math,False,0,Incorrect
zero_shot,qwen3-14b,v1,6832,3,15,2,2,True,0.95,10239,False,Math,True,1,Correct
zero_shot,qwen3-14b,v1,6833,3,4,2,2,True,0.95,14305,False,Math,True,1,Correct
zero_shot,qwen3-14b,v1,6834,3,5,3,3,True,0.95,5874,False,Math,True,1,Correct
zero_shot,qwen3-14b,v1,6835,3,5,2,2,True,1.0,11794,False,Math,True,1,Correct
zero_shot,qwen3-14b,v1,6836,3,1,3,3,True,0.9,24866,False,Math,True,1,Correct
zero_shot,qwen3-14b,v1,6837,3,1,3,3,True,1.0,9126,False,Math,True,1,Correct
zero_shot,qwen3-14b,v1,6838,3,4,3,3,True,0.95,8866,False,Math,True,1,Correct
zero_shot,qwen3-14b,v1,6839,3,6,1,1,True,0.9,14144,False,Math,True,1,Correct
zero_shot,qwen3-14b,v1,6840,3,3,2,2,True,0.95,14758,False,Math,True,1,Correct
zero_shot,qwen3-14b,v1,6841,3,4,3,0,False,0.95,23235,False,Math,False,0,Incorrect
zero_shot,qwen3-14b,v1,6842,3,1,3,3,True,0.95,9628,False,Math,True,1,Correct
zero_shot,qwen3-14b,v1,6843,3,5,2,2,True,0.95,10858,False,Math,True,1,Correct
zero_shot,qwen3-14b,v1,6844,3,3,2,2,True,1.0,8464,False,Math,True,1,Correct
zero_shot,qwen3-14b,v1,6845,3,1,0,0,True,0.95,17197,False,Math,True,1,Correct
zero_shot,qwen3-14b,v1,6846,3,10,1,1,True,0.75,17781,True,Math,True,1,Correct
zero_shot,qwen3-14b,v1,6847,3,1,3,0,False,0.6,17353,False,Math,False,0,Incorrect
zero_shot,qwen3-14b,v1,6848,3,1,0,0,True,0.95,10001,False,Math,True,1,Correct
zero_shot,qwen3-14b,v1,6849,3,2,0,0,True,0.95,8500,False,Math,True,1,Correct
zero_shot,qwen3-14b,v1,6850,3,1,2,2,True,1.0,17615,False,Math,True,1,Correct
zero_shot,qwen3-14b,v1,6851,3,3,2,3,False,0.7,20848,False,Math,False,0,Incorrect
zero_shot,qwen3-14b,v1,6852,3,4,0,0,True,1.0,14189,False,Math,True,1,Correct
dynamic_few_shot_k3,qwen3-14b,v2_json_fewshot_k3,6642,3,11,0,0,True,1.0,2883,False,Math,True,1,Correct
dynamic_few_shot_k3,qwen3-14b,v2_json_fewshot_k3,6643,3,3,3,3,True,1.0,6270,False,Math,True,1,Correct
dynamic_few_shot_k3,qwen3-14b,v2_json_fewshot_k3,6644,3,2,2,2,True,1.0,4518,False,Math,True,1,Correct
dynamic_few_shot_k3,qwen3-14b,v2_json_fewshot_k3,6645,3,2,3,3,True,1.0,5063,False,Math,True,1,Correct
dynamic_few_shot_k3,qwen3-14b,v2_json_fewshot_k3,6646,3,3,0,0,True,1.0,3469,False,Math,True,1,Correct
dynamic_few_shot_k3,qwen3-14b,v2_json_fewshot_k3,6647,3,4,1,3,False,1.0,2670,False,Math,False,0,Incorrect
dynamic_few_shot_k3,qwen3-14b,v2_json_fewshot_k3,6648,3,1,3,3,True,1.0,6249,False,Math,True,1,Correct
dynamic_few_shot_k3,qwen3-14b,v2_json_fewshot_k3,6649,3,1,2,2,True,1.0,2947,False,Math,True,1,Correct
dynamic_few_shot_k3,qwen3-14b,v2_json_fewshot_k3,6650,3,6,0,0,True,1.0,4277,False,Math,True,1,Correct
dynamic_few_shot_k3,qwen3-14b,v2_json_fewshot_k3,6651,3,2,3,3,True,1.0,6385,False,Math,True,1,Correct
dynamic_few_shot_k3,qwen3-14b,v2_json_fewshot_k3,6652,3,3,0,0,True,1.0,2981,False,Math,True,1,Correct
dynamic_few_shot_k3,qwen3-14b,v2_json_fewshot_k3,6654,3,1,2,2,True,1.0,7294,False,Math,True,1,Correct
dynamic_few_shot_k3,qwen3-14b,v2_json_fewshot_k3,6655,3,5,1,1,True,1.0,3669,False,Math,True,1,Correct
dynamic_few_shot_k3,qwen3-14b,v2_json_fewshot_k3,6656,3,2,0,2,False,1.0,3410,False,Math,False,0,Incorrect
dynamic_few_shot_k3,qwen3-14b,v2_json_fewshot_k3,6657,3,8,2,2,True,1.0,11201,False,Math,True,1,Correct
dynamic_few_shot_k3,qwen3-14b,v2_json_fewshot_k3,6658,3,5,2,2,True,1.0,3319,False,Math,True,1,Correct
dynamic_few_shot_k3,qwen3-14b,v2_json_fewshot_k3,6659,3,2,0,0,True,1.0,2667,False,Math,True,1,Correct
dynamic_few_shot_k3,qwen3-14b,v2_json_fewshot_k3,6661,3,10,1,1,True,1.0,4114,False,Math,True,1,Correct
dynamic_few_shot_k3,qwen3-14b,v2_json_fewshot_k3,6662,3,1,2,2,True,1.0,2845,False,Math,True,1,Correct
dynamic_few_shot_k3,qwen3-14b,v2_json_fewshot_k3,6663,3,2,2,2,True,1.0,4327,False,Math,True,1,Correct
dynamic_few_shot_k3,qwen3-14b,v2_json_fewshot_k3,6664,3,3,2,2,True,1.0,3070,False,Math,True,1,Correct
dynamic_few_shot_k3,qwen3-14b,v2_json_fewshot_k3,6665,3,2,0,0,True,1.0,8258,False,Math,True,1,Correct
dynamic_few_shot_k3,qwen3-14b,v2_json_fewshot_k3,6666,3,1,3,3,True,1.0,12327,False,Math,True,1,Correct
dynamic_few_shot_k3,qwen3-14b,v2_json_fewshot_k3,6667,3,2,0,0,True,1.0,2949,False,Math,True,1,Correct
dynamic_few_shot_k3,qwen3-14b,v2_json_fewshot_k3,6668,3,4,3,3,True,1.0,9306,False,Math,True,1,Correct
dynamic_few_shot_k3,qwen3-14b,v2_json_fewshot_k3,6669,3,3,1,1,True,1.0,2938,False,Math,True,1,Correct
dynamic_few_shot_k3,qwen3-14b,v2_json_fewshot_k3,6670,3,2,2,2,True,1.0,3603,False,Math,True,1,Correct
dynamic_few_shot_k3,qwen3-14b,v2_json_fewshot_k3,6671,3,3,2,1,False,1.0,3649,False,Math,False,0,Incorrect
dynamic_few_shot_k3,qwen3-14b,v2_json_fewshot_k3,6672,3,2,0,2,False,1.0,3103,False,Math,False,0,Incorrect
dynamic_few_shot_k3,qwen3-14b,v2_json_fewshot_k3,6673,3,1,3,3,True,1.0,2753,False,Math,True,1,Correct
dynamic_few_shot_k3,qwen3-14b,v2_json_fewshot_k3,6674,3,4,2,2,True,1.0,4390,False,Math,True,1,Correct
dynamic_few_shot_k3,qwen3-14b,v2_json_fewshot_k3,6675,3,3,0,0,True,1.0,2778,False,Math,True,1,Correct
dynamic_few_shot_k3,qwen3-14b,v2_json_fewshot_k3,6676,3,11,0,0,True,1.0,3952,False,Math,True,1,Correct
dynamic_few_shot_k3,qwen3-14b,v2_json_fewshot_k3,6677,3,5,3,3,True,1.0,3739,False,Math,True,1,Correct
dynamic_few_shot_k3,qwen3-14b,v2_json_fewshot_k3,6679,3,3,2,3,False,1.0,3066,False,Math,False,0,Incorrect
dynamic_few_shot_k3,qwen3-14b,v2_json_fewshot_k3,6680,3,9,2,2,True,1.0,14590,False,Math,True,1,Correct
dynamic_few_shot_k3,qwen3-14b,v2_json_fewshot_k3,6681,3,1,1,1,True,1.0,3559,False,Math,True,1,Correct
dynamic_few_shot_k3,qwen3-14b,v2_json_fewshot_k3,6682,3,1,3,3,True,1.0,2995,False,Math,True,1,Correct
dynamic_few_shot_k3,qwen3-14b,v2_json_fewshot_k3,6683,3,2,3,3,True,1.0,2620,False,Math,True,1,Correct
dynamic_few_shot_k3,qwen3-14b,v2_json_fewshot_k3,6684,3,1,3,3,True,1.0,2899,False,Math,True,1,Correct
dynamic_few_shot_k3,qwen3-14b,v2_json_fewshot_k3,6685,3,3,2,2,True,1.0,3167,False,Math,True,1,Correct
dynamic_few_shot_k3,qwen3-14b,v2_json_fewshot_k3,6686,3,3,2,2,True,1.0,3716,False,Math,True,1,Correct
dynamic_few_shot_k3,qwen3-14b,v2_json_fewshot_k3,6688,3,7,3,0,False,1.0,2660,False,Math,False,0,Incorrect
dynamic_few_shot_k3,qwen3-14b,v2_json_fewshot_k3,6689,3,1,0,3,False,1.0,2888,False,Math,False,0,Incorrect
dynamic_few_shot_k3,qwen3-14b,v2_json_fewshot_k3,6690,3,1,1,2,False,0.1,11242,False,Math,False,0,Incorrect
dynamic_few_shot_k3,qwen3-14b,v2_json_fewshot_k3,6691,3,2,3,3,True,1.0,4665,False,Math,True,1,Correct
dynamic_few_shot_k3,qwen3-14b,v2_json_fewshot_k3,6692,3,3,1,3,False,1.0,5069,False,Math,False,0,Incorrect
dynamic_few_shot_k3,qwen3-14b,v2_json_fewshot_k3,6693,3,2,2,3,False,1.0,4173,False,Math,False,0,Incorrect
dynamic_few_shot_k3,qwen3-14b,v2_json_fewshot_k3,6694,3,5,0,0,True,1.0,20109,False,Math,True,1,Correct
dynamic_few_shot_k3,qwen3-14b,v2_json_fewshot_k3,6695,3,9,0,0,True,1.0,3364,False,Math,True,1,Correct
dynamic_few_shot_k3,qwen3-14b,v2_json_fewshot_k3,6696,3,1,2,2,True,1.0,2906,False,Math,True,1,Correct
dynamic_few_shot_k3,qwen3-14b,v2_json_fewshot_k3,6697,3,3,1,1,True,0.8,22842,False,Math,True,1,Correct
dynamic_few_shot_k3,qwen3-14b,v2_json_fewshot_k3,6698,3,6,3,1,False,1.0,2896,False,Math,False,0,Incorrect
dynamic_few_shot_k3,qwen3-14b,v2_json_fewshot_k3,6699,3,2,3,1,False,1.0,3315,False,Math,False,0,Incorrect
dynamic_few_shot_k3,qwen3-14b,v2_json_fewshot_k3,6700,3,1,0,0,True,1.0,2701,False,Math,True,1,Correct
dynamic_few_shot_k3,qwen3-14b,v2_json_fewshot_k3,6701,3,1,3,3,True,1.0,5354,False,Math,True,1,Correct
dynamic_few_shot_k3,qwen3-14b,v2_json_fewshot_k3,6702,3,4,0,0,True,1.0,10292,False,Math,True,1,Correct
dynamic_few_shot_k3,qwen3-14b,v2_json_fewshot_k3,6703,3,10,1,1,True,1.0,12184,False,Math,True,1,Correct
dynamic_few_shot_k3,qwen3-14b,v2_json_fewshot_k3,6704,3,7,3,3,True,1.0,3095,False,Math,True,1,Correct
dynamic_few_shot_k3,qwen3-14b,v2_json_fewshot_k3,6705,3,1,1,1,True,1.0,2721,False,Math,True,1,Correct
dynamic_few_shot_k3,qwen3-14b,v2_json_fewshot_k3,6706,3,3,1,1,True,1.0,4163,False,Math,True,1,Correct
dynamic_few_shot_k3,qwen3-14b,v2_json_fewshot_k3,6707,3,1,2,1,False,1.0,2723,False,Math,False,0,Incorrect
dynamic_few_shot_k3,qwen3-14b,v2_json_fewshot_k3,6709,3,1,1,1,True,1.0,3009,False,Math,True,1,Correct
dynamic_few_shot_k3,qwen3-14b,v2_json_fewshot_k3,6710,3,2,1,1,True,1.0,2843,False,Math,True,1,Correct
dynamic_few_shot_k3,qwen3-14b,v2_json_fewshot_k3,6711,3,10,0,0,True,1.0,2809,False,Math,True,1,Correct
dynamic_few_shot_k3,qwen3-14b,v2_json_fewshot_k3,6713,3,3,3,3,True,1.0,2951,False,Math,True,1,Correct
dynamic_few_shot_k3,qwen3-14b,v2_json_fewshot_k3,6714,3,1,1,1,True,1.0,3324,False,Math,True,1,Correct
dynamic_few_shot_k3,qwen3-14b,v2_json_fewshot_k3,6715,3,2,2,2,True,1.0,3310,False,Math,True,1,Correct
dynamic_few_shot_k3,qwen3-14b,v2_json_fewshot_k3,6716,3,5,0,0,True,1.0,5466,False,Math,True,1,Correct
dynamic_few_shot_k3,qwen3-14b,v2_json_fewshot_k3,6717,3,1,1,1,True,1.0,2981,False,Math,True,1,Correct
dynamic_few_shot_k3,qwen3-14b,v2_json_fewshot_k3,6718,3,1,1,1,True,1.0,2601,False,Math,True,1,Correct
dynamic_few_shot_k3,qwen3-14b,v2_json_fewshot_k3,6719,3,3,1,1,True,1.0,2778,False,Math,True,1,Correct
dynamic_few_shot_k3,qwen3-14b,v2_json_fewshot_k3,6720,3,3,3,1,False,1.0,2612,False,Math,False,0,Incorrect
dynamic_few_shot_k3,qwen3-14b,v2_json_fewshot_k3,6722,3,1,1,1,True,1.0,2661,False,Math,True,1,Correct
dynamic_few_shot_k3,qwen3-14b,v2_json_fewshot_k3,6723,3,1,3,3,True,1.0,3021,False,Math,True,1,Correct
dynamic_few_shot_k3,qwen3-14b,v2_json_fewshot_k3,6724,3,5,1,1,True,1.0,3216,False,Math,True,1,Correct
dynamic_few_shot_k3,qwen3-14b,v2_json_fewshot_k3,6725,3,6,0,0,True,1.0,2958,False,Math,True,1,Correct
dynamic_few_shot_k3,qwen3-14b,v2_json_fewshot_k3,6726,3,1,1,3,False,1.0,2777,False,Math,False,0,Incorrect
dynamic_few_shot_k3,qwen3-14b,v2_json_fewshot_k3,6727,3,3,3,1,False,0.95,17642,False,Math,False,0,Incorrect
dynamic_few_shot_k3,qwen3-14b,v2_json_fewshot_k3,6728,3,3,2,2,True,1.0,3176,False,Math,True,1,Correct
dynamic_few_shot_k3,qwen3-14b,v2_json_fewshot_k3,6729,3,1,0,0,True,1.0,2794,False,Math,True,1,Correct
dynamic_few_shot_k3,qwen3-14b,v2_json_fewshot_k3,6730,3,2,2,2,True,1.0,2887,False,Math,True,1,Correct
dynamic_few_shot_k3,qwen3-14b,v2_json_fewshot_k3,6731,3,1,0,0,True,1.0,3202,False,Math,True,1,Correct
dynamic_few_shot_k3,qwen3-14b,v2_json_fewshot_k3,6732,3,4,3,2,False,1.0,7810,False,Math,False,0,Incorrect
dynamic_few_shot_k3,qwen3-14b,v2_json_fewshot_k3,6733,3,2,3,3,True,1.0,2768,False,Math,True,1,Correct
dynamic_few_shot_k3,qwen3-14b,v2_json_fewshot_k3,6734,3,1,1,1,True,1.0,3030,False,Math,True,1,Correct
dynamic_few_shot_k3,qwen3-14b,v2_json_fewshot_k3,6735,3,2,3,1,False,1.0,2728,False,Math,False,0,Incorrect
dynamic_few_shot_k3,qwen3-14b,v2_json_fewshot_k3,6736,3,4,0,0,True,1.0,4490,False,Math,True,1,Correct
dynamic_few_shot_k3,qwen3-14b,v2_json_fewshot_k3,6737,3,1,2,0,False,1.0,2793,False,Math,False,0,Incorrect
dynamic_few_shot_k3,qwen3-14b,v2_json_fewshot_k3,6738,3,2,3,3,True,1.0,2891,False,Math,True,1,Correct
dynamic_few_shot_k3,qwen3-14b,v2_json_fewshot_k3,6739,3,2,2,2,True,1.0,7850,False,Math,True,1,Correct
dynamic_few_shot_k3,qwen3-14b,v2_json_fewshot_k3,6740,3,6,2,2,True,1.0,3403,False,Math,True,1,Correct
dynamic_few_shot_k3,qwen3-14b,v2_json_fewshot_k3,6741,3,3,1,1,True,1.0,3148,False,Math,True,1,Correct
dynamic_few_shot_k3,qwen3-14b,v2_json_fewshot_k3,6742,3,5,3,3,True,0.8,15069,False,Math,True,1,Correct
dynamic_few_shot_k3,qwen3-14b,v2_json_fewshot_k3,6743,3,2,3,3,True,1.0,5347,False,Math,True,1,Correct
dynamic_few_shot_k3,qwen3-14b,v2_json_fewshot_k3,6744,3,2,1,1,True,1.0,6073,False,Math,True,1,Correct
dynamic_few_shot_k3,qwen3-14b,v2_json_fewshot_k3,6747,3,1,1,1,True,1.0,3173,False,Math,True,1,Correct
dynamic_few_shot_k3,qwen3-14b,v2_json_fewshot_k3,6748,3,9,1,1,True,1.0,5339,False,Math,True,1,Correct
dynamic_few_shot_k3,qwen3-14b,v2_json_fewshot_k3,6749,3,1,2,1,False,1.0,14697,False,Math,False,0,Incorrect
dynamic_few_shot_k3,qwen3-14b,v2_json_fewshot_k3,6750,3,1,1,1,True,1.0,8521,False,Math,True,1,Correct
dynamic_few_shot_k3,qwen3-14b,v2_json_fewshot_k3,6751,3,3,1,1,True,1.0,3379,False,Math,True,1,Correct
dynamic_few_shot_k3,qwen3-14b,v2_json_fewshot_k3,6752,3,5,0,2,False,1.0,3122,False,Math,False,0,Incorrect
dynamic_few_shot_k3,qwen3-14b,v2_json_fewshot_k3,6753,3,4,0,1,False,1.0,2776,False,Math,False,0,Incorrect
dynamic_few_shot_k3,qwen3-14b,v2_json_fewshot_k3,6754,3,1,2,2,True,1.0,2724,False,Math,True,1,Correct
dynamic_few_shot_k3,qwen3-14b,v2_json_fewshot_k3,6756,3,2,0,0,True,1.0,3892,False,Math,True,1,Correct
dynamic_few_shot_k3,qwen3-14b,v2_json_fewshot_k3,6757,3,13,0,0,True,1.0,2692,False,Math,True,1,Correct
dynamic_few_shot_k3,qwen3-14b,v2_json_fewshot_k3,6758,3,2,0,0,True,1.0,2977,False,Math,True,1,Correct
dynamic_few_shot_k3,qwen3-14b,v2_json_fewshot_k3,6759,3,2,2,2,True,1.0,2899,False,Math,True,1,Correct
dynamic_few_shot_k3,qwen3-14b,v2_json_fewshot_k3,6760,3,2,0,1,False,1.0,2859,False,Math,False,0,Incorrect
dynamic_few_shot_k3,qwen3-14b,v2_json_fewshot_k3,6761,3,2,0,2,False,1.0,3579,False,Math,False,0,Incorrect
dynamic_few_shot_k3,qwen3-14b,v2_json_fewshot_k3,6762,3,3,1,1,True,1.0,3435,False,Math,True,1,Correct
dynamic_few_shot_k3,qwen3-14b,v2_json_fewshot_k3,6763,3,2,1,1,True,1.0,2835,False,Math,True,1,Correct
dynamic_few_shot_k3,qwen3-14b,v2_json_fewshot_k3,6764,3,1,3,3,True,1.0,3854,False,Math,True,1,Correct
dynamic_few_shot_k3,qwen3-14b,v2_json_fewshot_k3,6765,3,3,0,0,True,1.0,3151,False,Math,True,1,Correct
dynamic_few_shot_k3,qwen3-14b,v2_json_fewshot_k3,6766,3,2,3,3,True,1.0,2558,False,Math,True,1,Correct
dynamic_few_shot_k3,qwen3-14b,v2_json_fewshot_k3,6767,3,2,1,2,False,1.0,2914,False,Math,False,0,Incorrect
dynamic_few_shot_k3,qwen3-14b,v2_json_fewshot_k3,6768,3,2,0,0,True,1.0,3691,False,Math,True,1,Correct
dynamic_few_shot_k3,qwen3-14b,v2_json_fewshot_k3,6769,3,5,1,3,False,1.0,2987,False,Math,False,0,Incorrect
dynamic_few_shot_k3,qwen3-14b,v2_json_fewshot_k3,6770,3,1,0,0,True,1.0,2699,False,Math,True,1,Correct
dynamic_few_shot_k3,qwen3-14b,v2_json_fewshot_k3,6771,3,4,3,3,True,1.0,3032,False,Math,True,1,Correct
dynamic_few_shot_k3,qwen3-14b,v2_json_fewshot_k3,6772,3,3,3,3,True,1.0,11290,False,Math,True,1,Correct
dynamic_few_shot_k3,qwen3-14b,v2_json_fewshot_k3,6773,3,10,2,2,True,1.0,2914,False,Math,True,1,Correct
dynamic_few_shot_k3,qwen3-14b,v2_json_fewshot_k3,6774,3,1,2,2,True,1.0,8141,False,Math,True,1,Correct
dynamic_few_shot_k3,qwen3-14b,v2_json_fewshot_k3,6775,3,2,3,3,True,1.0,17158,False,Math,True,1,Correct
dynamic_few_shot_k3,qwen3-14b,v2_json_fewshot_k3,6776,3,3,2,3,False,1.0,18900,False,Math,False,0,Incorrect
dynamic_few_shot_k3,qwen3-14b,v2_json_fewshot_k3,6777,3,5,0,0,True,1.0,2906,False,Math,True,1,Correct
dynamic_few_shot_k3,qwen3-14b,v2_json_fewshot_k3,6778,3,1,3,3,True,1.0,2860,False,Math,True,1,Correct
dynamic_few_shot_k3,qwen3-14b,v2_json_fewshot_k3,6779,3,2,0,0,True,1.0,2917,False,Math,True,1,Correct
dynamic_few_shot_k3,qwen3-14b,v2_json_fewshot_k3,6780,3,1,1,0,False,1.0,2881,False,Math,False,0,Incorrect
dynamic_few_shot_k3,qwen3-14b,v2_json_fewshot_k3,6781,3,5,1,1,True,1.0,2738,False,Math,True,1,Correct
dynamic_few_shot_k3,qwen3-14b,v2_json_fewshot_k3,6782,3,1,1,1,True,1.0,2947,False,Math,True,1,Correct
dynamic_few_shot_k3,qwen3-14b,v2_json_fewshot_k3,6783,3,1,2,2,True,1.0,3246,False,Math,True,1,Correct
dynamic_few_shot_k3,qwen3-14b,v2_json_fewshot_k3,6784,3,2,3,2,False,1.0,2745,False,Math,False,0,Incorrect
dynamic_few_shot_k3,qwen3-14b,v2_json_fewshot_k3,6785,3,1,3,0,False,1.0,5247,False,Math,False,0,Incorrect
dynamic_few_shot_k3,qwen3-14b,v2_json_fewshot_k3,6786,3,3,1,0,False,1.0,2909,False,Math,False,0,Incorrect
dynamic_few_shot_k3,qwen3-14b,v2_json_fewshot_k3,6787,3,1,3,3,True,1.0,13310,False,Math,True,1,Correct
dynamic_few_shot_k3,qwen3-14b,v2_json_fewshot_k3,6788,3,1,1,1,True,1.0,7865,False,Math,True,1,Correct
dynamic_few_shot_k3,qwen3-14b,v2_json_fewshot_k3,6789,3,7,2,2,True,1.0,3853,False,Math,True,1,Correct
dynamic_few_shot_k3,qwen3-14b,v2_json_fewshot_k3,6790,3,3,1,1,True,1.0,3607,False,Math,True,1,Correct
dynamic_few_shot_k3,qwen3-14b,v2_json_fewshot_k3,6791,3,2,0,0,True,1.0,2730,False,Math,True,1,Correct
dynamic_few_shot_k3,qwen3-14b,v2_json_fewshot_k3,6792,3,6,3,3,True,0.8,20027,False,Math,True,1,Correct
dynamic_few_shot_k3,qwen3-14b,v2_json_fewshot_k3,6793,3,3,1,1,True,1.0,6940,False,Math,True,1,Correct
dynamic_few_shot_k3,qwen3-14b,v2_json_fewshot_k3,6794,3,1,3,3,True,1.0,10280,False,Math,True,1,Correct
dynamic_few_shot_k3,qwen3-14b,v2_json_fewshot_k3,6795,3,5,3,3,True,1.0,3056,False,Math,True,1,Correct
dynamic_few_shot_k3,qwen3-14b,v2_json_fewshot_k3,6796,3,6,1,1,True,1.0,6603,False,Math,True,1,Correct
dynamic_few_shot_k3,qwen3-14b,v2_json_fewshot_k3,6797,3,1,2,2,True,1.0,4027,False,Math,True,1,Correct
dynamic_few_shot_k3,qwen3-14b,v2_json_fewshot_k3,6798,3,3,2,2,True,1.0,2815,False,Math,True,1,Correct
dynamic_few_shot_k3,qwen3-14b,v2_json_fewshot_k3,6799,3,2,2,2,True,1.0,3732,False,Math,True,1,Correct
dynamic_few_shot_k3,qwen3-14b,v2_json_fewshot_k3,6800,3,1,2,1,False,1.0,3065,False,Math,False,0,Incorrect
dynamic_few_shot_k3,qwen3-14b,v2_json_fewshot_k3,6801,3,1,2,2,True,1.0,9734,False,Math,True,1,Correct
dynamic_few_shot_k3,qwen3-14b,v2_json_fewshot_k3,6802,3,3,3,0,False,1.0,2891,False,Math,False,0,Incorrect
dynamic_few_shot_k3,qwen3-14b,v2_json_fewshot_k3,6803,3,2,3,3,True,1.0,15219,False,Math,True,1,Correct
dynamic_few_shot_k3,qwen3-14b,v2_json_fewshot_k3,6804,3,6,2,2,True,1.0,4376,False,Math,True,1,Correct
dynamic_few_shot_k3,qwen3-14b,v2_json_fewshot_k3,6805,3,4,3,3,True,1.0,2946,False,Math,True,1,Correct
dynamic_few_shot_k3,qwen3-14b,v2_json_fewshot_k3,6806,3,1,3,2,False,1.0,2724,False,Math,False,0,Incorrect
dynamic_few_shot_k3,qwen3-14b,v2_json_fewshot_k3,6807,3,4,1,3,False,0.8,16803,False,Math,False,0,Incorrect
dynamic_few_shot_k3,qwen3-14b,v2_json_fewshot_k3,6808,3,2,1,1,True,1.0,2818,False,Math,True,1,Correct
dynamic_few_shot_k3,qwen3-14b,v2_json_fewshot_k3,6809,3,1,2,2,True,1.0,3056,False,Math,True,1,Correct
dynamic_few_shot_k3,qwen3-14b,v2_json_fewshot_k3,6810,3,8,2,3,False,1.0,2735,False,Math,False,0,Incorrect
dynamic_few_shot_k3,qwen3-14b,v2_json_fewshot_k3,6811,3,3,3,3,True,1.0,2790,False,Math,True,1,Correct
dynamic_few_shot_k3,qwen3-14b,v2_json_fewshot_k3,6812,3,2,1,0,False,1.0,2781,False,Math,False,0,Incorrect
dynamic_few_shot_k3,qwen3-14b,v2_json_fewshot_k3,6813,3,4,0,0,True,1.0,4103,False,Math,True,1,Correct
dynamic_few_shot_k3,qwen3-14b,v2_json_fewshot_k3,6815,3,4,1,1,True,1.0,3014,False,Math,True,1,Correct
dynamic_few_shot_k3,qwen3-14b,v2_json_fewshot_k3,6816,3,1,3,3,True,1.0,3066,False,Math,True,1,Correct
dynamic_few_shot_k3,qwen3-14b,v2_json_fewshot_k3,6817,3,3,1,1,True,1.0,7709,False,Math,True,1,Correct
dynamic_few_shot_k3,qwen3-14b,v2_json_fewshot_k3,6818,3,1,1,0,False,1.0,3161,False,Math,False,0,Incorrect
dynamic_few_shot_k3,qwen3-14b,v2_json_fewshot_k3,6819,3,2,3,3,True,1.0,2842,False,Math,True,1,Correct
dynamic_few_shot_k3,qwen3-14b,v2_json_fewshot_k3,6820,3,1,0,0,True,1.0,2898,False,Math,True,1,Correct
dynamic_few_shot_k3,qwen3-14b,v2_json_fewshot_k3,6821,3,1,0,0,True,1.0,12702,False,Math,True,1,Correct
dynamic_few_shot_k3,qwen3-14b,v2_json_fewshot_k3,6822,3,3,2,2,True,1.0,11266,False,Math,True,1,Correct
dynamic_few_shot_k3,qwen3-14b,v2_json_fewshot_k3,6823,3,2,3,3,True,1.0,3153,False,Math,True,1,Correct
dynamic_few_shot_k3,qwen3-14b,v2_json_fewshot_k3,6824,3,4,2,2,True,1.0,2810,False,Math,True,1,Correct
dynamic_few_shot_k3,qwen3-14b,v2_json_fewshot_k3,6825,3,1,3,3,True,1.0,2706,False,Math,True,1,Correct
dynamic_few_shot_k3,qwen3-14b,v2_json_fewshot_k3,6826,3,1,0,0,True,1.0,19033,False,Math,True,1,Correct
dynamic_few_shot_k3,qwen3-14b,v2_json_fewshot_k3,6827,3,2,2,2,True,1.0,3133,False,Math,True,1,Correct
dynamic_few_shot_k3,qwen3-14b,v2_json_fewshot_k3,6828,3,4,0,1,False,1.0,3039,False,Math,False,0,Incorrect
dynamic_few_shot_k3,qwen3-14b,v2_json_fewshot_k3,6829,3,7,0,3,False,1.0,3100,False,Math,False,0,Incorrect
dynamic_few_shot_k3,qwen3-14b,v2_json_fewshot_k3,6830,3,3,0,0,True,1.0,3205,False,Math,True,1,Correct
dynamic_few_shot_k3,qwen3-14b,v2_json_fewshot_k3,6831,3,4,2,0,False,1.0,11164,False,Math,False,0,Incorrect
dynamic_few_shot_k3,qwen3-14b,v2_json_fewshot_k3,6832,3,15,2,2,True,1.0,2951,False,Math,True,1,Correct
dynamic_few_shot_k3,qwen3-14b,v2_json_fewshot_k3,6833,3,4,2,2,True,1.0,4417,False,Math,True,1,Correct
dynamic_few_shot_k3,qwen3-14b,v2_json_fewshot_k3,6834,3,5,3,3,True,1.0,2960,False,Math,True,1,Correct
dynamic_few_shot_k3,qwen3-14b,v2_json_fewshot_k3,6835,3,5,2,2,True,1.0,2921,False,Math,True,1,Correct
dynamic_few_shot_k3,qwen3-14b,v2_json_fewshot_k3,6836,3,1,3,3,True,1.0,2812,False,Math,True,1,Correct
dynamic_few_shot_k3,qwen3-14b,v2_json_fewshot_k3,6837,3,1,3,3,True,1.0,3164,False,Math,True,1,Correct
dynamic_few_shot_k3,qwen3-14b,v2_json_fewshot_k3,6838,3,4,3,3,True,1.0,2633,False,Math,True,1,Correct
dynamic_few_shot_k3,qwen3-14b,v2_json_fewshot_k3,6839,3,6,3,1,False,1.0,2988,False,Math,False,0,Incorrect
dynamic_few_shot_k3,qwen3-14b,v2_json_fewshot_k3,6840,3,3,2,2,True,1.0,3622,False,Math,True,1,Correct
dynamic_few_shot_k3,qwen3-14b,v2_json_fewshot_k3,6841,3,4,3,0,False,1.0,2813,False,Math,False,0,Incorrect
dynamic_few_shot_k3,qwen3-14b,v2_json_fewshot_k3,6842,3,1,2,3,False,1.0,3032,False,Math,False,0,Incorrect
dynamic_few_shot_k3,qwen3-14b,v2_json_fewshot_k3,6843,3,5,2,2,True,1.0,7429,False,Math,True,1,Correct
dynamic_few_shot_k3,qwen3-14b,v2_json_fewshot_k3,6844,3,3,2,2,True,1.0,3048,False,Math,True,1,Correct
dynamic_few_shot_k3,qwen3-14b,v2_json_fewshot_k3,6845,3,1,0,0,True,1.0,3375,False,Math,True,1,Correct
dynamic_few_shot_k3,qwen3-14b,v2_json_fewshot_k3,6846,3,10,1,1,True,1.0,3522,True,Math,True,1,Correct
dynamic_few_shot_k3,qwen3-14b,v2_json_fewshot_k3,6847,3,1,3,0,False,1.0,3147,False,Math,False,0,Incorrect
dynamic_few_shot_k3,qwen3-14b,v2_json_fewshot_k3,6848,3,1,0,0,True,1.0,12080,False,Math,True,1,Correct
dynamic_few_shot_k3,qwen3-14b,v2_json_fewshot_k3,6849,3,2,0,0,True,1.0,7572,False,Math,True,1,Correct
dynamic_few_shot_k3,qwen3-14b,v2_json_fewshot_k3,6850,3,1,2,2,True,1.0,3083,False,Math,True,1,Correct
dynamic_few_shot_k3,qwen3-14b,v2_json_fewshot_k3,6851,3,3,0,3,False,1.0,2900,False,Math,False,0,Incorrect
dynamic_few_shot_k3,qwen3-14b,v2_json_fewshot_k3,6852,3,4,0,0,True,1.0,2715,False,Math,True,1,Correct
calc_react,granite-8b,v2,6642,3,11,0,0,True,1.0,6226,False,Math,True,1,Total
calc_react,granite-8b,v2,6643,3,3,3,3,True,1.0,8769,False,Math,True,1,Total
calc_react,granite-8b,v2,6644,3,2,2,2,True,1.0,4469,False,Math,True,1,Total
calc_react,granite-8b,v2,6645,3,2,3,3,True,1.0,7677,False,Math,True,1,Total
calc_react,granite-8b,v2,6646,3,3,0,0,True,1.0,10957,False,Math,True,1,Total
calc_react,granite-8b,v2,6647,3,4,1,3,False,0.9,12121,False,Math,False,0,Total
calc_react,granite-8b,v2,6648,3,1,3,3,True,1.0,5914,False,Math,True,1,Total
calc_react,granite-8b,v2,6649,3,1,2,2,True,1.0,18817,False,Math,True,1,Total
calc_react,granite-8b,v2,6650,3,6,0,0,True,1.0,10938,False,Math,True,1,Total
calc_react,granite-8b,v2,6651,3,2,3,3,True,1.0,6562,False,Math,True,1,Total
calc_react,granite-8b,v2,6652,3,3,0,0,True,1.0,13417,False,Math,True,1,Total
calc_react,granite-8b,v2,6654,3,1,2,2,True,1.0,6729,False,Math,True,1,Total
calc_react,granite-8b,v2,6655,3,5,1,1,True,1.0,7278,False,Math,True,1,Total
calc_react,granite-8b,v2,6656,3,2,2,2,True,0.9,12253,False,Math,True,1,Total
calc_react,granite-8b,v2,6657,3,8,1,2,False,1.0,5008,False,Math,False,0,Total
calc_react,granite-8b,v2,6658,3,5,2,2,True,1.0,17488,False,Math,True,1,Total
calc_react,granite-8b,v2,6659,3,2,0,0,True,1.0,4241,False,Math,True,1,Total
calc_react,granite-8b,v2,6661,3,10,1,1,True,1.0,10896,False,Math,True,1,Total
calc_react,granite-8b,v2,6662,3,1,2,2,True,1.0,6799,False,Math,True,1,Total
calc_react,granite-8b,v2,6663,3,2,1,2,False,0.95,7333,False,Math,False,0,Total
calc_react,granite-8b,v2,6664,3,3,2,2,True,1.0,7689,False,Math,True,1,Total
calc_react,granite-8b,v2,6665,3,2,0,0,True,1.0,7243,False,Math,True,1,Total
calc_react,granite-8b,v2,6666,3,1,3,3,True,1.0,8916,False,Math,True,1,Total
calc_react,granite-8b,v2,6667,3,2,0,0,True,1.0,4770,False,Math,True,1,Total
calc_react,granite-8b,v2,6668,3,4,3,3,True,1.0,11333,False,Math,True,1,Total
calc_react,granite-8b,v2,6669,3,3,1,1,True,1.0,5529,False,Math,True,1,Total
calc_react,granite-8b,v2,6670,3,2,2,2,True,1.0,6213,False,Math,True,1,Total
calc_react,granite-8b,v2,6671,3,3,1,1,True,1.0,8757,False,Math,True,1,Total
calc_react,granite-8b,v2,6672,3,2,2,2,True,1.0,10951,False,Math,True,1,Total
calc_react,granite-8b,v2,6673,3,1,3,3,True,1.0,4576,False,Math,True,1,Total
calc_react,granite-8b,v2,6674,3,4,2,2,True,1.0,6987,False,Math,True,1,Total
calc_react,granite-8b,v2,6675,3,3,0,0,True,1.0,7825,False,Math,True,1,Total
calc_react,granite-8b,v2,6676,3,11,0,0,True,1.0,4042,False,Math,True,1,Total
calc_react,granite-8b,v2,6677,3,5,3,3,True,1.0,4811,False,Math,True,1,Total
calc_react,granite-8b,v2,6679,3,3,3,3,True,0.9,10414,False,Math,True,1,Total
calc_react,granite-8b,v2,6680,3,9,2,2,True,1.0,8366,False,Math,True,1,Total
calc_react,granite-8b,v2,6681,3,1,1,1,True,1.0,5376,False,Math,True,1,Total
calc_react,granite-8b,v2,6682,3,1,3,3,True,1.0,3950,False,Math,True,1,Total
calc_react,granite-8b,v2,6683,3,2,3,3,True,1.0,14729,False,Math,True,1,Total
calc_react,granite-8b,v2,6684,3,1,3,3,True,1.0,15356,False,Math,True,1,Total
calc_react,granite-8b,v2,6685,3,3,2,2,True,1.0,12237,False,Math,True,1,Total
calc_react,granite-8b,v2,6686,3,3,2,2,True,1.0,5142,False,Math,True,1,Total
calc_react,granite-8b,v2,6688,3,7,3,0,False,0.9,10988,False,Math,False,0,Total
calc_react,granite-8b,v2,6689,3,1,0,3,False,1.0,15678,False,Math,False,0,Total
calc_react,granite-8b,v2,6690,3,1,0,2,False,0.95,5648,False,Math,False,0,Total
calc_react,granite-8b,v2,6691,3,2,3,3,True,0.95,5349,False,Math,True,1,Total
calc_react,granite-8b,v2,6692,3,3,1,3,False,1.0,8025,False,Math,False,0,Total
calc_react,granite-8b,v2,6693,3,2,3,3,True,1.0,4951,False,Math,True,1,Total
calc_react,granite-8b,v2,6694,3,5,0,0,True,1.0,4669,False,Math,True,1,Total
calc_react,granite-8b,v2,6695,3,9,0,0,True,1.0,25379,False,Math,True,1,Total
calc_react,granite-8b,v2,6696,3,1,2,2,True,1.0,7793,False,Math,True,1,Total
calc_react,granite-8b,v2,6697,3,3,1,1,True,1.0,7884,False,Math,True,1,Total
calc_react,granite-8b,v2,6698,3,6,1,1,True,1.0,6113,False,Math,True,1,Total
calc_react,granite-8b,v2,6699,3,2,1,1,True,1.0,11683,False,Math,True,1,Total
calc_react,granite-8b,v2,6700,3,1,0,0,True,1.0,5225,False,Math,True,1,Total
calc_react,granite-8b,v2,6701,3,1,1,3,False,1.0,7851,False,Math,False,0,Total
calc_react,granite-8b,v2,6702,3,4,0,0,True,1.0,10716,False,Math,True,1,Total
calc_react,granite-8b,v2,6703,3,10,1,1,True,1.0,6409,False,Math,True,1,Total
calc_react,granite-8b,v2,6704,3,7,3,3,True,1.0,7870,False,Math,True,1,Total
calc_react,granite-8b,v2,6705,3,1,1,1,True,1.0,5216,False,Math,True,1,Total
calc_react,granite-8b,v2,6706,3,3,1,1,True,0.95,21685,False,Math,True,1,Total
calc_react,granite-8b,v2,6707,3,1,1,1,True,1.0,6273,False,Math,True,1,Total
calc_react,granite-8b,v2,6709,3,1,1,1,True,1.0,8788,False,Math,True,1,Total
calc_react,granite-8b,v2,6710,3,2,1,1,True,0.99,9230,False,Math,True,1,Total
calc_react,granite-8b,v2,6711,3,10,0,0,True,1.0,9142,False,Math,True,1,Total
calc_react,granite-8b,v2,6713,3,3,3,3,True,0.95,14874,False,Math,True,1,Total
calc_react,granite-8b,v2,6714,3,1,1,1,True,0.95,10252,False,Math,True,1,Total
calc_react,granite-8b,v2,6715,3,2,3,2,False,1.0,15122,False,Math,False,0,Total
calc_react,granite-8b,v2,6716,3,5,0,0,True,1.0,11646,False,Math,True,1,Total
calc_react,granite-8b,v2,6717,3,1,1,1,True,1.0,10016,False,Math,True,1,Total
calc_react,granite-8b,v2,6718,3,1,1,1,True,0.9,19597,False,Math,True,1,Total
calc_react,granite-8b,v2,6719,3,3,1,1,True,1.0,6066,False,Math,True,1,Total
calc_react,granite-8b,v2,6720,3,3,0,1,False,0.0,21863,False,Math,False,0,Total
calc_react,granite-8b,v2,6722,3,1,1,1,True,1.0,4546,False,Math,True,1,Total
calc_react,granite-8b,v2,6723,3,1,3,3,True,1.0,6825,False,Math,True,1,Total
calc_react,granite-8b,v2,6724,3,5,1,1,True,1.0,16528,False,Math,True,1,Total
calc_react,granite-8b,v2,6725,3,6,0,0,True,1.0,3778,False,Math,True,1,Total
calc_react,granite-8b,v2,6726,3,1,0,3,False,0.0,18712,False,Math,False,0,Total
calc_react,granite-8b,v2,6727,3,3,1,1,True,1.0,5707,False,Math,True,1,Total
calc_react,granite-8b,v2,6728,3,3,2,2,True,1.0,5280,False,Math,True,1,Total
calc_react,granite-8b,v2,6729,3,1,0,0,True,1.0,13369,False,Math,True,1,Total
calc_react,granite-8b,v2,6730,3,2,2,2,True,1.0,6550,False,Math,True,1,Total
calc_react,granite-8b,v2,6731,3,1,0,0,True,1.0,7568,False,Math,True,1,Total
calc_react,granite-8b,v2,6732,3,4,2,2,True,1.0,6253,False,Math,True,1,Total
calc_react,granite-8b,v2,6733,3,2,3,3,True,1.0,8146,False,Math,True,1,Total
calc_react,granite-8b,v2,6734,3,1,1,1,True,1.0,6236,False,Math,True,1,Total
calc_react,granite-8b,v2,6735,3,2,1,1,True,1.0,7148,False,Math,True,1,Total
calc_react,granite-8b,v2,6736,3,4,0,0,True,1.0,5489,False,Math,True,1,Total
calc_react,granite-8b,v2,6737,3,1,2,0,False,1.0,7680,False,Math,False,0,Total
calc_react,granite-8b,v2,6738,3,2,3,3,True,0.8,12087,False,Math,True,1,Total
calc_react,granite-8b,v2,6739,3,2,2,2,True,1.0,6788,False,Math,True,1,Total
calc_react,granite-8b,v2,6740,3,6,2,2,True,1.0,10700,False,Math,True,1,Total
calc_react,granite-8b,v2,6741,3,3,1,1,True,1.0,12128,False,Math,True,1,Total
calc_react,granite-8b,v2,6742,3,5,3,3,True,1.0,10771,False,Math,True,1,Total
calc_react,granite-8b,v2,6743,3,2,3,3,True,0.95,7118,False,Math,True,1,Total
calc_react,granite-8b,v2,6744,3,2,1,1,True,1.0,7426,False,Math,True,1,Total
calc_react,granite-8b,v2,6747,3,1,1,1,True,1.0,11594,False,Math,True,1,Total
calc_react,granite-8b,v2,6748,3,9,1,1,True,1.0,5060,False,Math,True,1,Total
calc_react,granite-8b,v2,6749,3,1,1,1,True,1.0,10494,False,Math,True,1,Total
calc_react,granite-8b,v2,6750,3,1,1,1,True,1.0,3356,False,Math,True,1,Total
calc_react,granite-8b,v2,6751,3,3,1,1,True,1.0,8280,False,Math,True,1,Total
calc_react,granite-8b,v2,6752,3,5,2,2,True,1.0,8350,False,Math,True,1,Total
calc_react,granite-8b,v2,6753,3,4,0,1,False,0.0,21337,False,Math,False,0,Total
calc_react,granite-8b,v2,6754,3,1,2,2,True,1.0,3947,False,Math,True,1,Total
calc_react,granite-8b,v2,6756,3,2,0,0,True,1.0,7238,False,Math,True,1,Total
calc_react,granite-8b,v2,6757,3,13,0,0,True,1.0,6320,False,Math,True,1,Total
calc_react,granite-8b,v2,6758,3,2,0,0,True,1.0,4607,False,Math,True,1,Total
calc_react,granite-8b,v2,6759,3,2,2,2,True,1.0,6577,False,Math,True,1,Total
calc_react,granite-8b,v2,6760,3,2,0,1,False,0.1,16307,False,Math,False,0,Total
calc_react,granite-8b,v2,6761,3,2,2,2,True,0.95,6581,False,Math,True,1,Total
calc_react,granite-8b,v2,6762,3,3,1,1,True,1.0,6109,False,Math,True,1,Total
calc_react,granite-8b,v2,6763,3,2,1,1,True,1.0,5523,False,Math,True,1,Total
calc_react,granite-8b,v2,6764,3,1,3,3,True,0.95,12406,False,Math,True,1,Total
calc_react,granite-8b,v2,6765,3,3,0,0,True,1.0,5034,False,Math,True,1,Total
calc_react,granite-8b,v2,6766,3,2,3,3,True,1.0,4385,False,Math,True,1,Total
calc_react,granite-8b,v2,6767,3,2,2,2,True,1.0,13365,False,Math,True,1,Total
calc_react,granite-8b,v2,6768,3,2,0,0,True,1.0,11059,False,Math,True,1,Total
calc_react,granite-8b,v2,6769,3,5,3,3,True,1.0,11500,False,Math,True,1,Total
calc_react,granite-8b,v2,6770,3,1,0,0,True,1.0,9761,False,Math,True,1,Total
calc_react,granite-8b,v2,6771,3,4,3,3,True,1.0,13892,False,Math,True,1,Total
calc_react,granite-8b,v2,6772,3,3,3,3,True,1.0,10274,False,Math,True,1,Total
calc_react,granite-8b,v2,6773,3,10,1,2,False,0.9,17242,False,Math,False,0,Total
calc_react,granite-8b,v2,6774,3,1,2,2,True,1.0,6593,False,Math,True,1,Total
calc_react,granite-8b,v2,6775,3,2,3,3,True,1.0,6065,False,Math,True,1,Total
calc_react,granite-8b,v2,6776,3,3,2,3,False,0.95,16988,False,Math,False,0,Total
calc_react,granite-8b,v2,6777,3,5,0,0,True,1.0,6694,False,Math,True,1,Total
calc_react,granite-8b,v2,6778,3,1,3,3,True,1.0,8544,False,Math,True,1,Total
calc_react,granite-8b,v2,6779,3,2,0,0,True,1.0,6454,False,Math,True,1,Total
calc_react,granite-8b,v2,6780,3,1,0,0,True,1.0,17661,False,Math,True,1,Total
calc_react,granite-8b,v2,6781,3,5,3,1,False,1.0,14361,False,Math,False,0,Total
calc_react,granite-8b,v2,6782,3,1,1,1,True,1.0,7839,False,Math,True,1,Total
calc_react,granite-8b,v2,6783,3,1,2,2,True,1.0,4208,False,Math,True,1,Total
calc_react,granite-8b,v2,6784,3,2,2,2,True,1.0,17976,False,Math,True,1,Total
calc_react,granite-8b,v2,6785,3,1,0,0,True,1.0,9662,False,Math,True,1,Total
calc_react,granite-8b,v2,6786,3,3,3,0,False,0.95,16816,False,Math,False,0,Total
calc_react,granite-8b,v2,6787,3,1,3,3,True,1.0,8555,False,Math,True,1,Total
calc_react,granite-8b,v2,6788,3,1,1,1,True,1.0,8452,False,Math,True,1,Total
calc_react,granite-8b,v2,6789,3,7,2,2,True,1.0,3746,False,Math,True,1,Total
calc_react,granite-8b,v2,6790,3,3,0,1,False,1.0,9413,False,Math,False,0,Total
calc_react,granite-8b,v2,6791,3,2,0,0,True,1.0,7756,False,Math,True,1,Total
calc_react,granite-8b,v2,6792,3,6,3,3,True,1.0,7761,False,Math,True,1,Total
calc_react,granite-8b,v2,6793,3,3,1,1,True,1.0,4602,False,Math,True,1,Total
calc_react,granite-8b,v2,6794,3,1,3,3,True,1.0,8477,False,Math,True,1,Total
calc_react,granite-8b,v2,6795,3,5,3,3,True,1.0,5482,False,Math,True,1,Total
calc_react,granite-8b,v2,6796,3,6,0,1,False,0.9,6534,False,Math,False,0,Total
calc_react,granite-8b,v2,6797,3,1,1,2,False,0.95,6489,False,Math,False,0,Total
calc_react,granite-8b,v2,6798,3,3,2,2,True,1.0,6244,False,Math,True,1,Total
calc_react,granite-8b,v2,6799,3,2,0,2,False,0.9,17668,False,Math,False,0,Total
calc_react,granite-8b,v2,6800,3,1,1,1,True,1.0,12622,False,Math,True,1,Total
calc_react,granite-8b,v2,6801,3,1,2,2,True,1.0,5377,False,Math,True,1,Total
calc_react,granite-8b,v2,6802,3,3,0,0,True,1.0,5273,False,Math,True,1,Total
calc_react,granite-8b,v2,6803,3,2,3,3,True,1.0,4255,False,Math,True,1,Total
calc_react,granite-8b,v2,6804,3,6,2,2,True,1.0,3393,False,Math,True,1,Total
calc_react,granite-8b,v2,6805,3,4,3,3,True,1.0,14357,False,Math,True,1,Total
calc_react,granite-8b,v2,6806,3,1,2,2,True,1.0,9549,False,Math,True,1,Total
calc_react,granite-8b,v2,6807,3,4,0,3,False,1.0,16760,False,Math,False,0,Total
calc_react,granite-8b,v2,6808,3,2,1,1,True,1.0,12177,False,Math,True,1,Total
calc_react,granite-8b,v2,6809,3,1,1,2,False,1.0,10285,False,Math,False,0,Total
calc_react,granite-8b,v2,6810,3,8,3,3,True,1.0,12229,False,Math,True,1,Total
calc_react,granite-8b,v2,6811,3,3,3,3,True,1.0,6720,False,Math,True,1,Total
calc_react,granite-8b,v2,6812,3,2,1,0,False,0.9,18750,False,Math,False,0,Total
calc_react,granite-8b,v2,6813,3,4,0,0,True,1.0,7441,False,Math,True,1,Total
calc_react,granite-8b,v2,6815,3,4,1,1,True,1.0,12079,False,Math,True,1,Total
calc_react,granite-8b,v2,6816,3,1,3,3,True,1.0,8492,False,Math,True,1,Total
calc_react,granite-8b,v2,6817,3,3,1,1,True,1.0,6457,False,Math,True,1,Total
calc_react,granite-8b,v2,6818,3,1,0,0,True,1.0,7197,False,Math,True,1,Total
calc_react,granite-8b,v2,6819,3,2,3,3,True,0.95,16014,False,Math,True,1,Total
calc_react,granite-8b,v2,6820,3,1,0,0,True,1.0,8247,False,Math,True,1,Total
calc_react,granite-8b,v2,6821,3,1,0,0,True,0.0,21969,False,Math,True,1,Total
calc_react,granite-8b,v2,6822,3,3,0,2,False,1.0,8972,False,Math,False,0,Total
calc_react,granite-8b,v2,6823,3,2,3,3,True,1.0,12356,False,Math,True,1,Total
calc_react,granite-8b,v2,6824,3,4,0,2,False,0.9,9933,False,Math,False,0,Total
calc_react,granite-8b,v2,6825,3,1,3,3,True,1.0,5293,False,Math,True,1,Total
calc_react,granite-8b,v2,6826,3,1,0,0,True,1.0,12451,False,Math,True,1,Total
calc_react,granite-8b,v2,6827,3,2,2,2,True,1.0,12437,False,Math,True,1,Total
calc_react,granite-8b,v2,6828,3,4,3,1,False,0.2,17129,False,Math,False,0,Total
calc_react,granite-8b,v2,6829,3,7,1,3,False,1.0,8185,False,Math,False,0,Total
calc_react,granite-8b,v2,6830,3,3,0,0,True,0.0,21351,False,Math,True,1,Total
calc_react,granite-8b,v2,6831,3,4,0,0,True,1.0,7852,False,Math,True,1,Total
calc_react,granite-8b,v2,6832,3,15,2,2,True,1.0,8679,False,Math,True,1,Total
calc_react,granite-8b,v2,6833,3,4,2,2,True,1.0,9387,False,Math,True,1,Total
calc_react,granite-8b,v2,6834,3,5,3,3,True,1.0,3390,False,Math,True,1,Total
calc_react,granite-8b,v2,6835,3,5,2,2,True,1.0,7012,False,Math,True,1,Total
calc_react,granite-8b,v2,6836,3,1,0,3,False,0.0,21619,False,Math,False,0,Total
calc_react,granite-8b,v2,6837,3,1,3,3,True,1.0,4816,False,Math,True,1,Total
calc_react,granite-8b,v2,6838,3,4,3,3,True,1.0,6340,False,Math,True,1,Total
calc_react,granite-8b,v2,6839,3,6,1,1,True,0.9,13715,False,Math,True,1,Total
calc_react,granite-8b,v2,6840,3,3,2,2,True,1.0,8344,False,Math,True,1,Total
calc_react,granite-8b,v2,6841,3,4,0,0,True,1.0,13202,False,Math,True,1,Total
calc_react,granite-8b,v2,6842,3,1,1,3,False,1.0,5905,False,Math,False,0,Total
calc_react,granite-8b,v2,6843,3,5,2,2,True,1.0,11012,False,Math,True,1,Total
calc_react,granite-8b,v2,6844,3,3,2,2,True,1.0,4857,False,Math,True,1,Total
calc_react,granite-8b,v2,6845,3,1,0,0,True,1.0,18218,False,Math,True,1,Total
calc_react,granite-8b,v2,6846,3,10,0,1,False,1.0,6694,True,Math,False,0,Total
calc_react,granite-8b,v2,6847,3,1,0,0,True,1.0,7461,False,Math,True,1,Total
calc_react,granite-8b,v2,6848,3,1,0,0,True,1.0,3813,False,Math,True,1,Total
calc_react,granite-8b,v2,6849,3,2,0,0,True,1.0,4568,False,Math,True,1,Total
calc_react,granite-8b,v2,6850,3,1,2,2,True,1.0,9272,False,Math,True,1,Total
calc_react,granite-8b,v2,6851,3,3,3,3,True,0.9,13156,False,Math,True,1,Total
calc_react,granite-8b,v2,6852,3,4,0,0,True,1.0,11186,False,Math,True,1,Total
dynamic_few_shot_k3,granite-8b,v2_json_fewshot_k3,6642,3,11,0,0,True,1.0,5114,False,Math,True,1,Total
dynamic_few_shot_k3,granite-8b,v2_json_fewshot_k3,6643,3,3,3,3,True,1.0,7617,False,Math,True,1,Total
dynamic_few_shot_k3,granite-8b,v2_json_fewshot_k3,6644,3,2,2,2,True,1.0,5406,False,Math,True,1,Total
dynamic_few_shot_k3,granite-8b,v2_json_fewshot_k3,6645,3,2,3,3,True,1.0,5899,False,Math,True,1,Total
dynamic_few_shot_k3,granite-8b,v2_json_fewshot_k3,6646,3,3,0,0,True,1.0,10157,False,Math,True,1,Total
dynamic_few_shot_k3,granite-8b,v2_json_fewshot_k3,6647,3,4,1,3,False,1.0,10346,False,Math,False,0,Total
dynamic_few_shot_k3,granite-8b,v2_json_fewshot_k3,6648,3,1,3,3,True,1.0,6363,False,Math,True,1,Total
dynamic_few_shot_k3,granite-8b,v2_json_fewshot_k3,6649,3,1,2,2,True,1.0,16903,False,Math,True,1,Total
dynamic_few_shot_k3,granite-8b,v2_json_fewshot_k3,6650,3,6,0,0,True,1.0,11216,False,Math,True,1,Total
dynamic_few_shot_k3,granite-8b,v2_json_fewshot_k3,6651,3,2,3,3,True,1.0,7700,False,Math,True,1,Total
dynamic_few_shot_k3,granite-8b,v2_json_fewshot_k3,6652,3,3,0,0,True,1.0,15483,False,Math,True,1,Total
dynamic_few_shot_k3,granite-8b,v2_json_fewshot_k3,6654,3,1,2,2,True,1.0,7949,False,Math,True,1,Total
dynamic_few_shot_k3,granite-8b,v2_json_fewshot_k3,6655,3,5,1,1,True,1.0,8284,False,Math,True,1,Total
dynamic_few_shot_k3,granite-8b,v2_json_fewshot_k3,6656,3,2,2,2,True,0.9,11441,False,Math,True,1,Total
dynamic_few_shot_k3,granite-8b,v2_json_fewshot_k3,6657,3,8,1,2,False,1.0,8577,False,Math,False,0,Total
dynamic_few_shot_k3,granite-8b,v2_json_fewshot_k3,6658,3,5,0,2,False,1.0,12122,False,Math,False,0,Total
dynamic_few_shot_k3,granite-8b,v2_json_fewshot_k3,6659,3,2,0,0,True,1.0,3272,False,Math,True,1,Total
dynamic_few_shot_k3,granite-8b,v2_json_fewshot_k3,6661,3,10,1,1,True,1.0,8577,False,Math,True,1,Total
dynamic_few_shot_k3,granite-8b,v2_json_fewshot_k3,6662,3,1,2,2,True,1.0,9042,False,Math,True,1,Total
dynamic_few_shot_k3,granite-8b,v2_json_fewshot_k3,6663,3,2,2,2,True,0.95,6625,False,Math,True,1,Total
dynamic_few_shot_k3,granite-8b,v2_json_fewshot_k3,6664,3,3,2,2,True,1.0,8296,False,Math,True,1,Total
dynamic_few_shot_k3,granite-8b,v2_json_fewshot_k3,6665,3,2,0,0,True,1.0,5546,False,Math,True,1,Total
dynamic_few_shot_k3,granite-8b,v2_json_fewshot_k3,6666,3,1,3,3,True,1.0,12089,False,Math,True,1,Total
dynamic_few_shot_k3,granite-8b,v2_json_fewshot_k3,6667,3,2,0,0,True,1.0,8344,False,Math,True,1,Total
dynamic_few_shot_k3,granite-8b,v2_json_fewshot_k3,6668,3,4,3,3,True,1.0,4228,False,Math,True,1,Total
dynamic_few_shot_k3,granite-8b,v2_json_fewshot_k3,6669,3,3,1,1,True,1.0,9108,False,Math,True,1,Total
dynamic_few_shot_k3,granite-8b,v2_json_fewshot_k3,6670,3,2,2,2,True,1.0,5015,False,Math,True,1,Total
dynamic_few_shot_k3,granite-8b,v2_json_fewshot_k3,6671,3,3,1,1,True,0.95,13941,False,Math,True,1,Total
dynamic_few_shot_k3,granite-8b,v2_json_fewshot_k3,6672,3,2,2,2,True,1.0,13771,False,Math,True,1,Total
dynamic_few_shot_k3,granite-8b,v2_json_fewshot_k3,6673,3,1,3,3,True,1.0,6078,False,Math,True,1,Total
dynamic_few_shot_k3,granite-8b,v2_json_fewshot_k3,6674,3,4,2,2,True,1.0,7641,False,Math,True,1,Total
dynamic_few_shot_k3,granite-8b,v2_json_fewshot_k3,6675,3,3,0,0,True,1.0,11433,False,Math,True,1,Total
dynamic_few_shot_k3,granite-8b,v2_json_fewshot_k3,6676,3,11,0,0,True,1.0,5845,False,Math,True,1,Total
dynamic_few_shot_k3,granite-8b,v2_json_fewshot_k3,6677,3,5,3,3,True,1.0,5710,False,Math,True,1,Total
dynamic_few_shot_k3,granite-8b,v2_json_fewshot_k3,6679,3,3,2,3,False,0.9,10860,False,Math,False,0,Total
dynamic_few_shot_k3,granite-8b,v2_json_fewshot_k3,6680,3,9,2,2,True,1.0,9396,False,Math,True,1,Total
dynamic_few_shot_k3,granite-8b,v2_json_fewshot_k3,6681,3,1,1,1,True,1.0,7948,False,Math,True,1,Total
dynamic_few_shot_k3,granite-8b,v2_json_fewshot_k3,6682,3,1,3,3,True,0.95,5020,False,Math,True,1,Total
dynamic_few_shot_k3,granite-8b,v2_json_fewshot_k3,6683,3,2,3,3,True,1.0,13927,False,Math,True,1,Total
dynamic_few_shot_k3,granite-8b,v2_json_fewshot_k3,6684,3,1,1,3,False,1.0,12503,False,Math,False,0,Total
dynamic_few_shot_k3,granite-8b,v2_json_fewshot_k3,6685,3,3,1,2,False,1.0,15016,False,Math,False,0,Total
dynamic_few_shot_k3,granite-8b,v2_json_fewshot_k3,6686,3,3,2,2,True,1.0,7214,False,Math,True,1,Total
dynamic_few_shot_k3,granite-8b,v2_json_fewshot_k3,6688,3,7,0,0,True,1.0,12847,False,Math,True,1,Total
dynamic_few_shot_k3,granite-8b,v2_json_fewshot_k3,6689,3,1,0,3,False,1.0,10364,False,Math,False,0,Total
dynamic_few_shot_k3,granite-8b,v2_json_fewshot_k3,6690,3,1,0,2,False,0.95,7959,False,Math,False,0,Total
dynamic_few_shot_k3,granite-8b,v2_json_fewshot_k3,6691,3,2,3,3,True,0.95,6959,False,Math,True,1,Total
dynamic_few_shot_k3,granite-8b,v2_json_fewshot_k3,6692,3,3,0,3,False,1.0,11079,False,Math,False,0,Total
dynamic_few_shot_k3,granite-8b,v2_json_fewshot_k3,6693,3,2,3,3,True,1.0,5813,False,Math,True,1,Total
dynamic_few_shot_k3,granite-8b,v2_json_fewshot_k3,6694,3,5,0,0,True,1.0,8398,False,Math,True,1,Total
dynamic_few_shot_k3,granite-8b,v2_json_fewshot_k3,6695,3,9,0,0,True,0.0,17793,False,Math,True,1,Total
dynamic_few_shot_k3,granite-8b,v2_json_fewshot_k3,6696,3,1,3,2,False,1.0,8728,False,Math,False,0,Total
dynamic_few_shot_k3,granite-8b,v2_json_fewshot_k3,6697,3,3,1,1,True,1.0,8892,False,Math,True,1,Total
dynamic_few_shot_k3,granite-8b,v2_json_fewshot_k3,6698,3,6,1,1,True,1.0,5696,False,Math,True,1,Total
dynamic_few_shot_k3,granite-8b,v2_json_fewshot_k3,6699,3,2,3,1,False,1.0,14267,False,Math,False,0,Total
dynamic_few_shot_k3,granite-8b,v2_json_fewshot_k3,6700,3,1,0,0,True,1.0,5059,False,Math,True,1,Total
dynamic_few_shot_k3,granite-8b,v2_json_fewshot_k3,6701,3,1,3,3,True,1.0,10660,False,Math,True,1,Total
dynamic_few_shot_k3,granite-8b,v2_json_fewshot_k3,6702,3,4,0,0,True,1.0,10669,False,Math,True,1,Total
dynamic_few_shot_k3,granite-8b,v2_json_fewshot_k3,6703,3,10,1,1,True,1.0,8324,False,Math,True,1,Total
dynamic_few_shot_k3,granite-8b,v2_json_fewshot_k3,6704,3,7,3,3,True,1.0,9035,False,Math,True,1,Total
dynamic_few_shot_k3,granite-8b,v2_json_fewshot_k3,6705,3,1,1,1,True,1.0,4247,False,Math,True,1,Total
dynamic_few_shot_k3,granite-8b,v2_json_fewshot_k3,6706,3,3,2,1,False,0.9,15172,False,Math,False,0,Total
dynamic_few_shot_k3,granite-8b,v2_json_fewshot_k3,6707,3,1,1,1,True,1.0,9790,False,Math,True,1,Total
dynamic_few_shot_k3,granite-8b,v2_json_fewshot_k3,6709,3,1,1,1,True,1.0,8815,False,Math,True,1,Total
dynamic_few_shot_k3,granite-8b,v2_json_fewshot_k3,6710,3,2,1,1,True,1.0,6464,False,Math,True,1,Total
dynamic_few_shot_k3,granite-8b,v2_json_fewshot_k3,6711,3,10,0,0,True,1.0,8190,False,Math,True,1,Total
dynamic_few_shot_k3,granite-8b,v2_json_fewshot_k3,6713,3,3,3,3,True,1.0,2954,False,Math,True,1,Total
dynamic_few_shot_k3,granite-8b,v2_json_fewshot_k3,6714,3,1,1,1,True,1.0,9079,False,Math,True,1,Total
dynamic_few_shot_k3,granite-8b,v2_json_fewshot_k3,6715,3,2,3,2,False,1.0,7504,False,Math,False,0,Total
dynamic_few_shot_k3,granite-8b,v2_json_fewshot_k3,6716,3,5,0,0,True,1.0,8264,False,Math,True,1,Total
dynamic_few_shot_k3,granite-8b,v2_json_fewshot_k3,6717,3,1,1,1,True,1.0,10187,False,Math,True,1,Total
dynamic_few_shot_k3,granite-8b,v2_json_fewshot_k3,6718,3,1,1,1,True,1.0,10278,False,Math,True,1,Total
dynamic_few_shot_k3,granite-8b,v2_json_fewshot_k3,6719,3,3,1,1,True,1.0,6887,False,Math,True,1,Total
dynamic_few_shot_k3,granite-8b,v2_json_fewshot_k3,6720,3,3,1,1,True,1.0,13743,False,Math,True,1,Total
dynamic_few_shot_k3,granite-8b,v2_json_fewshot_k3,6722,3,1,1,1,True,1.0,8048,False,Math,True,1,Total
dynamic_few_shot_k3,granite-8b,v2_json_fewshot_k3,6723,3,1,3,3,True,1.0,7406,False,Math,True,1,Total
dynamic_few_shot_k3,granite-8b,v2_json_fewshot_k3,6724,3,5,1,1,True,0.95,9491,False,Math,True,1,Total
dynamic_few_shot_k3,granite-8b,v2_json_fewshot_k3,6725,3,6,0,0,True,1.0,4847,False,Math,True,1,Total
dynamic_few_shot_k3,granite-8b,v2_json_fewshot_k3,6726,3,1,3,3,True,1.0,11160,False,Math,True,1,Total
dynamic_few_shot_k3,granite-8b,v2_json_fewshot_k3,6727,3,3,1,1,True,1.0,5725,False,Math,True,1,Total
dynamic_few_shot_k3,granite-8b,v2_json_fewshot_k3,6728,3,3,2,2,True,1.0,7707,False,Math,True,1,Total
dynamic_few_shot_k3,granite-8b,v2_json_fewshot_k3,6729,3,1,0,0,True,1.0,13544,False,Math,True,1,Total
dynamic_few_shot_k3,granite-8b,v2_json_fewshot_k3,6730,3,2,2,2,True,1.0,7023,False,Math,True,1,Total
dynamic_few_shot_k3,granite-8b,v2_json_fewshot_k3,6731,3,1,0,0,True,1.0,15300,False,Math,True,1,Total
dynamic_few_shot_k3,granite-8b,v2_json_fewshot_k3,6732,3,4,3,2,False,0.95,9740,False,Math,False,0,Total
dynamic_few_shot_k3,granite-8b,v2_json_fewshot_k3,6733,3,2,3,3,True,1.0,7468,False,Math,True,1,Total
dynamic_few_shot_k3,granite-8b,v2_json_fewshot_k3,6734,3,1,1,1,True,1.0,5588,False,Math,True,1,Total
dynamic_few_shot_k3,granite-8b,v2_json_fewshot_k3,6735,3,2,1,1,True,0.95,7063,False,Math,True,1,Total
dynamic_few_shot_k3,granite-8b,v2_json_fewshot_k3,6736,3,4,0,0,True,1.0,7869,False,Math,True,1,Total
dynamic_few_shot_k3,granite-8b,v2_json_fewshot_k3,6737,3,1,2,0,False,1.0,12248,False,Math,False,0,Total
dynamic_few_shot_k3,granite-8b,v2_json_fewshot_k3,6738,3,2,3,3,True,0.95,16377,False,Math,True,1,Total
dynamic_few_shot_k3,granite-8b,v2_json_fewshot_k3,6739,3,2,2,2,True,1.0,6796,False,Math,True,1,Total
dynamic_few_shot_k3,granite-8b,v2_json_fewshot_k3,6740,3,6,2,2,True,1.0,12758,False,Math,True,1,Total
dynamic_few_shot_k3,granite-8b,v2_json_fewshot_k3,6741,3,3,3,1,False,1.0,13741,False,Math,False,0,Total
dynamic_few_shot_k3,granite-8b,v2_json_fewshot_k3,6742,3,5,1,3,False,1.0,10051,False,Math,False,0,Total
dynamic_few_shot_k3,granite-8b,v2_json_fewshot_k3,6743,3,2,3,3,True,0.95,9292,False,Math,True,1,Total
dynamic_few_shot_k3,granite-8b,v2_json_fewshot_k3,6744,3,2,1,1,True,1.0,7692,False,Math,True,1,Total
dynamic_few_shot_k3,granite-8b,v2_json_fewshot_k3,6747,3,1,1,1,True,1.0,14154,False,Math,True,1,Total
dynamic_few_shot_k3,granite-8b,v2_json_fewshot_k3,6748,3,9,1,1,True,1.0,9628,False,Math,True,1,Total
dynamic_few_shot_k3,granite-8b,v2_json_fewshot_k3,6749,3,1,2,1,False,1.0,11361,False,Math,False,0,Total
dynamic_few_shot_k3,granite-8b,v2_json_fewshot_k3,6750,3,1,1,1,True,1.0,3738,False,Math,True,1,Total
dynamic_few_shot_k3,granite-8b,v2_json_fewshot_k3,6751,3,3,1,1,True,1.0,11569,False,Math,True,1,Total
dynamic_few_shot_k3,granite-8b,v2_json_fewshot_k3,6752,3,5,2,2,True,1.0,11498,False,Math,True,1,Total
dynamic_few_shot_k3,granite-8b,v2_json_fewshot_k3,6753,3,4,2,1,False,1.0,14660,False,Math,False,0,Total
dynamic_few_shot_k3,granite-8b,v2_json_fewshot_k3,6754,3,1,2,2,True,1.0,6808,False,Math,True,1,Total
dynamic_few_shot_k3,granite-8b,v2_json_fewshot_k3,6756,3,2,1,0,False,0.95,8320,False,Math,False,0,Total
dynamic_few_shot_k3,granite-8b,v2_json_fewshot_k3,6757,3,13,0,0,True,1.0,6760,False,Math,True,1,Total
dynamic_few_shot_k3,granite-8b,v2_json_fewshot_k3,6758,3,2,0,0,True,1.0,4922,False,Math,True,1,Total
dynamic_few_shot_k3,granite-8b,v2_json_fewshot_k3,6759,3,2,2,2,True,1.0,6970,False,Math,True,1,Total
dynamic_few_shot_k3,granite-8b,v2_json_fewshot_k3,6760,3,2,0,1,False,1.0,13614,False,Math,False,0,Total
dynamic_few_shot_k3,granite-8b,v2_json_fewshot_k3,6761,3,2,3,2,False,1.0,5234,False,Math,False,0,Total
dynamic_few_shot_k3,granite-8b,v2_json_fewshot_k3,6762,3,3,1,1,True,1.0,6021,False,Math,True,1,Total
dynamic_few_shot_k3,granite-8b,v2_json_fewshot_k3,6763,3,2,1,1,True,1.0,7588,False,Math,True,1,Total
dynamic_few_shot_k3,granite-8b,v2_json_fewshot_k3,6764,3,1,3,3,True,0.95,13087,False,Math,True,1,Total
dynamic_few_shot_k3,granite-8b,v2_json_fewshot_k3,6765,3,3,0,0,True,1.0,5818,False,Math,True,1,Total
dynamic_few_shot_k3,granite-8b,v2_json_fewshot_k3,6766,3,2,3,3,True,1.0,3925,False,Math,True,1,Total
dynamic_few_shot_k3,granite-8b,v2_json_fewshot_k3,6767,3,2,1,2,False,1.0,11560,False,Math,False,0,Total
dynamic_few_shot_k3,granite-8b,v2_json_fewshot_k3,6768,3,2,3,0,False,1.0,11365,False,Math,False,0,Total
dynamic_few_shot_k3,granite-8b,v2_json_fewshot_k3,6769,3,5,3,3,True,1.0,9437,False,Math,True,1,Total
dynamic_few_shot_k3,granite-8b,v2_json_fewshot_k3,6770,3,1,0,0,True,1.0,12948,False,Math,True,1,Total
dynamic_few_shot_k3,granite-8b,v2_json_fewshot_k3,6771,3,4,3,3,True,1.0,16882,False,Math,True,1,Total
dynamic_few_shot_k3,granite-8b,v2_json_fewshot_k3,6772,3,3,3,3,True,1.0,8175,False,Math,True,1,Total
dynamic_few_shot_k3,granite-8b,v2_json_fewshot_k3,6773,3,10,1,2,False,0.9,12380,False,Math,False,0,Total
dynamic_few_shot_k3,granite-8b,v2_json_fewshot_k3,6774,3,1,2,2,True,1.0,8909,False,Math,True,1,Total
dynamic_few_shot_k3,granite-8b,v2_json_fewshot_k3,6775,3,2,3,3,True,1.0,8157,False,Math,True,1,Total
dynamic_few_shot_k3,granite-8b,v2_json_fewshot_k3,6776,3,3,3,3,True,0.9,14171,False,Math,True,1,Total
dynamic_few_shot_k3,granite-8b,v2_json_fewshot_k3,6777,3,5,0,0,True,1.0,7628,False,Math,True,1,Total
dynamic_few_shot_k3,granite-8b,v2_json_fewshot_k3,6778,3,1,3,3,True,1.0,12450,False,Math,True,1,Total
dynamic_few_shot_k3,granite-8b,v2_json_fewshot_k3,6779,3,2,0,0,True,1.0,8792,False,Math,True,1,Total
dynamic_few_shot_k3,granite-8b,v2_json_fewshot_k3,6780,3,1,0,0,True,1.0,15704,False,Math,True,1,Total
dynamic_few_shot_k3,granite-8b,v2_json_fewshot_k3,6781,3,5,3,1,False,1.0,12911,False,Math,False,0,Total
dynamic_few_shot_k3,granite-8b,v2_json_fewshot_k3,6782,3,1,1,1,True,1.0,9262,False,Math,True,1,Total
dynamic_few_shot_k3,granite-8b,v2_json_fewshot_k3,6783,3,1,2,2,True,1.0,4074,False,Math,True,1,Total
dynamic_few_shot_k3,granite-8b,v2_json_fewshot_k3,6784,3,2,0,2,False,0.0,18272,False,Math,False,0,Total
dynamic_few_shot_k3,granite-8b,v2_json_fewshot_k3,6785,3,1,0,0,True,0.95,13133,False,Math,True,1,Total
dynamic_few_shot_k3,granite-8b,v2_json_fewshot_k3,6786,3,3,3,0,False,0.95,12157,False,Math,False,0,Total
dynamic_few_shot_k3,granite-8b,v2_json_fewshot_k3,6787,3,1,3,3,True,1.0,9000,False,Math,True,1,Total
dynamic_few_shot_k3,granite-8b,v2_json_fewshot_k3,6788,3,1,1,1,True,1.0,9650,False,Math,True,1,Total
dynamic_few_shot_k3,granite-8b,v2_json_fewshot_k3,6789,3,7,2,2,True,1.0,4500,False,Math,True,1,Total
dynamic_few_shot_k3,granite-8b,v2_json_fewshot_k3,6790,3,3,1,1,True,1.0,11459,False,Math,True,1,Total
dynamic_few_shot_k3,granite-8b,v2_json_fewshot_k3,6791,3,2,0,0,True,1.0,9900,False,Math,True,1,Total
dynamic_few_shot_k3,granite-8b,v2_json_fewshot_k3,6792,3,6,3,3,True,1.0,10890,False,Math,True,1,Total
dynamic_few_shot_k3,granite-8b,v2_json_fewshot_k3,6793,3,3,1,1,True,0.95,8401,False,Math,True,1,Total
dynamic_few_shot_k3,granite-8b,v2_json_fewshot_k3,6794,3,1,3,3,True,0.95,7790,False,Math,True,1,Total
dynamic_few_shot_k3,granite-8b,v2_json_fewshot_k3,6795,3,5,3,3,True,1.0,5628,False,Math,True,1,Total
dynamic_few_shot_k3,granite-8b,v2_json_fewshot_k3,6796,3,6,0,1,False,1.0,7114,False,Math,False,0,Total
dynamic_few_shot_k3,granite-8b,v2_json_fewshot_k3,6797,3,1,2,2,True,0.95,5529,False,Math,True,1,Total
dynamic_few_shot_k3,granite-8b,v2_json_fewshot_k3,6798,3,3,2,2,True,1.0,8022,False,Math,True,1,Total
dynamic_few_shot_k3,granite-8b,v2_json_fewshot_k3,6799,3,2,0,2,False,0.9,15706,False,Math,False,0,Total
dynamic_few_shot_k3,granite-8b,v2_json_fewshot_k3,6800,3,1,3,1,False,1.0,16457,False,Math,False,0,Total
dynamic_few_shot_k3,granite-8b,v2_json_fewshot_k3,6801,3,1,2,2,True,1.0,7356,False,Math,True,1,Total
dynamic_few_shot_k3,granite-8b,v2_json_fewshot_k3,6802,3,3,3,0,False,1.0,7270,False,Math,False,0,Total
dynamic_few_shot_k3,granite-8b,v2_json_fewshot_k3,6803,3,2,3,3,True,1.0,9235,False,Math,True,1,Total
dynamic_few_shot_k3,granite-8b,v2_json_fewshot_k3,6804,3,6,2,2,True,1.0,4648,False,Math,True,1,Total
dynamic_few_shot_k3,granite-8b,v2_json_fewshot_k3,6805,3,4,3,3,True,1.0,12874,False,Math,True,1,Total
dynamic_few_shot_k3,granite-8b,v2_json_fewshot_k3,6806,3,1,2,2,True,1.0,9251,False,Math,True,1,Total
dynamic_few_shot_k3,granite-8b,v2_json_fewshot_k3,6807,3,4,1,3,False,1.0,9421,False,Math,False,0,Total
dynamic_few_shot_k3,granite-8b,v2_json_fewshot_k3,6808,3,2,1,1,True,1.0,14454,False,Math,True,1,Total
dynamic_few_shot_k3,granite-8b,v2_json_fewshot_k3,6809,3,1,2,2,True,1.0,12619,False,Math,True,1,Total
dynamic_few_shot_k3,granite-8b,v2_json_fewshot_k3,6810,3,8,0,3,False,0.95,12064,False,Math,False,0,Total
dynamic_few_shot_k3,granite-8b,v2_json_fewshot_k3,6811,3,3,3,3,True,1.0,8190,False,Math,True,1,Total
dynamic_few_shot_k3,granite-8b,v2_json_fewshot_k3,6812,3,2,0,0,True,1.0,12176,False,Math,True,1,Total
dynamic_few_shot_k3,granite-8b,v2_json_fewshot_k3,6813,3,4,0,0,True,1.0,8079,False,Math,True,1,Total
dynamic_few_shot_k3,granite-8b,v2_json_fewshot_k3,6815,3,4,1,1,True,1.0,15566,False,Math,True,1,Total
dynamic_few_shot_k3,granite-8b,v2_json_fewshot_k3,6816,3,1,3,3,True,1.0,14570,False,Math,True,1,Total
dynamic_few_shot_k3,granite-8b,v2_json_fewshot_k3,6817,3,3,1,1,True,1.0,7021,False,Math,True,1,Total
dynamic_few_shot_k3,granite-8b,v2_json_fewshot_k3,6818,3,1,0,0,True,1.0,12740,False,Math,True,1,Total
dynamic_few_shot_k3,granite-8b,v2_json_fewshot_k3,6819,3,2,3,3,True,1.0,14030,False,Math,True,1,Total
dynamic_few_shot_k3,granite-8b,v2_json_fewshot_k3,6820,3,1,2,0,False,0.95,16455,False,Math,False,0,Total
dynamic_few_shot_k3,granite-8b,v2_json_fewshot_k3,6821,3,1,0,0,True,1.0,8803,False,Math,True,1,Total
dynamic_few_shot_k3,granite-8b,v2_json_fewshot_k3,6822,3,3,0,2,False,1.0,7638,False,Math,False,0,Total
dynamic_few_shot_k3,granite-8b,v2_json_fewshot_k3,6823,3,2,3,3,True,1.0,14241,False,Math,True,1,Total
dynamic_few_shot_k3,granite-8b,v2_json_fewshot_k3,6824,3,4,2,2,True,1.0,8590,False,Math,True,1,Total
dynamic_few_shot_k3,granite-8b,v2_json_fewshot_k3,6825,3,1,3,3,True,1.0,8495,False,Math,True,1,Total
dynamic_few_shot_k3,granite-8b,v2_json_fewshot_k3,6826,3,1,0,0,True,1.0,14120,False,Math,True,1,Total
dynamic_few_shot_k3,granite-8b,v2_json_fewshot_k3,6827,3,2,1,2,False,1.0,13749,False,Math,False,0,Total
dynamic_few_shot_k3,granite-8b,v2_json_fewshot_k3,6828,3,4,3,1,False,1.0,7326,False,Math,False,0,Total
dynamic_few_shot_k3,granite-8b,v2_json_fewshot_k3,6829,3,7,1,3,False,1.0,6634,False,Math,False,0,Total
dynamic_few_shot_k3,granite-8b,v2_json_fewshot_k3,6830,3,3,3,0,False,1.0,15210,False,Math,False,0,Total
dynamic_few_shot_k3,granite-8b,v2_json_fewshot_k3,6831,3,4,2,0,False,1.0,8665,False,Math,False,0,Total
dynamic_few_shot_k3,granite-8b,v2_json_fewshot_k3,6832,3,15,0,2,False,1.0,13231,False,Math,False,0,Total
dynamic_few_shot_k3,granite-8b,v2_json_fewshot_k3,6833,3,4,2,2,True,1.0,16521,False,Math,True,1,Total
dynamic_few_shot_k3,granite-8b,v2_json_fewshot_k3,6834,3,5,3,3,True,1.0,5313,False,Math,True,1,Total
dynamic_few_shot_k3,granite-8b,v2_json_fewshot_k3,6835,3,5,2,2,True,1.0,9360,False,Math,True,1,Total
dynamic_few_shot_k3,granite-8b,v2_json_fewshot_k3,6836,3,1,2,3,False,0.95,16262,False,Math,False,0,Total
dynamic_few_shot_k3,granite-8b,v2_json_fewshot_k3,6837,3,1,3,3,True,1.0,8424,False,Math,True,1,Total
dynamic_few_shot_k3,granite-8b,v2_json_fewshot_k3,6838,3,4,3,3,True,1.0,6500,False,Math,True,1,Total
dynamic_few_shot_k3,granite-8b,v2_json_fewshot_k3,6839,3,6,1,1,True,0.95,10745,False,Math,True,1,Total
dynamic_few_shot_k3,granite-8b,v2_json_fewshot_k3,6840,3,3,2,2,True,1.0,9740,False,Math,True,1,Total
dynamic_few_shot_k3,granite-8b,v2_json_fewshot_k3,6841,3,4,0,0,True,0.0,17667,False,Math,True,1,Total
dynamic_few_shot_k3,granite-8b,v2_json_fewshot_k3,6842,3,1,1,3,False,1.0,6027,False,Math,False,0,Total
dynamic_few_shot_k3,granite-8b,v2_json_fewshot_k3,6843,3,5,2,2,True,1.0,6407,False,Math,True,1,Total
dynamic_few_shot_k3,granite-8b,v2_json_fewshot_k3,6844,3,3,2,2,True,1.0,4481,False,Math,True,1,Total
dynamic_few_shot_k3,granite-8b,v2_json_fewshot_k3,6845,3,1,2,0,False,1.0,11649,False,Math,False,0,Total
dynamic_few_shot_k3,granite-8b,v2_json_fewshot_k3,6846,3,10,1,1,True,1.0,13117,True,Math,True,1,Total
dynamic_few_shot_k3,granite-8b,v2_json_fewshot_k3,6847,3,1,0,0,True,1.0,12101,False,Math,True,1,Total
dynamic_few_shot_k3,granite-8b,v2_json_fewshot_k3,6848,3,1,0,0,True,1.0,6835,False,Math,True,1,Total
dynamic_few_shot_k3,granite-8b,v2_json_fewshot_k3,6849,3,2,0,0,True,1.0,7805,False,Math,True,1,Total
dynamic_few_shot_k3,granite-8b,v2_json_fewshot_k3,6850,3,1,2,2,True,0.9,13765,False,Math,True,1,Total
dynamic_few_shot_k3,granite-8b,v2_json_fewshot_k3,6851,3,3,0,3,False,1.0,12245,False,Math,False,0,Total
dynamic_few_shot_k3,granite-8b,v2_json_fewshot_k3,6852,3,4,0,0,True,0.9,10335,False,Math,True,1,Total
calc_react,phi4-14b,v2,6642,3,11,0,0,True,1.0,8299,False,Math,True,1,Total
calc_react,phi4-14b,v2,6643,3,3,1,3,False,1.0,6985,False,Math,False,0,Total
calc_react,phi4-14b,v2,6644,3,2,2,2,True,1.0,6176,False,Math,True,1,Total
calc_react,phi4-14b,v2,6645,3,2,3,3,True,1.0,6078,False,Math,True,1,Total
calc_react,phi4-14b,v2,6646,3,3,0,0,True,1.0,8444,False,Math,True,1,Total
calc_react,phi4-14b,v2,6647,3,4,3,3,True,1.0,8034,False,Math,True,1,Total
calc_react,phi4-14b,v2,6648,3,1,3,3,True,1.0,6026,False,Math,True,1,Total
calc_react,phi4-14b,v2,6649,3,1,2,2,True,1.0,17724,False,Math,True,1,Total
calc_react,phi4-14b,v2,6650,3,6,0,0,True,1.0,9813,False,Math,True,1,Total
calc_react,phi4-14b,v2,6651,3,2,3,3,True,1.0,7692,False,Math,True,1,Total
calc_react,phi4-14b,v2,6652,3,3,1,0,False,0.5,7486,False,Math,False,0,Total
calc_react,phi4-14b,v2,6654,3,1,2,2,True,1.0,5162,False,Math,True,1,Total
calc_react,phi4-14b,v2,6655,3,5,1,1,True,1.0,8072,False,Math,True,1,Total
calc_react,phi4-14b,v2,6656,3,2,2,2,True,1.0,8365,False,Math,True,1,Total
calc_react,phi4-14b,v2,6657,3,8,2,2,True,1.0,6420,False,Math,True,1,Total
calc_react,phi4-14b,v2,6658,3,5,2,2,True,1.0,23345,False,Math,True,1,Total
calc_react,phi4-14b,v2,6659,3,2,0,0,True,1.0,3946,False,Math,True,1,Total
calc_react,phi4-14b,v2,6661,3,10,1,1,True,1.0,14604,False,Math,True,1,Total
calc_react,phi4-14b,v2,6662,3,1,2,2,True,1.0,5642,False,Math,True,1,Total
calc_react,phi4-14b,v2,6663,3,2,2,2,True,1.0,6666,False,Math,True,1,Total
calc_react,phi4-14b,v2,6664,3,3,2,2,True,1.0,8170,False,Math,True,1,Total
calc_react,phi4-14b,v2,6665,3,2,0,0,True,1.0,6797,False,Math,True,1,Total
calc_react,phi4-14b,v2,6666,3,1,3,3,True,1.0,11340,False,Math,True,1,Total
calc_react,phi4-14b,v2,6667,3,2,0,0,True,1.0,7289,False,Math,True,1,Total
calc_react,phi4-14b,v2,6668,3,4,3,3,True,1.0,5919,False,Math,True,1,Total
calc_react,phi4-14b,v2,6669,3,3,1,1,True,1.0,4951,False,Math,True,1,Total
calc_react,phi4-14b,v2,6670,3,2,2,2,True,1.0,5494,False,Math,True,1,Total
calc_react,phi4-14b,v2,6671,3,3,1,1,True,1.0,12600,False,Math,True,1,Total
calc_react,phi4-14b,v2,6672,3,2,2,2,True,1.0,11259,False,Math,True,1,Total
calc_react,phi4-14b,v2,6673,3,1,3,3,True,1.0,5866,False,Math,True,1,Total
calc_react,phi4-14b,v2,6674,3,4,2,2,True,1.0,6237,False,Math,True,1,Total
calc_react,phi4-14b,v2,6675,3,3,0,0,True,1.0,8346,False,Math,True,1,Total
calc_react,phi4-14b,v2,6676,3,11,0,0,True,1.0,5525,False,Math,True,1,Total
calc_react,phi4-14b,v2,6677,3,5,3,3,True,1.0,5254,False,Math,True,1,Total
calc_react,phi4-14b,v2,6679,3,3,3,3,True,1.0,8506,False,Math,True,1,Total
calc_react,phi4-14b,v2,6680,3,9,2,2,True,1.0,7376,False,Math,True,1,Total
calc_react,phi4-14b,v2,6681,3,1,1,1,True,1.0,5777,False,Math,True,1,Total
calc_react,phi4-14b,v2,6682,3,1,3,3,True,1.0,4925,False,Math,True,1,Total
calc_react,phi4-14b,v2,6683,3,2,3,3,True,1.0,10240,False,Math,True,1,Total
calc_react,phi4-14b,v2,6684,3,1,0,3,False,0.0,28432,False,Math,False,0,Total
calc_react,phi4-14b,v2,6685,3,3,0,2,False,0.9,14348,False,Math,False,0,Total
calc_react,phi4-14b,v2,6686,3,3,2,2,True,1.0,5625,False,Math,True,1,Total
calc_react,phi4-14b,v2,6688,3,7,0,0,True,1.0,17072,False,Math,True,1,Total
calc_react,phi4-14b,v2,6689,3,1,3,3,True,1.0,8205,False,Math,True,1,Total
calc_react,phi4-14b,v2,6690,3,1,2,2,True,1.0,9113,False,Math,True,1,Total
calc_react,phi4-14b,v2,6691,3,2,3,3,True,1.0,6935,False,Math,True,1,Total
calc_react,phi4-14b,v2,6692,3,3,0,3,False,1.0,10051,False,Math,False,0,Total
calc_react,phi4-14b,v2,6693,3,2,3,3,True,1.0,4563,False,Math,True,1,Total
calc_react,phi4-14b,v2,6694,3,5,0,0,True,1.0,6948,False,Math,True,1,Total
calc_react,phi4-14b,v2,6695,3,9,0,0,True,1.0,29235,False,Math,True,1,Total
calc_react,phi4-14b,v2,6696,3,1,2,2,True,1.0,6216,False,Math,True,1,Total
calc_react,phi4-14b,v2,6697,3,3,1,1,True,1.0,10637,False,Math,True,1,Total
calc_react,phi4-14b,v2,6698,3,6,1,1,True,1.0,5625,False,Math,True,1,Total
calc_react,phi4-14b,v2,6699,3,2,1,1,True,1.0,9432,False,Math,True,1,Total
calc_react,phi4-14b,v2,6700,3,1,0,0,True,1.0,4356,False,Math,True,1,Total
calc_react,phi4-14b,v2,6701,3,1,3,3,True,1.0,8039,False,Math,True,1,Total
calc_react,phi4-14b,v2,6702,3,4,0,0,True,1.0,13162,False,Math,True,1,Total
calc_react,phi4-14b,v2,6703,3,10,1,1,True,1.0,5996,False,Math,True,1,Total
calc_react,phi4-14b,v2,6704,3,7,3,3,True,1.0,7281,False,Math,True,1,Total
calc_react,phi4-14b,v2,6705,3,1,1,1,True,1.0,5786,False,Math,True,1,Total
calc_react,phi4-14b,v2,6706,3,3,0,1,False,1.0,11009,False,Math,False,0,Total
calc_react,phi4-14b,v2,6707,3,1,1,1,True,1.0,9712,False,Math,True,1,Total
calc_react,phi4-14b,v2,6709,3,1,1,1,True,1.0,8343,False,Math,True,1,Total
calc_react,phi4-14b,v2,6710,3,2,1,1,True,0.9,10611,False,Math,True,1,Total
calc_react,phi4-14b,v2,6711,3,10,0,0,True,1.0,7257,False,Math,True,1,Total
calc_react,phi4-14b,v2,6713,3,3,3,3,True,1.0,7486,False,Math,True,1,Total
calc_react,phi4-14b,v2,6714,3,1,1,1,True,1.0,8695,False,Math,True,1,Total
calc_react,phi4-14b,v2,6715,3,2,2,2,True,1.0,5319,False,Math,True,1,Total
calc_react,phi4-14b,v2,6716,3,5,0,0,True,1.0,8231,False,Math,True,1,Total
calc_react,phi4-14b,v2,6717,3,1,1,1,True,1.0,15342,False,Math,True,1,Total
calc_react,phi4-14b,v2,6718,3,1,1,1,True,1.0,7839,False,Math,True,1,Total
calc_react,phi4-14b,v2,6719,3,3,1,1,True,1.0,5913,False,Math,True,1,Total
calc_react,phi4-14b,v2,6720,3,3,0,1,False,0.0,28347,False,Math,False,0,Total
calc_react,phi4-14b,v2,6722,3,1,1,1,True,1.0,6110,False,Math,True,1,Total
calc_react,phi4-14b,v2,6723,3,1,3,3,True,1.0,8608,False,Math,True,1,Total
calc_react,phi4-14b,v2,6724,3,5,1,1,True,1.0,7542,False,Math,True,1,Total
calc_react,phi4-14b,v2,6725,3,6,0,0,True,1.0,4914,False,Math,True,1,Total
calc_react,phi4-14b,v2,6726,3,1,3,3,True,1.0,11183,False,Math,True,1,Total
calc_react,phi4-14b,v2,6727,3,3,1,1,True,1.0,6334,False,Math,True,1,Total
calc_react,phi4-14b,v2,6728,3,3,2,2,True,1.0,6327,False,Math,True,1,Total
calc_react,phi4-14b,v2,6729,3,1,0,0,True,1.0,15375,False,Math,True,1,Total
calc_react,phi4-14b,v2,6730,3,2,2,2,True,1.0,6718,False,Math,True,1,Total
calc_react,phi4-14b,v2,6731,3,1,0,0,True,1.0,14308,False,Math,True,1,Total
calc_react,phi4-14b,v2,6732,3,4,2,2,True,1.0,9501,False,Math,True,1,Total
calc_react,phi4-14b,v2,6733,3,2,3,3,True,1.0,6823,False,Math,True,1,Total
calc_react,phi4-14b,v2,6734,3,1,1,1,True,1.0,9124,False,Math,True,1,Total
calc_react,phi4-14b,v2,6735,3,2,1,1,True,1.0,6546,False,Math,True,1,Total
calc_react,phi4-14b,v2,6736,3,4,0,0,True,1.0,4738,False,Math,True,1,Total
calc_react,phi4-14b,v2,6737,3,1,2,0,False,1.0,6763,False,Math,False,0,Total
calc_react,phi4-14b,v2,6738,3,2,3,3,True,1.0,13610,False,Math,True,1,Total
calc_react,phi4-14b,v2,6739,3,2,2,2,True,1.0,8057,False,Math,True,1,Total
calc_react,phi4-14b,v2,6740,3,6,2,2,True,1.0,14845,False,Math,True,1,Total
calc_react,phi4-14b,v2,6741,3,3,1,1,True,1.0,13278,False,Math,True,1,Total
calc_react,phi4-14b,v2,6742,3,5,3,3,True,1.0,10058,False,Math,True,1,Total
calc_react,phi4-14b,v2,6743,3,2,3,3,True,1.0,6130,False,Math,True,1,Total
calc_react,phi4-14b,v2,6744,3,2,1,1,True,1.0,5715,False,Math,True,1,Total
calc_react,phi4-14b,v2,6747,3,1,1,1,True,1.0,14864,False,Math,True,1,Total
calc_react,phi4-14b,v2,6748,3,9,1,1,True,1.0,5663,False,Math,True,1,Total
calc_react,phi4-14b,v2,6749,3,1,1,1,True,0.9,17606,False,Math,True,1,Total
calc_react,phi4-14b,v2,6750,3,1,1,1,True,1.0,4207,False,Math,True,1,Total
calc_react,phi4-14b,v2,6751,3,3,1,1,True,1.0,13810,False,Math,True,1,Total
calc_react,phi4-14b,v2,6752,3,5,2,2,True,1.0,9462,False,Math,True,1,Total
calc_react,phi4-14b,v2,6753,3,4,0,1,False,0.0,27417,False,Math,False,0,Total
calc_react,phi4-14b,v2,6754,3,1,2,2,True,1.0,6850,False,Math,True,1,Total
calc_react,phi4-14b,v2,6756,3,2,0,0,True,1.0,8876,False,Math,True,1,Total
calc_react,phi4-14b,v2,6757,3,13,0,0,True,1.0,8006,False,Math,True,1,Total
calc_react,phi4-14b,v2,6758,3,2,0,0,True,1.0,4697,False,Math,True,1,Total
calc_react,phi4-14b,v2,6759,3,2,2,2,True,1.0,8996,False,Math,True,1,Total
calc_react,phi4-14b,v2,6760,3,2,1,1,True,1.0,20033,False,Math,True,1,Total
calc_react,phi4-14b,v2,6761,3,2,2,2,True,1.0,7193,False,Math,True,1,Total
calc_react,phi4-14b,v2,6762,3,3,1,1,True,1.0,9804,False,Math,True,1,Total
calc_react,phi4-14b,v2,6763,3,2,1,1,True,1.0,5358,False,Math,True,1,Total
calc_react,phi4-14b,v2,6764,3,1,3,3,True,0.9,10181,False,Math,True,1,Total
calc_react,phi4-14b,v2,6765,3,3,0,0,True,1.0,5496,False,Math,True,1,Total
calc_react,phi4-14b,v2,6766,3,2,3,3,True,1.0,5357,False,Math,True,1,Total
calc_react,phi4-14b,v2,6767,3,2,1,2,False,1.0,15731,False,Math,False,0,Total
calc_react,phi4-14b,v2,6768,3,2,0,0,True,1.0,7653,False,Math,True,1,Total
calc_react,phi4-14b,v2,6769,3,5,3,3,True,1.0,9578,False,Math,True,1,Total
calc_react,phi4-14b,v2,6770,3,1,0,0,True,1.0,9413,False,Math,True,1,Total
calc_react,phi4-14b,v2,6771,3,4,3,3,True,1.0,17659,False,Math,True,1,Total
calc_react,phi4-14b,v2,6772,3,3,3,3,True,1.0,7407,False,Math,True,1,Total
calc_react,phi4-14b,v2,6773,3,10,2,2,True,1.0,14491,False,Math,True,1,Total
calc_react,phi4-14b,v2,6774,3,1,2,2,True,1.0,7116,False,Math,True,1,Total
calc_react,phi4-14b,v2,6775,3,2,3,3,True,1.0,7461,False,Math,True,1,Total
calc_react,phi4-14b,v2,6776,3,3,2,3,False,1.0,23918,False,Math,False,0,Total
calc_react,phi4-14b,v2,6777,3,5,0,0,True,1.0,5954,False,Math,True,1,Total
calc_react,phi4-14b,v2,6778,3,1,0,3,False,0.9,16338,False,Math,False,0,Total
calc_react,phi4-14b,v2,6779,3,2,0,0,True,1.0,7088,False,Math,True,1,Total
calc_react,phi4-14b,v2,6780,3,1,0,0,True,0.0,34572,False,Math,True,1,Total
calc_react,phi4-14b,v2,6781,3,5,1,1,True,1.0,10570,False,Math,True,1,Total
calc_react,phi4-14b,v2,6782,3,1,1,1,True,1.0,9296,False,Math,True,1,Total
calc_react,phi4-14b,v2,6783,3,1,2,2,True,1.0,4417,False,Math,True,1,Total
calc_react,phi4-14b,v2,6784,3,2,2,2,True,1.0,12183,False,Math,True,1,Total
calc_react,phi4-14b,v2,6785,3,1,0,0,True,1.0,9342,False,Math,True,1,Total
calc_react,phi4-14b,v2,6786,3,3,0,0,True,0.8,20873,False,Math,True,1,Total
calc_react,phi4-14b,v2,6787,3,1,3,3,True,0.9,13339,False,Math,True,1,Total
calc_react,phi4-14b,v2,6788,3,1,1,1,True,1.0,6108,False,Math,True,1,Total
calc_react,phi4-14b,v2,6789,3,7,2,2,True,1.0,5349,False,Math,True,1,Total
calc_react,phi4-14b,v2,6790,3,3,1,1,True,1.0,9209,False,Math,True,1,Total
calc_react,phi4-14b,v2,6791,3,2,0,0,True,1.0,9866,False,Math,True,1,Total
calc_react,phi4-14b,v2,6792,3,6,3,3,True,1.0,6407,False,Math,True,1,Total
calc_react,phi4-14b,v2,6793,3,3,1,1,True,1.0,6228,False,Math,True,1,Total
calc_react,phi4-14b,v2,6794,3,1,3,3,True,1.0,5147,False,Math,True,1,Total
calc_react,phi4-14b,v2,6795,3,5,3,3,True,1.0,6838,False,Math,True,1,Total
calc_react,phi4-14b,v2,6796,3,6,1,1,True,1.0,4839,False,Math,True,1,Total
calc_react,phi4-14b,v2,6797,3,1,2,2,True,1.0,5063,False,Math,True,1,Total
calc_react,phi4-14b,v2,6798,3,3,2,2,True,1.0,4893,False,Math,True,1,Total
calc_react,phi4-14b,v2,6799,3,2,2,2,True,1.0,21402,False,Math,True,1,Total
calc_react,phi4-14b,v2,6800,3,1,1,1,True,1.0,12993,False,Math,True,1,Total
calc_react,phi4-14b,v2,6801,3,1,2,2,True,1.0,5522,False,Math,True,1,Total
calc_react,phi4-14b,v2,6802,3,3,0,0,True,1.0,7273,False,Math,True,1,Total
calc_react,phi4-14b,v2,6803,3,2,3,3,True,1.0,10451,False,Math,True,1,Total
calc_react,phi4-14b,v2,6804,3,6,2,2,True,1.0,5422,False,Math,True,1,Total
calc_react,phi4-14b,v2,6805,3,4,3,3,True,1.0,14102,False,Math,True,1,Total
calc_react,phi4-14b,v2,6806,3,1,2,2,True,1.0,10483,False,Math,True,1,Total
calc_react,phi4-14b,v2,6807,3,4,3,3,True,0.9,18990,False,Math,True,1,Total
calc_react,phi4-14b,v2,6808,3,2,1,1,True,1.0,9590,False,Math,True,1,Total
calc_react,phi4-14b,v2,6809,3,1,2,2,True,1.0,11565,False,Math,True,1,Total
calc_react,phi4-14b,v2,6810,3,8,2,3,False,0.9,21119,False,Math,False,0,Total
calc_react,phi4-14b,v2,6811,3,3,3,3,True,1.0,4020,False,Math,True,1,Total
calc_react,phi4-14b,v2,6812,3,2,1,0,False,1.0,10937,False,Math,False,0,Total
calc_react,phi4-14b,v2,6813,3,4,0,0,True,1.0,6274,False,Math,True,1,Total
calc_react,phi4-14b,v2,6815,3,4,1,1,True,1.0,11250,False,Math,True,1,Total
calc_react,phi4-14b,v2,6816,3,1,3,3,True,1.0,16232,False,Math,True,1,Total
calc_react,phi4-14b,v2,6817,3,3,1,1,True,1.0,5843,False,Math,True,1,Total
calc_react,phi4-14b,v2,6818,3,1,0,0,True,1.0,7361,False,Math,True,1,Total
calc_react,phi4-14b,v2,6819,3,2,3,3,True,0.9,21533,False,Math,True,1,Total
calc_react,phi4-14b,v2,6820,3,1,0,0,True,1.0,16012,False,Math,True,1,Total
calc_react,phi4-14b,v2,6821,3,1,0,0,True,1.0,10230,False,Math,True,1,Total
calc_react,phi4-14b,v2,6822,3,3,2,2,True,1.0,7176,False,Math,True,1,Total
calc_react,phi4-14b,v2,6823,3,2,3,3,True,1.0,17832,False,Math,True,1,Total
calc_react,phi4-14b,v2,6824,3,4,2,2,True,1.0,5988,False,Math,True,1,Total
calc_react,phi4-14b,v2,6825,3,1,3,3,True,1.0,5114,False,Math,True,1,Total
calc_react,phi4-14b,v2,6826,3,1,0,0,True,1.0,9817,False,Math,True,1,Total
calc_react,phi4-14b,v2,6827,3,2,2,2,True,1.0,16227,False,Math,True,1,Total
calc_react,phi4-14b,v2,6828,3,4,0,1,False,0.0,27843,False,Math,False,0,Total
calc_react,phi4-14b,v2,6829,3,7,3,3,True,1.0,6679,False,Math,True,1,Total
calc_react,phi4-14b,v2,6830,3,3,0,0,True,0.8,8498,False,Math,True,1,Total
calc_react,phi4-14b,v2,6831,3,4,0,0,True,1.0,14509,False,Math,True,1,Total
calc_react,phi4-14b,v2,6832,3,15,2,2,True,0.8,17305,False,Math,True,1,Total
calc_react,phi4-14b,v2,6833,3,4,2,2,True,0.9,15696,False,Math,True,1,Total
calc_react,phi4-14b,v2,6834,3,5,3,3,True,1.0,4424,False,Math,True,1,Total
calc_react,phi4-14b,v2,6835,3,5,2,2,True,1.0,6793,False,Math,True,1,Total
calc_react,phi4-14b,v2,6836,3,1,2,3,False,1.0,12408,False,Math,False,0,Total
calc_react,phi4-14b,v2,6837,3,1,3,3,True,1.0,4625,False,Math,True,1,Total
calc_react,phi4-14b,v2,6838,3,4,3,3,True,1.0,6593,False,Math,True,1,Total
calc_react,phi4-14b,v2,6839,3,6,1,1,True,1.0,11053,False,Math,True,1,Total
calc_react,phi4-14b,v2,6840,3,3,2,2,True,1.0,8166,False,Math,True,1,Total
calc_react,phi4-14b,v2,6841,3,4,0,0,True,1.0,18973,False,Math,True,1,Total
calc_react,phi4-14b,v2,6842,3,1,3,3,True,1.0,6691,False,Math,True,1,Total
calc_react,phi4-14b,v2,6843,3,5,2,2,True,1.0,6252,False,Math,True,1,Total
calc_react,phi4-14b,v2,6844,3,3,2,2,True,1.0,4781,False,Math,True,1,Total
calc_react,phi4-14b,v2,6845,3,1,0,0,True,1.0,15723,False,Math,True,1,Total
calc_react,phi4-14b,v2,6846,3,10,2,1,False,0.9,16013,True,Math,False,0,Total
calc_react,phi4-14b,v2,6847,3,1,0,0,True,1.0,10373,False,Math,True,1,Total
calc_react,phi4-14b,v2,6848,3,1,0,0,True,1.0,4932,False,Math,True,1,Total
calc_react,phi4-14b,v2,6849,3,2,0,0,True,1.0,5661,False,Math,True,1,Total
calc_react,phi4-14b,v2,6850,3,1,2,2,True,1.0,7673,False,Math,True,1,Total
calc_react,phi4-14b,v2,6851,3,3,3,3,True,1.0,15876,False,Math,True,1,Total
calc_react,phi4-14b,v2,6852,3,4,0,0,True,1.0,15432,False,Math,True,1,Total
dynamic_few_shot_k3,phi4-14b,v2_json_fewshot_k3,6642,3,11,0,0,True,1.0,6849,False,Math,True,1,Total
dynamic_few_shot_k3,phi4-14b,v2_json_fewshot_k3,6643,3,3,3,3,True,1.0,11868,False,Math,True,1,Total
dynamic_few_shot_k3,phi4-14b,v2_json_fewshot_k3,6644,3,2,2,2,True,1.0,8519,False,Math,True,1,Total
dynamic_few_shot_k3,phi4-14b,v2_json_fewshot_k3,6645,3,2,3,3,True,1.0,10142,False,Math,True,1,Total
dynamic_few_shot_k3,phi4-14b,v2_json_fewshot_k3,6646,3,3,0,0,True,1.0,12681,False,Math,True,1,Total
dynamic_few_shot_k3,phi4-14b,v2_json_fewshot_k3,6647,3,4,1,3,False,1.0,22385,False,Math,False,0,Total
dynamic_few_shot_k3,phi4-14b,v2_json_fewshot_k3,6648,3,1,3,3,True,1.0,9734,False,Math,True,1,Total
dynamic_few_shot_k3,phi4-14b,v2_json_fewshot_k3,6649,3,1,0,2,False,0.0,23551,False,Math,False,0,Total
dynamic_few_shot_k3,phi4-14b,v2_json_fewshot_k3,6650,3,6,0,0,True,1.0,16133,False,Math,True,1,Total
dynamic_few_shot_k3,phi4-14b,v2_json_fewshot_k3,6651,3,2,3,3,True,1.0,13107,False,Math,True,1,Total
dynamic_few_shot_k3,phi4-14b,v2_json_fewshot_k3,6652,3,3,0,0,True,1.0,12625,False,Math,True,1,Total
dynamic_few_shot_k3,phi4-14b,v2_json_fewshot_k3,6654,3,1,2,2,True,1.0,9547,False,Math,True,1,Total
dynamic_few_shot_k3,phi4-14b,v2_json_fewshot_k3,6655,3,5,1,1,True,1.0,9156,False,Math,True,1,Total
dynamic_few_shot_k3,phi4-14b,v2_json_fewshot_k3,6656,3,2,2,2,True,0.9,14934,False,Math,True,1,Total
dynamic_few_shot_k3,phi4-14b,v2_json_fewshot_k3,6657,3,8,2,2,True,1.0,10848,False,Math,True,1,Total
dynamic_few_shot_k3,phi4-14b,v2_json_fewshot_k3,6658,3,5,2,2,True,1.0,14738,False,Math,True,1,Total
dynamic_few_shot_k3,phi4-14b,v2_json_fewshot_k3,6659,3,2,0,0,True,1.0,7835,False,Math,True,1,Total
dynamic_few_shot_k3,phi4-14b,v2_json_fewshot_k3,6661,3,10,1,1,True,1.0,17181,False,Math,True,1,Total
dynamic_few_shot_k3,phi4-14b,v2_json_fewshot_k3,6662,3,1,2,2,True,1.0,7640,False,Math,True,1,Total
dynamic_few_shot_k3,phi4-14b,v2_json_fewshot_k3,6663,3,2,2,2,True,1.0,8552,False,Math,True,1,Total
dynamic_few_shot_k3,phi4-14b,v2_json_fewshot_k3,6664,3,3,2,2,True,1.0,12122,False,Math,True,1,Total
dynamic_few_shot_k3,phi4-14b,v2_json_fewshot_k3,6665,3,2,0,0,True,1.0,12187,False,Math,True,1,Total
dynamic_few_shot_k3,phi4-14b,v2_json_fewshot_k3,6666,3,1,3,3,True,1.0,19738,False,Math,True,1,Total
dynamic_few_shot_k3,phi4-14b,v2_json_fewshot_k3,6667,3,2,0,0,True,1.0,10589,False,Math,True,1,Total
dynamic_few_shot_k3,phi4-14b,v2_json_fewshot_k3,6668,3,4,3,3,True,1.0,14688,False,Math,True,1,Total
dynamic_few_shot_k3,phi4-14b,v2_json_fewshot_k3,6669,3,3,1,1,True,1.0,12361,False,Math,True,1,Total
dynamic_few_shot_k3,phi4-14b,v2_json_fewshot_k3,6670,3,2,2,2,True,1.0,9772,False,Math,True,1,Total
dynamic_few_shot_k3,phi4-14b,v2_json_fewshot_k3,6671,3,3,1,1,True,1.0,17321,False,Math,True,1,Total
dynamic_few_shot_k3,phi4-14b,v2_json_fewshot_k3,6672,3,2,2,2,True,1.0,11996,False,Math,True,1,Total
dynamic_few_shot_k3,phi4-14b,v2_json_fewshot_k3,6673,3,1,3,3,True,1.0,10123,False,Math,True,1,Total
dynamic_few_shot_k3,phi4-14b,v2_json_fewshot_k3,6674,3,4,2,2,True,1.0,9847,False,Math,True,1,Total
dynamic_few_shot_k3,phi4-14b,v2_json_fewshot_k3,6675,3,3,0,0,True,1.0,14163,False,Math,True,1,Total
dynamic_few_shot_k3,phi4-14b,v2_json_fewshot_k3,6676,3,11,0,0,True,1.0,11578,False,Math,True,1,Total
dynamic_few_shot_k3,phi4-14b,v2_json_fewshot_k3,6677,3,5,3,3,True,1.0,7898,False,Math,True,1,Total
dynamic_few_shot_k3,phi4-14b,v2_json_fewshot_k3,6679,3,3,3,3,True,1.0,9925,False,Math,True,1,Total
dynamic_few_shot_k3,phi4-14b,v2_json_fewshot_k3,6680,3,9,2,2,True,1.0,13225,False,Math,True,1,Total
dynamic_few_shot_k3,phi4-14b,v2_json_fewshot_k3,6681,3,1,1,1,True,1.0,8527,False,Math,True,1,Total
dynamic_few_shot_k3,phi4-14b,v2_json_fewshot_k3,6682,3,1,3,3,True,1.0,6665,False,Math,True,1,Total
dynamic_few_shot_k3,phi4-14b,v2_json_fewshot_k3,6683,3,2,3,3,True,1.0,20104,False,Math,True,1,Total
dynamic_few_shot_k3,phi4-14b,v2_json_fewshot_k3,6684,3,1,0,3,False,0.0,24412,False,Math,False,0,Total
dynamic_few_shot_k3,phi4-14b,v2_json_fewshot_k3,6685,3,3,0,2,False,1.0,15443,False,Math,False,0,Total
dynamic_few_shot_k3,phi4-14b,v2_json_fewshot_k3,6686,3,3,2,2,True,1.0,6905,False,Math,True,1,Total
dynamic_few_shot_k3,phi4-14b,v2_json_fewshot_k3,6688,3,7,0,0,True,1.0,19540,False,Math,True,1,Total
dynamic_few_shot_k3,phi4-14b,v2_json_fewshot_k3,6689,3,1,3,3,True,1.0,19620,False,Math,True,1,Total
dynamic_few_shot_k3,phi4-14b,v2_json_fewshot_k3,6690,3,1,1,2,False,1.0,10633,False,Math,False,0,Total
dynamic_few_shot_k3,phi4-14b,v2_json_fewshot_k3,6691,3,2,3,3,True,1.0,10241,False,Math,True,1,Total
dynamic_few_shot_k3,phi4-14b,v2_json_fewshot_k3,6692,3,3,0,3,False,0.95,16019,False,Math,False,0,Total
dynamic_few_shot_k3,phi4-14b,v2_json_fewshot_k3,6693,3,2,3,3,True,1.0,11140,False,Math,True,1,Total
dynamic_few_shot_k3,phi4-14b,v2_json_fewshot_k3,6694,3,5,0,0,True,1.0,16397,False,Math,True,1,Total
dynamic_few_shot_k3,phi4-14b,v2_json_fewshot_k3,6695,3,9,0,0,True,1.0,23610,False,Math,True,1,Total
dynamic_few_shot_k3,phi4-14b,v2_json_fewshot_k3,6696,3,1,2,2,True,1.0,12613,False,Math,True,1,Total
dynamic_few_shot_k3,phi4-14b,v2_json_fewshot_k3,6697,3,3,1,1,True,1.0,16113,False,Math,True,1,Total
dynamic_few_shot_k3,phi4-14b,v2_json_fewshot_k3,6698,3,6,1,1,True,1.0,12048,False,Math,True,1,Total
dynamic_few_shot_k3,phi4-14b,v2_json_fewshot_k3,6699,3,2,2,1,False,1.0,14858,False,Math,False,0,Total
dynamic_few_shot_k3,phi4-14b,v2_json_fewshot_k3,6700,3,1,0,0,True,1.0,7235,False,Math,True,1,Total
dynamic_few_shot_k3,phi4-14b,v2_json_fewshot_k3,6701,3,1,3,3,True,1.0,12404,False,Math,True,1,Total
dynamic_few_shot_k3,phi4-14b,v2_json_fewshot_k3,6702,3,4,0,0,True,1.0,14566,False,Math,True,1,Total
dynamic_few_shot_k3,phi4-14b,v2_json_fewshot_k3,6703,3,10,1,1,True,1.0,11461,False,Math,True,1,Total
dynamic_few_shot_k3,phi4-14b,v2_json_fewshot_k3,6704,3,7,3,3,True,1.0,11724,False,Math,True,1,Total
dynamic_few_shot_k3,phi4-14b,v2_json_fewshot_k3,6705,3,1,1,1,True,1.0,12056,False,Math,True,1,Total
dynamic_few_shot_k3,phi4-14b,v2_json_fewshot_k3,6706,3,3,1,1,True,0.9,13698,False,Math,True,1,Total
dynamic_few_shot_k3,phi4-14b,v2_json_fewshot_k3,6707,3,1,1,1,True,1.0,15826,False,Math,True,1,Total
dynamic_few_shot_k3,phi4-14b,v2_json_fewshot_k3,6709,3,1,1,1,True,1.0,12493,False,Math,True,1,Total
dynamic_few_shot_k3,phi4-14b,v2_json_fewshot_k3,6710,3,2,1,1,True,0.9,13712,False,Math,True,1,Total
dynamic_few_shot_k3,phi4-14b,v2_json_fewshot_k3,6711,3,10,0,0,True,0.0,24888,False,Math,True,1,Total
dynamic_few_shot_k3,phi4-14b,v2_json_fewshot_k3,6713,3,3,1,3,False,1.0,13149,False,Math,False,0,Total
dynamic_few_shot_k3,phi4-14b,v2_json_fewshot_k3,6714,3,1,1,1,True,1.0,12728,False,Math,True,1,Total
dynamic_few_shot_k3,phi4-14b,v2_json_fewshot_k3,6715,3,2,2,2,True,1.0,20466,False,Math,True,1,Total
dynamic_few_shot_k3,phi4-14b,v2_json_fewshot_k3,6716,3,5,0,0,True,1.0,11391,False,Math,True,1,Total
dynamic_few_shot_k3,phi4-14b,v2_json_fewshot_k3,6717,3,1,1,1,True,1.0,22387,False,Math,True,1,Total
dynamic_few_shot_k3,phi4-14b,v2_json_fewshot_k3,6718,3,1,1,1,True,1.0,19099,False,Math,True,1,Total
dynamic_few_shot_k3,phi4-14b,v2_json_fewshot_k3,6719,3,3,1,1,True,1.0,9734,False,Math,True,1,Total
dynamic_few_shot_k3,phi4-14b,v2_json_fewshot_k3,6720,3,3,1,1,True,1.0,24473,False,Math,True,1,Total
dynamic_few_shot_k3,phi4-14b,v2_json_fewshot_k3,6722,3,1,1,1,True,1.0,18136,False,Math,True,1,Total
dynamic_few_shot_k3,phi4-14b,v2_json_fewshot_k3,6723,3,1,3,3,True,1.0,12053,False,Math,True,1,Total
dynamic_few_shot_k3,phi4-14b,v2_json_fewshot_k3,6724,3,5,1,1,True,0.9,12441,False,Math,True,1,Total
dynamic_few_shot_k3,phi4-14b,v2_json_fewshot_k3,6725,3,6,0,0,True,1.0,10456,False,Math,True,1,Total
dynamic_few_shot_k3,phi4-14b,v2_json_fewshot_k3,6726,3,1,0,3,False,1.0,16705,False,Math,False,0,Total
dynamic_few_shot_k3,phi4-14b,v2_json_fewshot_k3,6727,3,3,1,1,True,1.0,17014,False,Math,True,1,Total
dynamic_few_shot_k3,phi4-14b,v2_json_fewshot_k3,6728,3,3,2,2,True,1.0,8897,False,Math,True,1,Total
dynamic_few_shot_k3,phi4-14b,v2_json_fewshot_k3,6729,3,1,0,0,True,1.0,21512,False,Math,True,1,Total
dynamic_few_shot_k3,phi4-14b,v2_json_fewshot_k3,6730,3,2,2,2,True,1.0,11113,False,Math,True,1,Total
dynamic_few_shot_k3,phi4-14b,v2_json_fewshot_k3,6731,3,1,0,0,True,1.0,18331,False,Math,True,1,Total
dynamic_few_shot_k3,phi4-14b,v2_json_fewshot_k3,6732,3,4,3,2,False,1.0,11906,False,Math,False,0,Total
dynamic_few_shot_k3,phi4-14b,v2_json_fewshot_k3,6733,3,2,3,3,True,1.0,21136,False,Math,True,1,Total
dynamic_few_shot_k3,phi4-14b,v2_json_fewshot_k3,6734,3,1,1,1,True,1.0,10738,False,Math,True,1,Total
dynamic_few_shot_k3,phi4-14b,v2_json_fewshot_k3,6735,3,2,1,1,True,1.0,13517,False,Math,True,1,Total
dynamic_few_shot_k3,phi4-14b,v2_json_fewshot_k3,6736,3,4,0,0,True,1.0,10040,False,Math,True,1,Total
dynamic_few_shot_k3,phi4-14b,v2_json_fewshot_k3,6737,3,1,2,0,False,1.0,14844,False,Math,False,0,Total
dynamic_few_shot_k3,phi4-14b,v2_json_fewshot_k3,6738,3,2,2,3,False,1.0,17174,False,Math,False,0,Total
dynamic_few_shot_k3,phi4-14b,v2_json_fewshot_k3,6739,3,2,2,2,True,1.0,10261,False,Math,True,1,Total
dynamic_few_shot_k3,phi4-14b,v2_json_fewshot_k3,6740,3,6,2,2,True,1.0,14481,False,Math,True,1,Total
dynamic_few_shot_k3,phi4-14b,v2_json_fewshot_k3,6741,3,3,1,1,True,1.0,19175,False,Math,True,1,Total
dynamic_few_shot_k3,phi4-14b,v2_json_fewshot_k3,6742,3,5,3,3,True,0.9,13526,False,Math,True,1,Total
dynamic_few_shot_k3,phi4-14b,v2_json_fewshot_k3,6743,3,2,3,3,True,1.0,12206,False,Math,True,1,Total
dynamic_few_shot_k3,phi4-14b,v2_json_fewshot_k3,6744,3,2,1,1,True,1.0,12624,False,Math,True,1,Total
dynamic_few_shot_k3,phi4-14b,v2_json_fewshot_k3,6747,3,1,1,1,True,1.0,16457,False,Math,True,1,Total
dynamic_few_shot_k3,phi4-14b,v2_json_fewshot_k3,6748,3,9,1,1,True,1.0,11142,False,Math,True,1,Total
dynamic_few_shot_k3,phi4-14b,v2_json_fewshot_k3,6749,3,1,1,1,True,1.0,17474,False,Math,True,1,Total
dynamic_few_shot_k3,phi4-14b,v2_json_fewshot_k3,6750,3,1,1,1,True,1.0,9224,False,Math,True,1,Total
dynamic_few_shot_k3,phi4-14b,v2_json_fewshot_k3,6751,3,3,1,1,True,1.0,17246,False,Math,True,1,Total
dynamic_few_shot_k3,phi4-14b,v2_json_fewshot_k3,6752,3,5,2,2,True,1.0,14309,False,Math,True,1,Total
dynamic_few_shot_k3,phi4-14b,v2_json_fewshot_k3,6753,3,4,0,1,False,1.0,22941,False,Math,False,0,Total
dynamic_few_shot_k3,phi4-14b,v2_json_fewshot_k3,6754,3,1,2,2,True,1.0,9889,False,Math,True,1,Total
dynamic_few_shot_k3,phi4-14b,v2_json_fewshot_k3,6756,3,2,0,0,True,1.0,10881,False,Math,True,1,Total
dynamic_few_shot_k3,phi4-14b,v2_json_fewshot_k3,6757,3,13,0,0,True,1.0,13988,False,Math,True,1,Total
dynamic_few_shot_k3,phi4-14b,v2_json_fewshot_k3,6758,3,2,0,0,True,1.0,8723,False,Math,True,1,Total
dynamic_few_shot_k3,phi4-14b,v2_json_fewshot_k3,6759,3,2,2,2,True,1.0,12054,False,Math,True,1,Total
dynamic_few_shot_k3,phi4-14b,v2_json_fewshot_k3,6760,3,2,1,1,True,0.9,18180,False,Math,True,1,Total
dynamic_few_shot_k3,phi4-14b,v2_json_fewshot_k3,6761,3,2,2,2,True,0.9,9600,False,Math,True,1,Total
dynamic_few_shot_k3,phi4-14b,v2_json_fewshot_k3,6762,3,3,1,1,True,1.0,14235,False,Math,True,1,Total
dynamic_few_shot_k3,phi4-14b,v2_json_fewshot_k3,6763,3,2,1,1,True,1.0,12698,False,Math,True,1,Total
dynamic_few_shot_k3,phi4-14b,v2_json_fewshot_k3,6764,3,1,3,3,True,0.9,15213,False,Math,True,1,Total
dynamic_few_shot_k3,phi4-14b,v2_json_fewshot_k3,6765,3,3,0,0,True,1.0,9761,False,Math,True,1,Total
dynamic_few_shot_k3,phi4-14b,v2_json_fewshot_k3,6766,3,2,3,3,True,1.0,9311,False,Math,True,1,Total
dynamic_few_shot_k3,phi4-14b,v2_json_fewshot_k3,6767,3,2,0,2,False,1.0,20895,False,Math,False,0,Total
dynamic_few_shot_k3,phi4-14b,v2_json_fewshot_k3,6768,3,2,0,0,True,1.0,13716,False,Math,True,1,Total
dynamic_few_shot_k3,phi4-14b,v2_json_fewshot_k3,6769,3,5,3,3,True,1.0,8851,False,Math,True,1,Total
dynamic_few_shot_k3,phi4-14b,v2_json_fewshot_k3,6770,3,1,0,0,True,1.0,18298,False,Math,True,1,Total
dynamic_few_shot_k3,phi4-14b,v2_json_fewshot_k3,6771,3,4,3,3,True,1.0,21585,False,Math,True,1,Total
dynamic_few_shot_k3,phi4-14b,v2_json_fewshot_k3,6772,3,3,3,3,True,1.0,14399,False,Math,True,1,Total
dynamic_few_shot_k3,phi4-14b,v2_json_fewshot_k3,6773,3,10,1,2,False,1.0,15591,False,Math,False,0,Total
dynamic_few_shot_k3,phi4-14b,v2_json_fewshot_k3,6774,3,1,2,2,True,1.0,11537,False,Math,True,1,Total
dynamic_few_shot_k3,phi4-14b,v2_json_fewshot_k3,6775,3,2,3,3,True,1.0,10822,False,Math,True,1,Total
dynamic_few_shot_k3,phi4-14b,v2_json_fewshot_k3,6776,3,3,2,3,False,1.0,22033,False,Math,False,0,Total
dynamic_few_shot_k3,phi4-14b,v2_json_fewshot_k3,6777,3,5,0,0,True,1.0,10818,False,Math,True,1,Total
dynamic_few_shot_k3,phi4-14b,v2_json_fewshot_k3,6778,3,1,2,3,False,1.0,15222,False,Math,False,0,Total
dynamic_few_shot_k3,phi4-14b,v2_json_fewshot_k3,6779,3,2,0,0,True,1.0,19444,False,Math,True,1,Total
dynamic_few_shot_k3,phi4-14b,v2_json_fewshot_k3,6780,3,1,0,0,True,0.9,19222,False,Math,True,1,Total
dynamic_few_shot_k3,phi4-14b,v2_json_fewshot_k3,6781,3,5,0,1,False,1.0,13652,False,Math,False,0,Total
dynamic_few_shot_k3,phi4-14b,v2_json_fewshot_k3,6782,3,1,1,1,True,1.0,12267,False,Math,True,1,Total
dynamic_few_shot_k3,phi4-14b,v2_json_fewshot_k3,6783,3,1,2,2,True,1.0,6766,False,Math,True,1,Total
dynamic_few_shot_k3,phi4-14b,v2_json_fewshot_k3,6784,3,2,0,2,False,0.0,23946,False,Math,False,0,Total
dynamic_few_shot_k3,phi4-14b,v2_json_fewshot_k3,6785,3,1,0,0,True,1.0,17409,False,Math,True,1,Total
dynamic_few_shot_k3,phi4-14b,v2_json_fewshot_k3,6786,3,3,1,0,False,0.9,18140,False,Math,False,0,Total
dynamic_few_shot_k3,phi4-14b,v2_json_fewshot_k3,6787,3,1,3,3,True,1.0,22429,False,Math,True,1,Total
dynamic_few_shot_k3,phi4-14b,v2_json_fewshot_k3,6788,3,1,1,1,True,1.0,10473,False,Math,True,1,Total
dynamic_few_shot_k3,phi4-14b,v2_json_fewshot_k3,6789,3,7,2,2,True,1.0,6919,False,Math,True,1,Total
dynamic_few_shot_k3,phi4-14b,v2_json_fewshot_k3,6790,3,3,1,1,True,1.0,16540,False,Math,True,1,Total
dynamic_few_shot_k3,phi4-14b,v2_json_fewshot_k3,6791,3,2,0,0,True,1.0,14073,False,Math,True,1,Total
dynamic_few_shot_k3,phi4-14b,v2_json_fewshot_k3,6792,3,6,3,3,True,1.0,12376,False,Math,True,1,Total
dynamic_few_shot_k3,phi4-14b,v2_json_fewshot_k3,6793,3,3,1,1,True,1.0,10689,False,Math,True,1,Total
dynamic_few_shot_k3,phi4-14b,v2_json_fewshot_k3,6794,3,1,3,3,True,1.0,11826,False,Math,True,1,Total
dynamic_few_shot_k3,phi4-14b,v2_json_fewshot_k3,6795,3,5,3,3,True,1.0,10566,False,Math,True,1,Total
dynamic_few_shot_k3,phi4-14b,v2_json_fewshot_k3,6796,3,6,1,1,True,0.9,10525,False,Math,True,1,Total
dynamic_few_shot_k3,phi4-14b,v2_json_fewshot_k3,6797,3,1,2,2,True,0.9,10151,False,Math,True,1,Total
dynamic_few_shot_k3,phi4-14b,v2_json_fewshot_k3,6798,3,3,2,2,True,1.0,7669,False,Math,True,1,Total
dynamic_few_shot_k3,phi4-14b,v2_json_fewshot_k3,6799,3,2,2,2,True,1.0,17201,False,Math,True,1,Total
dynamic_few_shot_k3,phi4-14b,v2_json_fewshot_k3,6800,3,1,3,1,False,1.0,21956,False,Math,False,0,Total
dynamic_few_shot_k3,phi4-14b,v2_json_fewshot_k3,6801,3,1,2,2,True,1.0,10397,False,Math,True,1,Total
dynamic_few_shot_k3,phi4-14b,v2_json_fewshot_k3,6802,3,3,3,0,False,1.0,19684,False,Math,False,0,Total
dynamic_few_shot_k3,phi4-14b,v2_json_fewshot_k3,6803,3,2,3,3,True,1.0,15375,False,Math,True,1,Total
dynamic_few_shot_k3,phi4-14b,v2_json_fewshot_k3,6804,3,6,2,2,True,1.0,9496,False,Math,True,1,Total
dynamic_few_shot_k3,phi4-14b,v2_json_fewshot_k3,6805,3,4,0,3,False,0.0,25011,False,Math,False,0,Total
dynamic_few_shot_k3,phi4-14b,v2_json_fewshot_k3,6806,3,1,2,2,True,1.0,12801,False,Math,True,1,Total
dynamic_few_shot_k3,phi4-14b,v2_json_fewshot_k3,6807,3,4,1,3,False,0.9,13601,False,Math,False,0,Total
dynamic_few_shot_k3,phi4-14b,v2_json_fewshot_k3,6808,3,2,1,1,True,1.0,22638,False,Math,True,1,Total
dynamic_few_shot_k3,phi4-14b,v2_json_fewshot_k3,6809,3,1,2,2,True,1.0,24168,False,Math,True,1,Total
dynamic_few_shot_k3,phi4-14b,v2_json_fewshot_k3,6810,3,8,1,3,False,1.0,19082,False,Math,False,0,Total
dynamic_few_shot_k3,phi4-14b,v2_json_fewshot_k3,6811,3,3,3,3,True,1.0,10479,False,Math,True,1,Total
dynamic_few_shot_k3,phi4-14b,v2_json_fewshot_k3,6812,3,2,1,0,False,1.0,18737,False,Math,False,0,Total
dynamic_few_shot_k3,phi4-14b,v2_json_fewshot_k3,6813,3,4,0,0,True,1.0,10744,False,Math,True,1,Total
dynamic_few_shot_k3,phi4-14b,v2_json_fewshot_k3,6815,3,4,0,1,False,0.0,24326,False,Math,False,0,Total
dynamic_few_shot_k3,phi4-14b,v2_json_fewshot_k3,6816,3,1,3,3,True,1.0,17024,False,Math,True,1,Total
dynamic_few_shot_k3,phi4-14b,v2_json_fewshot_k3,6817,3,3,1,1,True,1.0,6808,False,Math,True,1,Total
dynamic_few_shot_k3,phi4-14b,v2_json_fewshot_k3,6818,3,1,0,0,True,1.0,14540,False,Math,True,1,Total
dynamic_few_shot_k3,phi4-14b,v2_json_fewshot_k3,6819,3,2,3,3,True,1.0,19312,False,Math,True,1,Total
dynamic_few_shot_k3,phi4-14b,v2_json_fewshot_k3,6820,3,1,2,0,False,0.9,17693,False,Math,False,0,Total
dynamic_few_shot_k3,phi4-14b,v2_json_fewshot_k3,6821,3,1,1,0,False,1.0,16958,False,Math,False,0,Total
dynamic_few_shot_k3,phi4-14b,v2_json_fewshot_k3,6822,3,3,2,2,True,1.0,14459,False,Math,True,1,Total
dynamic_few_shot_k3,phi4-14b,v2_json_fewshot_k3,6823,3,2,3,3,True,1.0,15577,False,Math,True,1,Total
dynamic_few_shot_k3,phi4-14b,v2_json_fewshot_k3,6824,3,4,2,2,True,1.0,11588,False,Math,True,1,Total
dynamic_few_shot_k3,phi4-14b,v2_json_fewshot_k3,6825,3,1,3,3,True,1.0,8462,False,Math,True,1,Total
dynamic_few_shot_k3,phi4-14b,v2_json_fewshot_k3,6826,3,1,0,0,True,0.0,24999,False,Math,True,1,Total
dynamic_few_shot_k3,phi4-14b,v2_json_fewshot_k3,6827,3,2,2,2,True,1.0,19441,False,Math,True,1,Total
dynamic_few_shot_k3,phi4-14b,v2_json_fewshot_k3,6828,3,4,0,1,False,1.0,21427,False,Math,False,0,Total
dynamic_few_shot_k3,phi4-14b,v2_json_fewshot_k3,6829,3,7,0,3,False,1.0,9860,False,Math,False,0,Total
dynamic_few_shot_k3,phi4-14b,v2_json_fewshot_k3,6830,3,3,0,0,True,0.9,16398,False,Math,True,1,Total
dynamic_few_shot_k3,phi4-14b,v2_json_fewshot_k3,6831,3,4,2,0,False,1.0,12063,False,Math,False,0,Total
dynamic_few_shot_k3,phi4-14b,v2_json_fewshot_k3,6832,3,15,0,2,False,1.0,17125,False,Math,False,0,Total
dynamic_few_shot_k3,phi4-14b,v2_json_fewshot_k3,6833,3,4,2,2,True,1.0,15167,False,Math,True,1,Total
dynamic_few_shot_k3,phi4-14b,v2_json_fewshot_k3,6834,3,5,3,3,True,1.0,8118,False,Math,True,1,Total
dynamic_few_shot_k3,phi4-14b,v2_json_fewshot_k3,6835,3,5,2,2,True,1.0,11862,False,Math,True,1,Total
dynamic_few_shot_k3,phi4-14b,v2_json_fewshot_k3,6836,3,1,2,3,False,1.0,18222,False,Math,False,0,Total
dynamic_few_shot_k3,phi4-14b,v2_json_fewshot_k3,6837,3,1,3,3,True,1.0,10980,False,Math,True,1,Total
dynamic_few_shot_k3,phi4-14b,v2_json_fewshot_k3,6838,3,4,3,3,True,1.0,9154,False,Math,True,1,Total
dynamic_few_shot_k3,phi4-14b,v2_json_fewshot_k3,6839,3,6,1,1,True,0.9,14079,False,Math,True,1,Total
dynamic_few_shot_k3,phi4-14b,v2_json_fewshot_k3,6840,3,3,2,2,True,1.0,15796,False,Math,True,1,Total
dynamic_few_shot_k3,phi4-14b,v2_json_fewshot_k3,6841,3,4,0,0,True,0.0,20670,False,Math,True,1,Total
dynamic_few_shot_k3,phi4-14b,v2_json_fewshot_k3,6842,3,1,3,3,True,1.0,9680,False,Math,True,1,Total
dynamic_few_shot_k3,phi4-14b,v2_json_fewshot_k3,6843,3,5,2,2,True,1.0,13369,False,Math,True,1,Total
dynamic_few_shot_k3,phi4-14b,v2_json_fewshot_k3,6844,3,3,2,2,True,1.0,6639,False,Math,True,1,Total
dynamic_few_shot_k3,phi4-14b,v2_json_fewshot_k3,6845,3,1,2,0,False,1.0,16532,False,Math,False,0,Total
dynamic_few_shot_k3,phi4-14b,v2_json_fewshot_k3,6846,3,10,1,1,True,1.0,14655,True,Math,True,1,Total
dynamic_few_shot_k3,phi4-14b,v2_json_fewshot_k3,6847,3,1,0,0,True,1.0,22400,False,Math,True,1,Total
dynamic_few_shot_k3,phi4-14b,v2_json_fewshot_k3,6848,3,1,0,0,True,1.0,9120,False,Math,True,1,Total
dynamic_few_shot_k3,phi4-14b,v2_json_fewshot_k3,6849,3,2,0,0,True,1.0,13514,False,Math,True,1,Total
dynamic_few_shot_k3,phi4-14b,v2_json_fewshot_k3,6850,3,1,2,2,True,1.0,16023,False,Math,True,1,Total
dynamic_few_shot_k3,phi4-14b,v2_json_fewshot_k3,6851,3,3,1,3,False,0.9,12804,False,Math,False,0,Total
dynamic_few_shot_k3,phi4-14b,v2_json_fewshot_k3,6852,3,4,0,0,True,1.0,14652,False,Math,True,1,Total
zero_shot,qwen3-14b,v1,6642,3,11,0,0,True,1.0,7500,False,Math,True,1,Total
zero_shot,qwen3-14b,v1,6643,3,3,3,3,True,0.9,13586,False,Math,True,1,Total
zero_shot,qwen3-14b,v1,6644,3,2,2,2,True,0.95,11057,False,Math,True,1,Total
zero_shot,qwen3-14b,v1,6645,3,2,3,3,True,0.95,9613,False,Math,True,1,Total
zero_shot,qwen3-14b,v1,6646,3,3,0,0,True,0.95,19378,False,Math,True,1,Total
zero_shot,qwen3-14b,v1,6647,3,4,3,3,True,0.95,17042,False,Math,True,1,Total
zero_shot,qwen3-14b,v1,6648,3,1,3,3,True,0.95,6198,False,Math,True,1,Total
zero_shot,qwen3-14b,v1,6649,3,1,0,2,False,0.9,24829,False,Math,False,0,Total
zero_shot,qwen3-14b,v1,6650,3,6,0,0,True,0.95,11268,False,Math,True,1,Total
zero_shot,qwen3-14b,v1,6651,3,2,3,3,True,0.95,15215,False,Math,True,1,Total
zero_shot,qwen3-14b,v1,6652,3,3,0,0,True,0.95,17885,False,Math,True,1,Total
zero_shot,qwen3-14b,v1,6654,3,1,2,2,True,0.95,9441,False,Math,True,1,Total
zero_shot,qwen3-14b,v1,6655,3,5,1,1,True,0.95,10010,False,Math,True,1,Total
zero_shot,qwen3-14b,v1,6656,3,2,2,2,True,0.95,16103,False,Math,True,1,Total
zero_shot,qwen3-14b,v1,6657,3,8,2,2,True,0.95,11142,False,Math,True,1,Total
zero_shot,qwen3-14b,v1,6658,3,5,0,2,False,0.95,24180,False,Math,False,0,Total
zero_shot,qwen3-14b,v1,6659,3,2,0,0,True,1.0,7329,False,Math,True,1,Total
zero_shot,qwen3-14b,v1,6661,3,10,1,1,True,0.95,11910,False,Math,True,1,Total
zero_shot,qwen3-14b,v1,6662,3,1,2,2,True,0.95,7036,False,Math,True,1,Total
zero_shot,qwen3-14b,v1,6663,3,2,2,2,True,0.95,10014,False,Math,True,1,Total
zero_shot,qwen3-14b,v1,6664,3,3,2,2,True,0.95,11739,False,Math,True,1,Total
zero_shot,qwen3-14b,v1,6665,3,2,0,0,True,1.0,8793,False,Math,True,1,Total
zero_shot,qwen3-14b,v1,6666,3,1,3,3,True,1.0,13212,False,Math,True,1,Total
zero_shot,qwen3-14b,v1,6667,3,2,0,0,True,0.95,12152,False,Math,True,1,Total
zero_shot,qwen3-14b,v1,6668,3,4,3,3,True,1.0,9064,False,Math,True,1,Total
zero_shot,qwen3-14b,v1,6669,3,3,1,1,True,0.95,12195,False,Math,True,1,Total
zero_shot,qwen3-14b,v1,6670,3,2,2,2,True,0.95,8129,False,Math,True,1,Total
zero_shot,qwen3-14b,v1,6671,3,3,1,1,True,0.95,13076,False,Math,True,1,Total
zero_shot,qwen3-14b,v1,6672,3,2,2,2,True,1.0,16152,False,Math,True,1,Total
zero_shot,qwen3-14b,v1,6673,3,1,3,3,True,0.95,10435,False,Math,True,1,Total
zero_shot,qwen3-14b,v1,6674,3,4,2,2,True,0.95,10873,False,Math,True,1,Total
zero_shot,qwen3-14b,v1,6675,3,3,0,0,True,1.0,11773,False,Math,True,1,Total
zero_shot,qwen3-14b,v1,6676,3,11,0,0,True,0.95,7477,False,Math,True,1,Total
zero_shot,qwen3-14b,v1,6677,3,5,3,3,True,0.95,10572,False,Math,True,1,Total
zero_shot,qwen3-14b,v1,6679,3,3,3,3,True,1.0,20410,False,Math,True,1,Total
zero_shot,qwen3-14b,v1,6680,3,9,2,2,True,1.0,13816,False,Math,True,1,Total
zero_shot,qwen3-14b,v1,6681,3,1,1,1,True,0.95,8761,False,Math,True,1,Total
zero_shot,qwen3-14b,v1,6682,3,1,3,3,True,0.95,9524,False,Math,True,1,Total
zero_shot,qwen3-14b,v1,6683,3,2,3,3,True,0.95,13495,False,Math,True,1,Total
zero_shot,qwen3-14b,v1,6684,3,1,3,3,True,1.0,13744,False,Math,True,1,Total
zero_shot,qwen3-14b,v1,6685,3,3,1,2,False,0.95,19049,False,Math,False,0,Total
zero_shot,qwen3-14b,v1,6686,3,3,2,2,True,0.95,7850,False,Math,True,1,Total
zero_shot,qwen3-14b,v1,6688,3,7,3,0,False,0.95,11899,False,Math,False,0,Total
zero_shot,qwen3-14b,v1,6689,3,1,0,3,False,0.95,13484,False,Math,False,0,Total
zero_shot,qwen3-14b,v1,6690,3,1,1,2,False,0.7,11494,False,Math,False,0,Total
zero_shot,qwen3-14b,v1,6691,3,2,3,3,True,0.95,10321,False,Math,True,1,Total
zero_shot,qwen3-14b,v1,6692,3,3,1,3,False,0.95,17307,False,Math,False,0,Total
zero_shot,qwen3-14b,v1,6693,3,2,3,3,True,0.9,9909,False,Math,True,1,Total
zero_shot,qwen3-14b,v1,6694,3,5,0,0,True,0.95,9772,False,Math,True,1,Total
zero_shot,qwen3-14b,v1,6695,3,9,0,0,True,0.95,21285,False,Math,True,1,Total
zero_shot,qwen3-14b,v1,6696,3,1,2,2,True,0.9,11953,False,Math,True,1,Total
zero_shot,qwen3-14b,v1,6697,3,3,1,1,True,0.95,9755,False,Math,True,1,Total
zero_shot,qwen3-14b,v1,6698,3,6,1,1,True,1.0,11515,False,Math,True,1,Total
zero_shot,qwen3-14b,v1,6699,3,2,0,1,False,0.8,21273,False,Math,False,0,Total
zero_shot,qwen3-14b,v1,6700,3,1,0,0,True,0.95,7829,False,Math,True,1,Total
zero_shot,qwen3-14b,v1,6701,3,1,3,3,True,0.95,9856,False,Math,True,1,Total
zero_shot,qwen3-14b,v1,6702,3,4,0,0,True,0.95,10642,False,Math,True,1,Total
zero_shot,qwen3-14b,v1,6703,3,10,1,1,True,0.95,11065,False,Math,True,1,Total
zero_shot,qwen3-14b,v1,6704,3,7,3,3,True,1.0,12311,False,Math,True,1,Total
zero_shot,qwen3-14b,v1,6705,3,1,1,1,True,0.95,7276,False,Math,True,1,Total
zero_shot,qwen3-14b,v1,6706,3,3,1,1,True,0.9,18430,False,Math,True,1,Total
zero_shot,qwen3-14b,v1,6707,3,1,1,1,True,1.0,9140,False,Math,True,1,Total
zero_shot,qwen3-14b,v1,6709,3,1,1,1,True,0.95,12411,False,Math,True,1,Total
zero_shot,qwen3-14b,v1,6710,3,2,1,1,True,0.95,15717,False,Math,True,1,Total
zero_shot,qwen3-14b,v1,6711,3,10,0,0,True,1.0,16166,False,Math,True,1,Total
zero_shot,qwen3-14b,v1,6713,3,3,3,3,True,0.9,8519,False,Math,True,1,Total
zero_shot,qwen3-14b,v1,6714,3,1,1,1,True,0.95,8148,False,Math,True,1,Total
zero_shot,qwen3-14b,v1,6715,3,2,2,2,True,1.0,14181,False,Math,True,1,Total
zero_shot,qwen3-14b,v1,6716,3,5,0,0,True,0.95,11451,False,Math,True,1,Total
zero_shot,qwen3-14b,v1,6717,3,1,1,1,True,1.0,13043,False,Math,True,1,Total
zero_shot,qwen3-14b,v1,6718,3,1,1,1,True,0.95,10310,False,Math,True,1,Total
zero_shot,qwen3-14b,v1,6719,3,3,1,1,True,1.0,11182,False,Math,True,1,Total
zero_shot,qwen3-14b,v1,6720,3,3,2,1,False,0.75,24055,False,Math,False,0,Total
zero_shot,qwen3-14b,v1,6722,3,1,1,1,True,1.0,12901,False,Math,True,1,Total
zero_shot,qwen3-14b,v1,6723,3,1,3,3,True,0.95,8148,False,Math,True,1,Total
zero_shot,qwen3-14b,v1,6724,3,5,1,1,True,0.95,14375,False,Math,True,1,Total
zero_shot,qwen3-14b,v1,6725,3,6,0,0,True,0.95,12128,False,Math,True,1,Total
zero_shot,qwen3-14b,v1,6726,3,1,0,3,False,0.7,15798,False,Math,False,0,Total
zero_shot,qwen3-14b,v1,6727,3,3,3,1,False,0.95,13301,False,Math,False,0,Total
zero_shot,qwen3-14b,v1,6728,3,3,2,2,True,0.9,11468,False,Math,True,1,Total
zero_shot,qwen3-14b,v1,6729,3,1,0,0,True,1.0,14617,False,Math,True,1,Total
zero_shot,qwen3-14b,v1,6730,3,2,2,2,True,1.0,8498,False,Math,True,1,Total
zero_shot,qwen3-14b,v1,6731,3,1,0,0,True,1.0,12425,False,Math,True,1,Total
zero_shot,qwen3-14b,v1,6732,3,4,2,2,True,1.0,11697,False,Math,True,1,Total
zero_shot,qwen3-14b,v1,6733,3,2,3,3,True,0.9,14655,False,Math,True,1,Total
zero_shot,qwen3-14b,v1,6734,3,1,1,1,True,1.0,11713,False,Math,True,1,Total
zero_shot,qwen3-14b,v1,6735,3,2,1,1,True,0.95,10870,False,Math,True,1,Total
zero_shot,qwen3-14b,v1,6736,3,4,0,0,True,0.95,10556,False,Math,True,1,Total
zero_shot,qwen3-14b,v1,6737,3,1,2,0,False,0.95,13237,False,Math,False,0,Total
zero_shot,qwen3-14b,v1,6738,3,2,3,3,True,1.0,19386,False,Math,True,1,Total
zero_shot,qwen3-14b,v1,6739,3,2,2,2,True,0.95,11616,False,Math,True,1,Total
zero_shot,qwen3-14b,v1,6740,3,6,2,2,True,0.95,13252,False,Math,True,1,Total
zero_shot,qwen3-14b,v1,6741,3,3,1,1,True,0.95,17831,False,Math,True,1,Total
zero_shot,qwen3-14b,v1,6742,3,5,3,3,True,0.8,14260,False,Math,True,1,Total
zero_shot,qwen3-14b,v1,6743,3,2,3,3,True,0.95,11111,False,Math,True,1,Total
zero_shot,qwen3-14b,v1,6744,3,2,1,1,True,0.95,10185,False,Math,True,1,Total
zero_shot,qwen3-14b,v1,6747,3,1,1,1,True,0.95,15941,False,Math,True,1,Total
zero_shot,qwen3-14b,v1,6748,3,9,1,1,True,0.95,12986,False,Math,True,1,Total
zero_shot,qwen3-14b,v1,6749,3,1,1,1,True,0.95,18478,False,Math,True,1,Total
zero_shot,qwen3-14b,v1,6750,3,1,1,1,True,1.0,5769,False,Math,True,1,Total
zero_shot,qwen3-14b,v1,6751,3,3,1,1,True,1.0,12047,False,Math,True,1,Total
zero_shot,qwen3-14b,v1,6752,3,5,2,2,True,0.95,9475,False,Math,True,1,Total
zero_shot,qwen3-14b,v1,6753,3,4,0,1,False,0.0,25878,False,Math,False,0,Total
zero_shot,qwen3-14b,v1,6754,3,1,2,2,True,0.95,6349,False,Math,True,1,Total
zero_shot,qwen3-14b,v1,6756,3,2,0,0,True,0.9,12172,False,Math,True,1,Total
zero_shot,qwen3-14b,v1,6757,3,13,0,0,True,1.0,8465,False,Math,True,1,Total
zero_shot,qwen3-14b,v1,6758,3,2,0,0,True,1.0,7482,False,Math,True,1,Total
zero_shot,qwen3-14b,v1,6759,3,2,2,2,True,1.0,6382,False,Math,True,1,Total
zero_shot,qwen3-14b,v1,6760,3,2,0,1,False,0.95,17366,False,Math,False,0,Total
zero_shot,qwen3-14b,v1,6761,3,2,2,2,True,0.9,10141,False,Math,True,1,Total
zero_shot,qwen3-14b,v1,6762,3,3,1,1,True,0.95,7913,False,Math,True,1,Total
zero_shot,qwen3-14b,v1,6763,3,2,1,1,True,0.95,11304,False,Math,True,1,Total
zero_shot,qwen3-14b,v1,6764,3,1,3,3,True,0.95,18351,False,Math,True,1,Total
zero_shot,qwen3-14b,v1,6765,3,3,0,0,True,1.0,7252,False,Math,True,1,Total
zero_shot,qwen3-14b,v1,6766,3,2,3,3,True,0.95,6113,False,Math,True,1,Total
zero_shot,qwen3-14b,v1,6767,3,2,2,2,True,1.0,16475,False,Math,True,1,Total
zero_shot,qwen3-14b,v1,6768,3,2,0,0,True,0.95,15130,False,Math,True,1,Total
zero_shot,qwen3-14b,v1,6769,3,5,3,3,True,1.0,19756,False,Math,True,1,Total
zero_shot,qwen3-14b,v1,6770,3,1,0,0,True,1.0,15125,False,Math,True,1,Total
zero_shot,qwen3-14b,v1,6771,3,4,3,3,True,1.0,21926,False,Math,True,1,Total
zero_shot,qwen3-14b,v1,6772,3,3,3,3,True,0.95,12802,False,Math,True,1,Total
zero_shot,qwen3-14b,v1,6773,3,10,1,2,False,0.6,21025,False,Math,False,0,Total
zero_shot,qwen3-14b,v1,6774,3,1,2,2,True,0.95,10732,False,Math,True,1,Total
zero_shot,qwen3-14b,v1,6775,3,2,3,3,True,0.9,13778,False,Math,True,1,Total
zero_shot,qwen3-14b,v1,6776,3,3,2,3,False,0.9,26425,False,Math,False,0,Total
zero_shot,qwen3-14b,v1,6777,3,5,0,0,True,0.95,12220,False,Math,True,1,Total
zero_shot,qwen3-14b,v1,6778,3,1,3,3,True,0.9,9725,False,Math,True,1,Total
zero_shot,qwen3-14b,v1,6779,3,2,0,0,True,0.95,14622,False,Math,True,1,Total
zero_shot,qwen3-14b,v1,6780,3,1,0,0,True,0.0,27405,False,Math,True,1,Total
zero_shot,qwen3-14b,v1,6781,3,5,1,1,True,0.9,14665,False,Math,True,1,Total
zero_shot,qwen3-14b,v1,6782,3,1,1,1,True,1.0,8812,False,Math,True,1,Total
zero_shot,qwen3-14b,v1,6783,3,1,2,2,True,1.0,5742,False,Math,True,1,Total
zero_shot,qwen3-14b,v1,6784,3,2,2,2,True,0.95,21304,False,Math,True,1,Total
zero_shot,qwen3-14b,v1,6785,3,1,0,0,True,0.9,21545,False,Math,True,1,Total
zero_shot,qwen3-14b,v1,6786,3,3,0,0,True,0.8,16445,False,Math,True,1,Total
zero_shot,qwen3-14b,v1,6787,3,1,3,3,True,1.0,12342,False,Math,True,1,Total
zero_shot,qwen3-14b,v1,6788,3,1,1,1,True,0.95,11865,False,Math,True,1,Total
zero_shot,qwen3-14b,v1,6789,3,7,2,2,True,0.95,8201,False,Math,True,1,Total
zero_shot,qwen3-14b,v1,6790,3,3,1,1,True,0.95,18056,False,Math,True,1,Total
zero_shot,qwen3-14b,v1,6791,3,2,0,0,True,1.0,8890,False,Math,True,1,Total
zero_shot,qwen3-14b,v1,6792,3,6,3,3,True,1.0,12121,False,Math,True,1,Total
zero_shot,qwen3-14b,v1,6793,3,3,1,1,True,0.95,8653,False,Math,True,1,Total
zero_shot,qwen3-14b,v1,6794,3,1,3,3,True,0.95,11963,False,Math,True,1,Total
zero_shot,qwen3-14b,v1,6795,3,5,3,3,True,1.0,9011,False,Math,True,1,Total
zero_shot,qwen3-14b,v1,6796,3,6,1,1,True,0.9,12991,False,Math,True,1,Total
zero_shot,qwen3-14b,v1,6797,3,1,2,2,True,0.9,9650,False,Math,True,1,Total
zero_shot,qwen3-14b,v1,6798,3,3,2,2,True,0.95,8875,False,Math,True,1,Total
zero_shot,qwen3-14b,v1,6799,3,2,2,2,True,0.95,21086,False,Math,True,1,Total
zero_shot,qwen3-14b,v1,6800,3,1,1,1,True,1.0,23833,False,Math,True,1,Total
zero_shot,qwen3-14b,v1,6801,3,1,2,2,True,0.95,11450,False,Math,True,1,Total
zero_shot,qwen3-14b,v1,6802,3,3,0,0,True,1.0,9669,False,Math,True,1,Total
zero_shot,qwen3-14b,v1,6803,3,2,3,3,True,1.0,11879,False,Math,True,1,Total
zero_shot,qwen3-14b,v1,6804,3,6,2,2,True,0.95,5825,False,Math,True,1,Total
zero_shot,qwen3-14b,v1,6805,3,4,3,3,True,1.0,19253,False,Math,True,1,Total
zero_shot,qwen3-14b,v1,6806,3,1,2,2,True,0.95,9875,False,Math,True,1,Total
zero_shot,qwen3-14b,v1,6807,3,4,3,3,True,0.95,19587,False,Math,True,1,Total
zero_shot,qwen3-14b,v1,6808,3,2,1,1,True,1.0,12285,False,Math,True,1,Total
zero_shot,qwen3-14b,v1,6809,3,1,2,2,True,1.0,11530,False,Math,True,1,Total
zero_shot,qwen3-14b,v1,6810,3,8,1,3,False,0.7,13997,False,Math,False,0,Total
zero_shot,qwen3-14b,v1,6811,3,3,3,3,True,0.95,8313,False,Math,True,1,Total
zero_shot,qwen3-14b,v1,6812,3,2,1,0,False,0.75,17586,False,Math,False,0,Total
zero_shot,qwen3-14b,v1,6813,3,4,0,0,True,0.95,7563,False,Math,True,1,Total
zero_shot,qwen3-14b,v1,6815,3,4,1,1,True,1.0,19075,False,Math,True,1,Total
zero_shot,qwen3-14b,v1,6816,3,1,3,3,True,0.95,18016,False,Math,True,1,Total
zero_shot,qwen3-14b,v1,6817,3,3,1,1,True,0.95,12199,False,Math,True,1,Total
zero_shot,qwen3-14b,v1,6818,3,1,0,0,True,1.0,16664,False,Math,True,1,Total
zero_shot,qwen3-14b,v1,6819,3,2,1,3,False,0.95,17776,False,Math,False,0,Total
zero_shot,qwen3-14b,v1,6820,3,1,0,0,True,0.6,13499,False,Math,True,1,Total
zero_shot,qwen3-14b,v1,6821,3,1,0,0,True,1.0,8763,False,Math,True,1,Total
zero_shot,qwen3-14b,v1,6822,3,3,2,2,True,0.95,14239,False,Math,True,1,Total
zero_shot,qwen3-14b,v1,6823,3,2,3,3,True,1.0,12952,False,Math,True,1,Total
zero_shot,qwen3-14b,v1,6824,3,4,2,2,True,0.95,12378,False,Math,True,1,Total
zero_shot,qwen3-14b,v1,6825,3,1,3,3,True,1.0,14117,False,Math,True,1,Total
zero_shot,qwen3-14b,v1,6826,3,1,0,0,True,0.95,12467,False,Math,True,1,Total
zero_shot,qwen3-14b,v1,6827,3,2,2,2,True,1.0,15903,False,Math,True,1,Total
zero_shot,qwen3-14b,v1,6828,3,4,1,1,True,0.8,8372,False,Math,True,1,Total
zero_shot,qwen3-14b,v1,6829,3,7,3,3,True,0.95,12089,False,Math,True,1,Total
zero_shot,qwen3-14b,v1,6830,3,3,0,0,True,0.821,15459,False,Math,True,1,Total
zero_shot,qwen3-14b,v1,6831,3,4,3,0,False,0.95,10340,False,Math,False,0,Total
zero_shot,qwen3-14b,v1,6832,3,15,2,2,True,0.95,10239,False,Math,True,1,Total
zero_shot,qwen3-14b,v1,6833,3,4,2,2,True,0.95,14305,False,Math,True,1,Total
zero_shot,qwen3-14b,v1,6834,3,5,3,3,True,0.95,5874,False,Math,True,1,Total
zero_shot,qwen3-14b,v1,6835,3,5,2,2,True,1.0,11794,False,Math,True,1,Total
zero_shot,qwen3-14b,v1,6836,3,1,3,3,True,0.9,24866,False,Math,True,1,Total
zero_shot,qwen3-14b,v1,6837,3,1,3,3,True,1.0,9126,False,Math,True,1,Total
zero_shot,qwen3-14b,v1,6838,3,4,3,3,True,0.95,8866,False,Math,True,1,Total
zero_shot,qwen3-14b,v1,6839,3,6,1,1,True,0.9,14144,False,Math,True,1,Total
zero_shot,qwen3-14b,v1,6840,3,3,2,2,True,0.95,14758,False,Math,True,1,Total
zero_shot,qwen3-14b,v1,6841,3,4,3,0,False,0.95,23235,False,Math,False,0,Total
zero_shot,qwen3-14b,v1,6842,3,1,3,3,True,0.95,9628,False,Math,True,1,Total
zero_shot,qwen3-14b,v1,6843,3,5,2,2,True,0.95,10858,False,Math,True,1,Total
zero_shot,qwen3-14b,v1,6844,3,3,2,2,True,1.0,8464,False,Math,True,1,Total
zero_shot,qwen3-14b,v1,6845,3,1,0,0,True,0.95,17197,False,Math,True,1,Total
zero_shot,qwen3-14b,v1,6846,3,10,1,1,True,0.75,17781,True,Math,True,1,Total
zero_shot,qwen3-14b,v1,6847,3,1,3,0,False,0.6,17353,False,Math,False,0,Total
zero_shot,qwen3-14b,v1,6848,3,1,0,0,True,0.95,10001,False,Math,True,1,Total
zero_shot,qwen3-14b,v1,6849,3,2,0,0,True,0.95,8500,False,Math,True,1,Total
zero_shot,qwen3-14b,v1,6850,3,1,2,2,True,1.0,17615,False,Math,True,1,Total
zero_shot,qwen3-14b,v1,6851,3,3,2,3,False,0.7,20848,False,Math,False,0,Total
zero_shot,qwen3-14b,v1,6852,3,4,0,0,True,1.0,14189,False,Math,True,1,Total
dynamic_few_shot_k3,qwen3-14b,v2_json_fewshot_k3,6642,3,11,0,0,True,1.0,2883,False,Math,True,1,Total
dynamic_few_shot_k3,qwen3-14b,v2_json_fewshot_k3,6643,3,3,3,3,True,1.0,6270,False,Math,True,1,Total
dynamic_few_shot_k3,qwen3-14b,v2_json_fewshot_k3,6644,3,2,2,2,True,1.0,4518,False,Math,True,1,Total
dynamic_few_shot_k3,qwen3-14b,v2_json_fewshot_k3,6645,3,2,3,3,True,1.0,5063,False,Math,True,1,Total
dynamic_few_shot_k3,qwen3-14b,v2_json_fewshot_k3,6646,3,3,0,0,True,1.0,3469,False,Math,True,1,Total
dynamic_few_shot_k3,qwen3-14b,v2_json_fewshot_k3,6647,3,4,1,3,False,1.0,2670,False,Math,False,0,Total
dynamic_few_shot_k3,qwen3-14b,v2_json_fewshot_k3,6648,3,1,3,3,True,1.0,6249,False,Math,True,1,Total
dynamic_few_shot_k3,qwen3-14b,v2_json_fewshot_k3,6649,3,1,2,2,True,1.0,2947,False,Math,True,1,Total
dynamic_few_shot_k3,qwen3-14b,v2_json_fewshot_k3,6650,3,6,0,0,True,1.0,4277,False,Math,True,1,Total
dynamic_few_shot_k3,qwen3-14b,v2_json_fewshot_k3,6651,3,2,3,3,True,1.0,6385,False,Math,True,1,Total
dynamic_few_shot_k3,qwen3-14b,v2_json_fewshot_k3,6652,3,3,0,0,True,1.0,2981,False,Math,True,1,Total
dynamic_few_shot_k3,qwen3-14b,v2_json_fewshot_k3,6654,3,1,2,2,True,1.0,7294,False,Math,True,1,Total
dynamic_few_shot_k3,qwen3-14b,v2_json_fewshot_k3,6655,3,5,1,1,True,1.0,3669,False,Math,True,1,Total
dynamic_few_shot_k3,qwen3-14b,v2_json_fewshot_k3,6656,3,2,0,2,False,1.0,3410,False,Math,False,0,Total
dynamic_few_shot_k3,qwen3-14b,v2_json_fewshot_k3,6657,3,8,2,2,True,1.0,11201,False,Math,True,1,Total
dynamic_few_shot_k3,qwen3-14b,v2_json_fewshot_k3,6658,3,5,2,2,True,1.0,3319,False,Math,True,1,Total
dynamic_few_shot_k3,qwen3-14b,v2_json_fewshot_k3,6659,3,2,0,0,True,1.0,2667,False,Math,True,1,Total
dynamic_few_shot_k3,qwen3-14b,v2_json_fewshot_k3,6661,3,10,1,1,True,1.0,4114,False,Math,True,1,Total
dynamic_few_shot_k3,qwen3-14b,v2_json_fewshot_k3,6662,3,1,2,2,True,1.0,2845,False,Math,True,1,Total
dynamic_few_shot_k3,qwen3-14b,v2_json_fewshot_k3,6663,3,2,2,2,True,1.0,4327,False,Math,True,1,Total
dynamic_few_shot_k3,qwen3-14b,v2_json_fewshot_k3,6664,3,3,2,2,True,1.0,3070,False,Math,True,1,Total
dynamic_few_shot_k3,qwen3-14b,v2_json_fewshot_k3,6665,3,2,0,0,True,1.0,8258,False,Math,True,1,Total
dynamic_few_shot_k3,qwen3-14b,v2_json_fewshot_k3,6666,3,1,3,3,True,1.0,12327,False,Math,True,1,Total
dynamic_few_shot_k3,qwen3-14b,v2_json_fewshot_k3,6667,3,2,0,0,True,1.0,2949,False,Math,True,1,Total
dynamic_few_shot_k3,qwen3-14b,v2_json_fewshot_k3,6668,3,4,3,3,True,1.0,9306,False,Math,True,1,Total
dynamic_few_shot_k3,qwen3-14b,v2_json_fewshot_k3,6669,3,3,1,1,True,1.0,2938,False,Math,True,1,Total
dynamic_few_shot_k3,qwen3-14b,v2_json_fewshot_k3,6670,3,2,2,2,True,1.0,3603,False,Math,True,1,Total
dynamic_few_shot_k3,qwen3-14b,v2_json_fewshot_k3,6671,3,3,2,1,False,1.0,3649,False,Math,False,0,Total
dynamic_few_shot_k3,qwen3-14b,v2_json_fewshot_k3,6672,3,2,0,2,False,1.0,3103,False,Math,False,0,Total
dynamic_few_shot_k3,qwen3-14b,v2_json_fewshot_k3,6673,3,1,3,3,True,1.0,2753,False,Math,True,1,Total
dynamic_few_shot_k3,qwen3-14b,v2_json_fewshot_k3,6674,3,4,2,2,True,1.0,4390,False,Math,True,1,Total
dynamic_few_shot_k3,qwen3-14b,v2_json_fewshot_k3,6675,3,3,0,0,True,1.0,2778,False,Math,True,1,Total
dynamic_few_shot_k3,qwen3-14b,v2_json_fewshot_k3,6676,3,11,0,0,True,1.0,3952,False,Math,True,1,Total
dynamic_few_shot_k3,qwen3-14b,v2_json_fewshot_k3,6677,3,5,3,3,True,1.0,3739,False,Math,True,1,Total
dynamic_few_shot_k3,qwen3-14b,v2_json_fewshot_k3,6679,3,3,2,3,False,1.0,3066,False,Math,False,0,Total
dynamic_few_shot_k3,qwen3-14b,v2_json_fewshot_k3,6680,3,9,2,2,True,1.0,14590,False,Math,True,1,Total
dynamic_few_shot_k3,qwen3-14b,v2_json_fewshot_k3,6681,3,1,1,1,True,1.0,3559,False,Math,True,1,Total
dynamic_few_shot_k3,qwen3-14b,v2_json_fewshot_k3,6682,3,1,3,3,True,1.0,2995,False,Math,True,1,Total
dynamic_few_shot_k3,qwen3-14b,v2_json_fewshot_k3,6683,3,2,3,3,True,1.0,2620,False,Math,True,1,Total
dynamic_few_shot_k3,qwen3-14b,v2_json_fewshot_k3,6684,3,1,3,3,True,1.0,2899,False,Math,True,1,Total
dynamic_few_shot_k3,qwen3-14b,v2_json_fewshot_k3,6685,3,3,2,2,True,1.0,3167,False,Math,True,1,Total
dynamic_few_shot_k3,qwen3-14b,v2_json_fewshot_k3,6686,3,3,2,2,True,1.0,3716,False,Math,True,1,Total
dynamic_few_shot_k3,qwen3-14b,v2_json_fewshot_k3,6688,3,7,3,0,False,1.0,2660,False,Math,False,0,Total
dynamic_few_shot_k3,qwen3-14b,v2_json_fewshot_k3,6689,3,1,0,3,False,1.0,2888,False,Math,False,0,Total
dynamic_few_shot_k3,qwen3-14b,v2_json_fewshot_k3,6690,3,1,1,2,False,0.1,11242,False,Math,False,0,Total
dynamic_few_shot_k3,qwen3-14b,v2_json_fewshot_k3,6691,3,2,3,3,True,1.0,4665,False,Math,True,1,Total
dynamic_few_shot_k3,qwen3-14b,v2_json_fewshot_k3,6692,3,3,1,3,False,1.0,5069,False,Math,False,0,Total
dynamic_few_shot_k3,qwen3-14b,v2_json_fewshot_k3,6693,3,2,2,3,False,1.0,4173,False,Math,False,0,Total
dynamic_few_shot_k3,qwen3-14b,v2_json_fewshot_k3,6694,3,5,0,0,True,1.0,20109,False,Math,True,1,Total
dynamic_few_shot_k3,qwen3-14b,v2_json_fewshot_k3,6695,3,9,0,0,True,1.0,3364,False,Math,True,1,Total
dynamic_few_shot_k3,qwen3-14b,v2_json_fewshot_k3,6696,3,1,2,2,True,1.0,2906,False,Math,True,1,Total
dynamic_few_shot_k3,qwen3-14b,v2_json_fewshot_k3,6697,3,3,1,1,True,0.8,22842,False,Math,True,1,Total
dynamic_few_shot_k3,qwen3-14b,v2_json_fewshot_k3,6698,3,6,3,1,False,1.0,2896,False,Math,False,0,Total
dynamic_few_shot_k3,qwen3-14b,v2_json_fewshot_k3,6699,3,2,3,1,False,1.0,3315,False,Math,False,0,Total
dynamic_few_shot_k3,qwen3-14b,v2_json_fewshot_k3,6700,3,1,0,0,True,1.0,2701,False,Math,True,1,Total
dynamic_few_shot_k3,qwen3-14b,v2_json_fewshot_k3,6701,3,1,3,3,True,1.0,5354,False,Math,True,1,Total
dynamic_few_shot_k3,qwen3-14b,v2_json_fewshot_k3,6702,3,4,0,0,True,1.0,10292,False,Math,True,1,Total
dynamic_few_shot_k3,qwen3-14b,v2_json_fewshot_k3,6703,3,10,1,1,True,1.0,12184,False,Math,True,1,Total
dynamic_few_shot_k3,qwen3-14b,v2_json_fewshot_k3,6704,3,7,3,3,True,1.0,3095,False,Math,True,1,Total
dynamic_few_shot_k3,qwen3-14b,v2_json_fewshot_k3,6705,3,1,1,1,True,1.0,2721,False,Math,True,1,Total
dynamic_few_shot_k3,qwen3-14b,v2_json_fewshot_k3,6706,3,3,1,1,True,1.0,4163,False,Math,True,1,Total
dynamic_few_shot_k3,qwen3-14b,v2_json_fewshot_k3,6707,3,1,2,1,False,1.0,2723,False,Math,False,0,Total
dynamic_few_shot_k3,qwen3-14b,v2_json_fewshot_k3,6709,3,1,1,1,True,1.0,3009,False,Math,True,1,Total
dynamic_few_shot_k3,qwen3-14b,v2_json_fewshot_k3,6710,3,2,1,1,True,1.0,2843,False,Math,True,1,Total
dynamic_few_shot_k3,qwen3-14b,v2_json_fewshot_k3,6711,3,10,0,0,True,1.0,2809,False,Math,True,1,Total
dynamic_few_shot_k3,qwen3-14b,v2_json_fewshot_k3,6713,3,3,3,3,True,1.0,2951,False,Math,True,1,Total
dynamic_few_shot_k3,qwen3-14b,v2_json_fewshot_k3,6714,3,1,1,1,True,1.0,3324,False,Math,True,1,Total
dynamic_few_shot_k3,qwen3-14b,v2_json_fewshot_k3,6715,3,2,2,2,True,1.0,3310,False,Math,True,1,Total
dynamic_few_shot_k3,qwen3-14b,v2_json_fewshot_k3,6716,3,5,0,0,True,1.0,5466,False,Math,True,1,Total
dynamic_few_shot_k3,qwen3-14b,v2_json_fewshot_k3,6717,3,1,1,1,True,1.0,2981,False,Math,True,1,Total
dynamic_few_shot_k3,qwen3-14b,v2_json_fewshot_k3,6718,3,1,1,1,True,1.0,2601,False,Math,True,1,Total
dynamic_few_shot_k3,qwen3-14b,v2_json_fewshot_k3,6719,3,3,1,1,True,1.0,2778,False,Math,True,1,Total
dynamic_few_shot_k3,qwen3-14b,v2_json_fewshot_k3,6720,3,3,3,1,False,1.0,2612,False,Math,False,0,Total
dynamic_few_shot_k3,qwen3-14b,v2_json_fewshot_k3,6722,3,1,1,1,True,1.0,2661,False,Math,True,1,Total
dynamic_few_shot_k3,qwen3-14b,v2_json_fewshot_k3,6723,3,1,3,3,True,1.0,3021,False,Math,True,1,Total
dynamic_few_shot_k3,qwen3-14b,v2_json_fewshot_k3,6724,3,5,1,1,True,1.0,3216,False,Math,True,1,Total
dynamic_few_shot_k3,qwen3-14b,v2_json_fewshot_k3,6725,3,6,0,0,True,1.0,2958,False,Math,True,1,Total
dynamic_few_shot_k3,qwen3-14b,v2_json_fewshot_k3,6726,3,1,1,3,False,1.0,2777,False,Math,False,0,Total
dynamic_few_shot_k3,qwen3-14b,v2_json_fewshot_k3,6727,3,3,3,1,False,0.95,17642,False,Math,False,0,Total
dynamic_few_shot_k3,qwen3-14b,v2_json_fewshot_k3,6728,3,3,2,2,True,1.0,3176,False,Math,True,1,Total
dynamic_few_shot_k3,qwen3-14b,v2_json_fewshot_k3,6729,3,1,0,0,True,1.0,2794,False,Math,True,1,Total
dynamic_few_shot_k3,qwen3-14b,v2_json_fewshot_k3,6730,3,2,2,2,True,1.0,2887,False,Math,True,1,Total
dynamic_few_shot_k3,qwen3-14b,v2_json_fewshot_k3,6731,3,1,0,0,True,1.0,3202,False,Math,True,1,Total
dynamic_few_shot_k3,qwen3-14b,v2_json_fewshot_k3,6732,3,4,3,2,False,1.0,7810,False,Math,False,0,Total
dynamic_few_shot_k3,qwen3-14b,v2_json_fewshot_k3,6733,3,2,3,3,True,1.0,2768,False,Math,True,1,Total
dynamic_few_shot_k3,qwen3-14b,v2_json_fewshot_k3,6734,3,1,1,1,True,1.0,3030,False,Math,True,1,Total
dynamic_few_shot_k3,qwen3-14b,v2_json_fewshot_k3,6735,3,2,3,1,False,1.0,2728,False,Math,False,0,Total
dynamic_few_shot_k3,qwen3-14b,v2_json_fewshot_k3,6736,3,4,0,0,True,1.0,4490,False,Math,True,1,Total
dynamic_few_shot_k3,qwen3-14b,v2_json_fewshot_k3,6737,3,1,2,0,False,1.0,2793,False,Math,False,0,Total
dynamic_few_shot_k3,qwen3-14b,v2_json_fewshot_k3,6738,3,2,3,3,True,1.0,2891,False,Math,True,1,Total
dynamic_few_shot_k3,qwen3-14b,v2_json_fewshot_k3,6739,3,2,2,2,True,1.0,7850,False,Math,True,1,Total
dynamic_few_shot_k3,qwen3-14b,v2_json_fewshot_k3,6740,3,6,2,2,True,1.0,3403,False,Math,True,1,Total
dynamic_few_shot_k3,qwen3-14b,v2_json_fewshot_k3,6741,3,3,1,1,True,1.0,3148,False,Math,True,1,Total
dynamic_few_shot_k3,qwen3-14b,v2_json_fewshot_k3,6742,3,5,3,3,True,0.8,15069,False,Math,True,1,Total
dynamic_few_shot_k3,qwen3-14b,v2_json_fewshot_k3,6743,3,2,3,3,True,1.0,5347,False,Math,True,1,Total
dynamic_few_shot_k3,qwen3-14b,v2_json_fewshot_k3,6744,3,2,1,1,True,1.0,6073,False,Math,True,1,Total
dynamic_few_shot_k3,qwen3-14b,v2_json_fewshot_k3,6747,3,1,1,1,True,1.0,3173,False,Math,True,1,Total
dynamic_few_shot_k3,qwen3-14b,v2_json_fewshot_k3,6748,3,9,1,1,True,1.0,5339,False,Math,True,1,Total
dynamic_few_shot_k3,qwen3-14b,v2_json_fewshot_k3,6749,3,1,2,1,False,1.0,14697,False,Math,False,0,Total
dynamic_few_shot_k3,qwen3-14b,v2_json_fewshot_k3,6750,3,1,1,1,True,1.0,8521,False,Math,True,1,Total
dynamic_few_shot_k3,qwen3-14b,v2_json_fewshot_k3,6751,3,3,1,1,True,1.0,3379,False,Math,True,1,Total
dynamic_few_shot_k3,qwen3-14b,v2_json_fewshot_k3,6752,3,5,0,2,False,1.0,3122,False,Math,False,0,Total
dynamic_few_shot_k3,qwen3-14b,v2_json_fewshot_k3,6753,3,4,0,1,False,1.0,2776,False,Math,False,0,Total
dynamic_few_shot_k3,qwen3-14b,v2_json_fewshot_k3,6754,3,1,2,2,True,1.0,2724,False,Math,True,1,Total
dynamic_few_shot_k3,qwen3-14b,v2_json_fewshot_k3,6756,3,2,0,0,True,1.0,3892,False,Math,True,1,Total
dynamic_few_shot_k3,qwen3-14b,v2_json_fewshot_k3,6757,3,13,0,0,True,1.0,2692,False,Math,True,1,Total
dynamic_few_shot_k3,qwen3-14b,v2_json_fewshot_k3,6758,3,2,0,0,True,1.0,2977,False,Math,True,1,Total
dynamic_few_shot_k3,qwen3-14b,v2_json_fewshot_k3,6759,3,2,2,2,True,1.0,2899,False,Math,True,1,Total
dynamic_few_shot_k3,qwen3-14b,v2_json_fewshot_k3,6760,3,2,0,1,False,1.0,2859,False,Math,False,0,Total
dynamic_few_shot_k3,qwen3-14b,v2_json_fewshot_k3,6761,3,2,0,2,False,1.0,3579,False,Math,False,0,Total
dynamic_few_shot_k3,qwen3-14b,v2_json_fewshot_k3,6762,3,3,1,1,True,1.0,3435,False,Math,True,1,Total
dynamic_few_shot_k3,qwen3-14b,v2_json_fewshot_k3,6763,3,2,1,1,True,1.0,2835,False,Math,True,1,Total
dynamic_few_shot_k3,qwen3-14b,v2_json_fewshot_k3,6764,3,1,3,3,True,1.0,3854,False,Math,True,1,Total
dynamic_few_shot_k3,qwen3-14b,v2_json_fewshot_k3,6765,3,3,0,0,True,1.0,3151,False,Math,True,1,Total
dynamic_few_shot_k3,qwen3-14b,v2_json_fewshot_k3,6766,3,2,3,3,True,1.0,2558,False,Math,True,1,Total
dynamic_few_shot_k3,qwen3-14b,v2_json_fewshot_k3,6767,3,2,1,2,False,1.0,2914,False,Math,False,0,Total
dynamic_few_shot_k3,qwen3-14b,v2_json_fewshot_k3,6768,3,2,0,0,True,1.0,3691,False,Math,True,1,Total
dynamic_few_shot_k3,qwen3-14b,v2_json_fewshot_k3,6769,3,5,1,3,False,1.0,2987,False,Math,False,0,Total
dynamic_few_shot_k3,qwen3-14b,v2_json_fewshot_k3,6770,3,1,0,0,True,1.0,2699,False,Math,True,1,Total
dynamic_few_shot_k3,qwen3-14b,v2_json_fewshot_k3,6771,3,4,3,3,True,1.0,3032,False,Math,True,1,Total
dynamic_few_shot_k3,qwen3-14b,v2_json_fewshot_k3,6772,3,3,3,3,True,1.0,11290,False,Math,True,1,Total
dynamic_few_shot_k3,qwen3-14b,v2_json_fewshot_k3,6773,3,10,2,2,True,1.0,2914,False,Math,True,1,Total
dynamic_few_shot_k3,qwen3-14b,v2_json_fewshot_k3,6774,3,1,2,2,True,1.0,8141,False,Math,True,1,Total
dynamic_few_shot_k3,qwen3-14b,v2_json_fewshot_k3,6775,3,2,3,3,True,1.0,17158,False,Math,True,1,Total
dynamic_few_shot_k3,qwen3-14b,v2_json_fewshot_k3,6776,3,3,2,3,False,1.0,18900,False,Math,False,0,Total
dynamic_few_shot_k3,qwen3-14b,v2_json_fewshot_k3,6777,3,5,0,0,True,1.0,2906,False,Math,True,1,Total
dynamic_few_shot_k3,qwen3-14b,v2_json_fewshot_k3,6778,3,1,3,3,True,1.0,2860,False,Math,True,1,Total
dynamic_few_shot_k3,qwen3-14b,v2_json_fewshot_k3,6779,3,2,0,0,True,1.0,2917,False,Math,True,1,Total
dynamic_few_shot_k3,qwen3-14b,v2_json_fewshot_k3,6780,3,1,1,0,False,1.0,2881,False,Math,False,0,Total
dynamic_few_shot_k3,qwen3-14b,v2_json_fewshot_k3,6781,3,5,1,1,True,1.0,2738,False,Math,True,1,Total
dynamic_few_shot_k3,qwen3-14b,v2_json_fewshot_k3,6782,3,1,1,1,True,1.0,2947,False,Math,True,1,Total
dynamic_few_shot_k3,qwen3-14b,v2_json_fewshot_k3,6783,3,1,2,2,True,1.0,3246,False,Math,True,1,Total
dynamic_few_shot_k3,qwen3-14b,v2_json_fewshot_k3,6784,3,2,3,2,False,1.0,2745,False,Math,False,0,Total
dynamic_few_shot_k3,qwen3-14b,v2_json_fewshot_k3,6785,3,1,3,0,False,1.0,5247,False,Math,False,0,Total
dynamic_few_shot_k3,qwen3-14b,v2_json_fewshot_k3,6786,3,3,1,0,False,1.0,2909,False,Math,False,0,Total
dynamic_few_shot_k3,qwen3-14b,v2_json_fewshot_k3,6787,3,1,3,3,True,1.0,13310,False,Math,True,1,Total
dynamic_few_shot_k3,qwen3-14b,v2_json_fewshot_k3,6788,3,1,1,1,True,1.0,7865,False,Math,True,1,Total
dynamic_few_shot_k3,qwen3-14b,v2_json_fewshot_k3,6789,3,7,2,2,True,1.0,3853,False,Math,True,1,Total
dynamic_few_shot_k3,qwen3-14b,v2_json_fewshot_k3,6790,3,3,1,1,True,1.0,3607,False,Math,True,1,Total
dynamic_few_shot_k3,qwen3-14b,v2_json_fewshot_k3,6791,3,2,0,0,True,1.0,2730,False,Math,True,1,Total
dynamic_few_shot_k3,qwen3-14b,v2_json_fewshot_k3,6792,3,6,3,3,True,0.8,20027,False,Math,True,1,Total
dynamic_few_shot_k3,qwen3-14b,v2_json_fewshot_k3,6793,3,3,1,1,True,1.0,6940,False,Math,True,1,Total
dynamic_few_shot_k3,qwen3-14b,v2_json_fewshot_k3,6794,3,1,3,3,True,1.0,10280,False,Math,True,1,Total
dynamic_few_shot_k3,qwen3-14b,v2_json_fewshot_k3,6795,3,5,3,3,True,1.0,3056,False,Math,True,1,Total
dynamic_few_shot_k3,qwen3-14b,v2_json_fewshot_k3,6796,3,6,1,1,True,1.0,6603,False,Math,True,1,Total
dynamic_few_shot_k3,qwen3-14b,v2_json_fewshot_k3,6797,3,1,2,2,True,1.0,4027,False,Math,True,1,Total
dynamic_few_shot_k3,qwen3-14b,v2_json_fewshot_k3,6798,3,3,2,2,True,1.0,2815,False,Math,True,1,Total
dynamic_few_shot_k3,qwen3-14b,v2_json_fewshot_k3,6799,3,2,2,2,True,1.0,3732,False,Math,True,1,Total
dynamic_few_shot_k3,qwen3-14b,v2_json_fewshot_k3,6800,3,1,2,1,False,1.0,3065,False,Math,False,0,Total
dynamic_few_shot_k3,qwen3-14b,v2_json_fewshot_k3,6801,3,1,2,2,True,1.0,9734,False,Math,True,1,Total
dynamic_few_shot_k3,qwen3-14b,v2_json_fewshot_k3,6802,3,3,3,0,False,1.0,2891,False,Math,False,0,Total
dynamic_few_shot_k3,qwen3-14b,v2_json_fewshot_k3,6803,3,2,3,3,True,1.0,15219,False,Math,True,1,Total
dynamic_few_shot_k3,qwen3-14b,v2_json_fewshot_k3,6804,3,6,2,2,True,1.0,4376,False,Math,True,1,Total
dynamic_few_shot_k3,qwen3-14b,v2_json_fewshot_k3,6805,3,4,3,3,True,1.0,2946,False,Math,True,1,Total
dynamic_few_shot_k3,qwen3-14b,v2_json_fewshot_k3,6806,3,1,3,2,False,1.0,2724,False,Math,False,0,Total
dynamic_few_shot_k3,qwen3-14b,v2_json_fewshot_k3,6807,3,4,1,3,False,0.8,16803,False,Math,False,0,Total
dynamic_few_shot_k3,qwen3-14b,v2_json_fewshot_k3,6808,3,2,1,1,True,1.0,2818,False,Math,True,1,Total
dynamic_few_shot_k3,qwen3-14b,v2_json_fewshot_k3,6809,3,1,2,2,True,1.0,3056,False,Math,True,1,Total
dynamic_few_shot_k3,qwen3-14b,v2_json_fewshot_k3,6810,3,8,2,3,False,1.0,2735,False,Math,False,0,Total
dynamic_few_shot_k3,qwen3-14b,v2_json_fewshot_k3,6811,3,3,3,3,True,1.0,2790,False,Math,True,1,Total
dynamic_few_shot_k3,qwen3-14b,v2_json_fewshot_k3,6812,3,2,1,0,False,1.0,2781,False,Math,False,0,Total
dynamic_few_shot_k3,qwen3-14b,v2_json_fewshot_k3,6813,3,4,0,0,True,1.0,4103,False,Math,True,1,Total
dynamic_few_shot_k3,qwen3-14b,v2_json_fewshot_k3,6815,3,4,1,1,True,1.0,3014,False,Math,True,1,Total
dynamic_few_shot_k3,qwen3-14b,v2_json_fewshot_k3,6816,3,1,3,3,True,1.0,3066,False,Math,True,1,Total
dynamic_few_shot_k3,qwen3-14b,v2_json_fewshot_k3,6817,3,3,1,1,True,1.0,7709,False,Math,True,1,Total
dynamic_few_shot_k3,qwen3-14b,v2_json_fewshot_k3,6818,3,1,1,0,False,1.0,3161,False,Math,False,0,Total
dynamic_few_shot_k3,qwen3-14b,v2_json_fewshot_k3,6819,3,2,3,3,True,1.0,2842,False,Math,True,1,Total
dynamic_few_shot_k3,qwen3-14b,v2_json_fewshot_k3,6820,3,1,0,0,True,1.0,2898,False,Math,True,1,Total
dynamic_few_shot_k3,qwen3-14b,v2_json_fewshot_k3,6821,3,1,0,0,True,1.0,12702,False,Math,True,1,Total
dynamic_few_shot_k3,qwen3-14b,v2_json_fewshot_k3,6822,3,3,2,2,True,1.0,11266,False,Math,True,1,Total
dynamic_few_shot_k3,qwen3-14b,v2_json_fewshot_k3,6823,3,2,3,3,True,1.0,3153,False,Math,True,1,Total
dynamic_few_shot_k3,qwen3-14b,v2_json_fewshot_k3,6824,3,4,2,2,True,1.0,2810,False,Math,True,1,Total
dynamic_few_shot_k3,qwen3-14b,v2_json_fewshot_k3,6825,3,1,3,3,True,1.0,2706,False,Math,True,1,Total
dynamic_few_shot_k3,qwen3-14b,v2_json_fewshot_k3,6826,3,1,0,0,True,1.0,19033,False,Math,True,1,Total
dynamic_few_shot_k3,qwen3-14b,v2_json_fewshot_k3,6827,3,2,2,2,True,1.0,3133,False,Math,True,1,Total
dynamic_few_shot_k3,qwen3-14b,v2_json_fewshot_k3,6828,3,4,0,1,False,1.0,3039,False,Math,False,0,Total
dynamic_few_shot_k3,qwen3-14b,v2_json_fewshot_k3,6829,3,7,0,3,False,1.0,3100,False,Math,False,0,Total
dynamic_few_shot_k3,qwen3-14b,v2_json_fewshot_k3,6830,3,3,0,0,True,1.0,3205,False,Math,True,1,Total
dynamic_few_shot_k3,qwen3-14b,v2_json_fewshot_k3,6831,3,4,2,0,False,1.0,11164,False,Math,False,0,Total
dynamic_few_shot_k3,qwen3-14b,v2_json_fewshot_k3,6832,3,15,2,2,True,1.0,2951,False,Math,True,1,Total
dynamic_few_shot_k3,qwen3-14b,v2_json_fewshot_k3,6833,3,4,2,2,True,1.0,4417,False,Math,True,1,Total
dynamic_few_shot_k3,qwen3-14b,v2_json_fewshot_k3,6834,3,5,3,3,True,1.0,2960,False,Math,True,1,Total
dynamic_few_shot_k3,qwen3-14b,v2_json_fewshot_k3,6835,3,5,2,2,True,1.0,2921,False,Math,True,1,Total
dynamic_few_shot_k3,qwen3-14b,v2_json_fewshot_k3,6836,3,1,3,3,True,1.0,2812,False,Math,True,1,Total
dynamic_few_shot_k3,qwen3-14b,v2_json_fewshot_k3,6837,3,1,3,3,True,1.0,3164,False,Math,True,1,Total
dynamic_few_shot_k3,qwen3-14b,v2_json_fewshot_k3,6838,3,4,3,3,True,1.0,2633,False,Math,True,1,Total
dynamic_few_shot_k3,qwen3-14b,v2_json_fewshot_k3,6839,3,6,3,1,False,1.0,2988,False,Math,False,0,Total
dynamic_few_shot_k3,qwen3-14b,v2_json_fewshot_k3,6840,3,3,2,2,True,1.0,3622,False,Math,True,1,Total
dynamic_few_shot_k3,qwen3-14b,v2_json_fewshot_k3,6841,3,4,3,0,False,1.0,2813,False,Math,False,0,Total
dynamic_few_shot_k3,qwen3-14b,v2_json_fewshot_k3,6842,3,1,2,3,False,1.0,3032,False,Math,False,0,Total
dynamic_few_shot_k3,qwen3-14b,v2_json_fewshot_k3,6843,3,5,2,2,True,1.0,7429,False,Math,True,1,Total
dynamic_few_shot_k3,qwen3-14b,v2_json_fewshot_k3,6844,3,3,2,2,True,1.0,3048,False,Math,True,1,Total
dynamic_few_shot_k3,qwen3-14b,v2_json_fewshot_k3,6845,3,1,0,0,True,1.0,3375,False,Math,True,1,Total
dynamic_few_shot_k3,qwen3-14b,v2_json_fewshot_k3,6846,3,10,1,1,True,1.0,3522,True,Math,True,1,Total
dynamic_few_shot_k3,qwen3-14b,v2_json_fewshot_k3,6847,3,1,3,0,False,1.0,3147,False,Math,False,0,Total
dynamic_few_shot_k3,qwen3-14b,v2_json_fewshot_k3,6848,3,1,0,0,True,1.0,12080,False,Math,True,1,Total
dynamic_few_shot_k3,qwen3-14b,v2_json_fewshot_k3,6849,3,2,0,0,True,1.0,7572,False,Math,True,1,Total
dynamic_few_shot_k3,qwen3-14b,v2_json_fewshot_k3,6850,3,1,2,2,True,1.0,3083,False,Math,True,1,Total
dynamic_few_shot_k3,qwen3-14b,v2_json_fewshot_k3,6851,3,3,0,3,False,1.0,2900,False,Math,False,0,Total
dynamic_few_shot_k3,qwen3-14b,v2_json_fewshot_k3,6852,3,4,0,0,True,1.0,2715,False,Math,True,1,Total
