strategy_name,model_name,prompt_version,question_id,competition_id,level,predicted_option_id,correct_option_id,correct,confidence,latency_ms,generated_answer,Category,correct_bool,correct_int
zero_shot,phi4-14b,v1,2,0,7,2,2,True,4.0,8193,False,Entertainment,True,1
zero_shot,phi4-14b,v1,3,0,3,2,2,True,5.0,9612,False,Entertainment,True,1
zero_shot,phi4-14b,v1,7,0,14,2,2,True,4.0,6693,False,Entertainment,True,1
zero_shot,phi4-14b,v1,8,0,6,0,0,True,1.0,7298,False,Entertainment,True,1
zero_shot,phi4-14b,v1,9,0,4,1,1,True,95.0,7362,False,Entertainment,True,1
zero_shot,phi4-14b,v1,10,0,2,2,0,False,4.0,7399,False,Entertainment,False,0
zero_shot,phi4-14b,v1,11,0,5,3,3,True,1.0,9029,False,Entertainment,True,1
zero_shot,phi4-14b,v1,12,0,4,0,2,False,1.0,10680,False,Entertainment,False,0
zero_shot,phi4-14b,v1,13,0,15,0,0,True,1.0,7660,False,Entertainment,True,1
zero_shot,phi4-14b,v1,14,0,5,2,2,True,95.0,9434,False,Entertainment,True,1
zero_shot,phi4-14b,v1,15,0,2,3,3,True,95.0,9086,False,Entertainment,True,1
zero_shot,phi4-14b,v1,16,0,1,2,2,True,1.0,8735,False,Entertainment,True,1
zero_shot,phi4-14b,v1,17,0,6,2,2,True,4.0,10192,False,Entertainment,True,1
zero_shot,phi4-14b,v1,19,0,8,3,3,True,4.0,7219,False,Entertainment,True,1
zero_shot,phi4-14b,v1,20,0,4,0,0,True,0.9,13391,False,Entertainment,True,1
zero_shot,phi4-14b,v1,21,0,7,0,0,True,1.0,8236,False,Entertainment,True,1
zero_shot,phi4-14b,v1,23,0,1,3,0,False,4.0,6619,False,Entertainment,False,0
zero_shot,phi4-14b,v1,26,0,7,1,1,True,1.0,9219,False,Entertainment,True,1
zero_shot,phi4-14b,v1,27,0,2,3,3,True,0.7,11760,False,Entertainment,True,1
zero_shot,phi4-14b,v1,28,0,1,2,2,True,1.0,9796,False,Entertainment,True,1
zero_shot,phi4-14b,v1,34,0,1,1,1,True,1.0,9498,False,Entertainment,True,1
zero_shot,phi4-14b,v1,35,0,5,3,3,True,1.0,9494,False,Entertainment,True,1
zero_shot,phi4-14b,v1,36,0,14,2,2,True,5.0,10020,False,Entertainment,True,1
zero_shot,phi4-14b,v1,40,0,3,1,1,True,1.0,9853,False,Entertainment,True,1
zero_shot,phi4-14b,v1,42,0,1,0,0,True,95.0,7262,False,Entertainment,True,1
zero_shot,phi4-14b,v1,44,0,3,2,2,True,4.0,9957,False,Entertainment,True,1
zero_shot,phi4-14b,v1,45,0,1,2,2,True,1.0,6152,False,Entertainment,True,1
zero_shot,phi4-14b,v1,46,0,12,0,0,True,4.0,6910,False,Entertainment,True,1
zero_shot,phi4-14b,v1,47,0,14,2,2,True,5.0,7934,False,Entertainment,True,1
zero_shot,phi4-14b,v1,48,0,2,2,2,True,0.9,11768,False,Entertainment,True,1
zero_shot,phi4-14b,v1,49,0,5,2,2,True,5.0,8274,False,Entertainment,True,1
zero_shot,phi4-14b,v1,51,0,1,3,3,True,1.0,9483,False,Entertainment,True,1
zero_shot,phi4-14b,v1,53,0,7,0,0,True,4.0,6676,False,Entertainment,True,1
zero_shot,phi4-14b,v1,55,0,7,0,0,True,1.0,10150,False,Entertainment,True,1
zero_shot,phi4-14b,v1,57,0,11,1,1,True,0.9,9670,False,Entertainment,True,1
zero_shot,phi4-14b,v1,60,0,2,1,1,True,4.0,10106,False,Entertainment,True,1
zero_shot,phi4-14b,v1,61,0,2,2,2,True,0.9,9251,False,Entertainment,True,1
zero_shot,phi4-14b,v1,62,0,3,0,0,True,1.0,7176,False,Entertainment,True,1
zero_shot,phi4-14b,v1,63,0,3,3,3,True,1.0,9274,False,Entertainment,True,1
zero_shot,phi4-14b,v1,64,0,7,1,1,True,1.0,6758,False,Entertainment,True,1
zero_shot,phi4-14b,v1,65,0,11,0,0,True,1.0,12031,False,Entertainment,True,1
zero_shot,phi4-14b,v1,66,0,12,1,1,True,1.0,8437,False,Entertainment,True,1
zero_shot,phi4-14b,v1,69,0,10,1,1,True,4.0,6959,False,Entertainment,True,1
zero_shot,phi4-14b,v1,70,0,1,3,3,True,1.0,9557,False,Entertainment,True,1
zero_shot,phi4-14b,v1,72,0,9,1,1,True,4.0,10778,False,Entertainment,True,1
zero_shot,phi4-14b,v1,73,0,2,3,1,False,0.8,10776,False,Entertainment,False,0
zero_shot,phi4-14b,v1,75,0,15,3,3,True,1.0,7841,False,Entertainment,True,1
zero_shot,phi4-14b,v1,76,0,4,3,1,False,1.0,7536,False,Entertainment,False,0
zero_shot,phi4-14b,v1,77,0,1,0,0,True,5.0,6758,False,Entertainment,True,1
zero_shot,phi4-14b,v1,78,0,6,0,0,True,4.0,9984,False,Entertainment,True,1
zero_shot,phi4-14b,v1,80,0,6,3,3,True,0.9,10419,False,Entertainment,True,1
zero_shot,phi4-14b,v1,82,0,8,3,3,True,1.0,9505,False,Entertainment,True,1
zero_shot,phi4-14b,v1,83,0,15,1,1,True,1.0,10210,False,Entertainment,True,1
zero_shot,phi4-14b,v1,86,0,8,1,1,True,95.0,8393,False,Entertainment,True,1
zero_shot,phi4-14b,v1,88,0,4,3,3,True,0.9,8912,False,Entertainment,True,1
zero_shot,phi4-14b,v1,89,0,1,3,3,True,4.0,7155,False,Entertainment,True,1
zero_shot,phi4-14b,v1,90,0,2,0,3,False,95.0,13479,False,Entertainment,False,0
zero_shot,phi4-14b,v1,91,0,2,1,1,True,1.0,7528,False,Entertainment,True,1
zero_shot,phi4-14b,v1,93,0,6,3,3,True,0.9,11445,False,Entertainment,True,1
zero_shot,phi4-14b,v1,94,0,2,1,3,False,4.0,9936,False,Entertainment,False,0
zero_shot,phi4-14b,v1,96,0,2,1,1,True,1.0,7368,False,Entertainment,True,1
zero_shot,phi4-14b,v1,98,0,3,2,1,False,4.0,7432,False,Entertainment,False,0
zero_shot,phi4-14b,v1,99,0,2,0,0,True,4.0,7942,False,Entertainment,True,1
zero_shot,phi4-14b,v1,101,0,1,1,1,True,4.0,8768,False,Entertainment,True,1
zero_shot,phi4-14b,v1,103,0,9,1,1,True,5.0,10033,False,Entertainment,True,1
zero_shot,phi4-14b,v1,104,0,1,0,2,False,1.0,10586,False,Entertainment,False,0
zero_shot,phi4-14b,v1,106,0,3,2,2,True,5.0,10227,False,Entertainment,True,1
zero_shot,phi4-14b,v1,107,0,9,3,3,True,1.0,8741,False,Entertainment,True,1
zero_shot,phi4-14b,v1,108,0,3,0,0,True,1.0,8008,False,Entertainment,True,1
zero_shot,phi4-14b,v1,109,0,9,2,2,True,4.0,6721,False,Entertainment,True,1
zero_shot,phi4-14b,v1,110,0,6,3,3,True,0.8,10423,False,Entertainment,True,1
zero_shot,phi4-14b,v1,111,0,9,2,2,True,0.9,9799,False,Entertainment,True,1
zero_shot,phi4-14b,v1,112,0,1,3,3,True,0.9,7192,False,Entertainment,True,1
zero_shot,phi4-14b,v1,113,0,1,1,1,True,95.0,6833,False,Entertainment,True,1
zero_shot,phi4-14b,v1,115,0,5,1,1,True,4.0,7459,False,Entertainment,True,1
zero_shot,phi4-14b,v1,117,0,5,3,3,True,1.0,7323,False,Entertainment,True,1
zero_shot,phi4-14b,v1,118,0,6,3,3,True,1.0,11766,False,Entertainment,True,1
zero_shot,phi4-14b,v1,119,0,7,0,0,True,0.9,9498,False,Entertainment,True,1
zero_shot,phi4-14b,v1,121,0,4,2,0,False,5.0,7116,False,Entertainment,False,0
zero_shot,phi4-14b,v1,122,0,3,0,0,True,1.0,9533,False,Entertainment,True,1
zero_shot,phi4-14b,v1,124,0,6,2,2,True,4.0,6996,False,Entertainment,True,1
zero_shot,phi4-14b,v1,125,0,15,3,3,True,1.0,8197,False,Entertainment,True,1
zero_shot,phi4-14b,v1,126,0,11,1,1,True,1.0,10235,False,Entertainment,True,1
zero_shot,phi4-14b,v1,128,0,2,3,0,False,0.9,10897,False,Entertainment,False,0
zero_shot,phi4-14b,v1,130,0,9,2,2,True,1.0,11323,False,Entertainment,True,1
zero_shot,phi4-14b,v1,132,0,8,2,2,True,4.0,10080,False,Entertainment,True,1
zero_shot,phi4-14b,v1,133,0,2,3,3,True,4.0,10582,False,Entertainment,True,1
zero_shot,phi4-14b,v1,134,0,12,3,3,True,0.8,10704,False,Entertainment,True,1
zero_shot,phi4-14b,v1,136,0,4,0,1,False,1.0,7812,False,Entertainment,False,0
zero_shot,phi4-14b,v1,139,0,6,0,0,True,95.0,9556,False,Entertainment,True,1
zero_shot,phi4-14b,v1,140,0,1,0,3,False,4.0,10566,False,Entertainment,False,0
zero_shot,phi4-14b,v1,143,0,9,3,3,True,1.0,10886,False,Entertainment,True,1
zero_shot,phi4-14b,v1,144,0,6,0,0,True,1.0,11514,False,Entertainment,True,1
zero_shot,phi4-14b,v1,145,0,12,1,1,True,0.9,7769,False,Entertainment,True,1
zero_shot,phi4-14b,v1,146,0,6,3,3,True,1.0,8380,False,Entertainment,True,1
zero_shot,phi4-14b,v1,147,0,1,2,2,True,5.0,6908,False,Entertainment,True,1
zero_shot,phi4-14b,v1,148,0,10,1,1,True,95.0,8851,False,Entertainment,True,1
zero_shot,phi4-14b,v1,149,0,7,2,2,True,1.0,8707,False,Entertainment,True,1
zero_shot,phi4-14b,v1,150,0,3,1,1,True,0.9,10033,False,Entertainment,True,1
zero_shot,phi4-14b,v1,152,0,8,3,3,True,95.0,8058,False,Entertainment,True,1
zero_shot,phi4-14b,v1,154,0,2,0,0,True,4.0,9449,False,Entertainment,True,1
zero_shot,phi4-14b,v1,156,0,1,3,3,True,0.8,11338,False,Entertainment,True,1
zero_shot,phi4-14b,v1,157,0,3,2,2,True,0.9,9091,False,Entertainment,True,1
zero_shot,phi4-14b,v1,159,0,6,2,3,False,0.9,8995,False,Entertainment,False,0
zero_shot,phi4-14b,v1,160,0,2,1,1,True,95.0,8630,False,Entertainment,True,1
zero_shot,phi4-14b,v1,162,0,1,0,0,True,1.0,7464,False,Entertainment,True,1
zero_shot,phi4-14b,v1,165,0,5,1,3,False,0.9,7043,False,Entertainment,False,0
zero_shot,phi4-14b,v1,166,0,2,2,2,True,1.0,9224,False,Entertainment,True,1
zero_shot,phi4-14b,v1,167,0,4,3,3,True,1.0,8647,False,Entertainment,True,1
zero_shot,phi4-14b,v1,169,0,1,0,0,True,1.0,8199,False,Entertainment,True,1
zero_shot,phi4-14b,v1,173,0,5,0,3,False,1.0,11421,False,Entertainment,False,0
zero_shot,phi4-14b,v1,174,0,2,1,1,True,1.0,8492,False,Entertainment,True,1
zero_shot,phi4-14b,v1,175,0,2,2,2,True,95.0,8128,False,Entertainment,True,1
zero_shot,phi4-14b,v1,176,0,2,2,2,True,1.0,7245,False,Entertainment,True,1
zero_shot,phi4-14b,v1,180,0,1,2,2,True,5.0,6978,False,Entertainment,True,1
zero_shot,phi4-14b,v1,181,0,11,1,1,True,0.9,11325,False,Entertainment,True,1
zero_shot,phi4-14b,v1,182,0,3,0,0,True,1.0,10007,False,Entertainment,True,1
zero_shot,phi4-14b,v1,183,0,10,2,1,False,1.0,6441,False,Entertainment,False,0
zero_shot,phi4-14b,v1,184,0,13,1,1,True,4.0,8137,False,Entertainment,True,1
zero_shot,phi4-14b,v1,186,0,3,3,3,True,5.0,10784,False,Entertainment,True,1
zero_shot,phi4-14b,v1,187,0,8,3,3,True,4.0,8852,False,Entertainment,True,1
zero_shot,phi4-14b,v1,188,0,6,2,2,True,0.8,10649,False,Entertainment,True,1
zero_shot,phi4-14b,v1,189,0,8,3,3,True,85.0,10256,False,Entertainment,True,1
zero_shot,phi4-14b,v1,190,0,5,2,2,True,4.0,9115,False,Entertainment,True,1
zero_shot,phi4-14b,v1,191,0,1,0,0,True,1.0,7474,False,Entertainment,True,1
zero_shot,phi4-14b,v1,192,0,6,3,3,True,4.0,8010,False,Entertainment,True,1
zero_shot,phi4-14b,v1,193,0,8,2,2,True,0.9,7480,False,Entertainment,True,1
zero_shot,phi4-14b,v1,194,0,7,1,1,True,4.0,9710,False,Entertainment,True,1
zero_shot,phi4-14b,v1,195,0,1,3,3,True,1.0,7284,False,Entertainment,True,1
zero_shot,phi4-14b,v1,196,0,7,0,0,True,4.0,11286,False,Entertainment,True,1
zero_shot,phi4-14b,v1,197,0,2,3,3,True,1.0,9711,False,Entertainment,True,1
zero_shot,phi4-14b,v1,198,0,10,0,3,False,4.0,7810,False,Entertainment,False,0
zero_shot,phi4-14b,v1,202,0,8,0,0,True,5.0,8114,False,Entertainment,True,1
zero_shot,phi4-14b,v1,203,0,2,3,3,True,1.0,9773,False,Entertainment,True,1
zero_shot,phi4-14b,v1,204,0,3,0,1,False,4.0,8297,False,Entertainment,False,0
zero_shot,phi4-14b,v1,205,0,3,1,3,False,0.8,9715,False,Entertainment,False,0
zero_shot,phi4-14b,v1,206,0,8,0,0,True,4.0,7324,False,Entertainment,True,1
zero_shot,phi4-14b,v1,207,0,5,2,2,True,1.0,9790,False,Entertainment,True,1
zero_shot,phi4-14b,v1,208,0,10,2,2,True,1.0,6833,False,Entertainment,True,1
zero_shot,phi4-14b,v1,209,0,2,3,3,True,1.0,7130,False,Entertainment,True,1
zero_shot,phi4-14b,v1,210,0,9,1,1,True,5.0,6683,False,Entertainment,True,1
zero_shot,phi4-14b,v1,213,0,10,1,1,True,95.0,10462,False,Entertainment,True,1
zero_shot,phi4-14b,v1,214,0,10,2,2,True,0.9,8604,False,Entertainment,True,1
zero_shot,phi4-14b,v1,215,0,8,3,3,True,1.0,9602,False,Entertainment,True,1
zero_shot,phi4-14b,v1,216,0,10,2,2,True,5.0,10254,False,Entertainment,True,1
zero_shot,phi4-14b,v1,217,0,9,0,0,True,4.0,9662,False,Entertainment,True,1
zero_shot,phi4-14b,v1,218,0,7,2,2,True,5.0,8864,False,Entertainment,True,1
zero_shot,phi4-14b,v1,219,0,8,1,1,True,0.9,10604,False,Entertainment,True,1
zero_shot,phi4-14b,v1,222,0,2,2,2,True,0.9,8359,False,Entertainment,True,1
zero_shot,phi4-14b,v1,223,0,3,2,2,True,0.9,10510,False,Entertainment,True,1
zero_shot,phi4-14b,v1,224,0,1,3,3,True,95.0,8997,False,Entertainment,True,1
zero_shot,phi4-14b,v1,225,0,10,3,3,True,4.0,9060,False,Entertainment,True,1
zero_shot,phi4-14b,v1,227,0,7,0,0,True,0.9,11522,False,Entertainment,True,1
zero_shot,phi4-14b,v1,229,0,3,2,2,True,1.0,9098,False,Entertainment,True,1
zero_shot,phi4-14b,v1,230,0,1,2,2,True,4.0,7423,False,Entertainment,True,1
zero_shot,phi4-14b,v1,231,0,8,0,0,True,0.9,9585,False,Entertainment,True,1
zero_shot,phi4-14b,v1,232,0,10,0,0,True,4.0,8696,False,Entertainment,True,1
zero_shot,phi4-14b,v1,233,0,2,0,0,True,5.0,8036,False,Entertainment,True,1
zero_shot,phi4-14b,v1,234,0,6,2,0,False,4.0,10573,False,Entertainment,False,0
zero_shot,phi4-14b,v1,235,0,2,2,2,True,1.0,7758,False,Entertainment,True,1
zero_shot,phi4-14b,v1,236,0,4,0,0,True,1.0,6933,False,Entertainment,True,1
zero_shot,phi4-14b,v1,237,0,11,0,0,True,0.9,8567,False,Entertainment,True,1
zero_shot,phi4-14b,v1,240,0,1,1,1,True,1.0,7839,False,Entertainment,True,1
zero_shot,phi4-14b,v1,241,0,4,1,1,True,0.9,8741,False,Entertainment,True,1
zero_shot,phi4-14b,v1,245,0,1,0,0,True,0.9,10093,False,Entertainment,True,1
zero_shot,phi4-14b,v1,247,0,8,3,3,True,0.9,10168,False,Entertainment,True,1
zero_shot,phi4-14b,v1,248,0,4,1,1,True,1.0,7952,False,Entertainment,True,1
zero_shot,phi4-14b,v1,250,0,3,3,3,True,1.0,9677,False,Entertainment,True,1
zero_shot,phi4-14b,v1,254,0,15,0,0,True,5.0,9380,False,Entertainment,True,1
zero_shot,phi4-14b,v1,256,0,8,2,2,True,4.0,8399,False,Entertainment,True,1
zero_shot,phi4-14b,v1,258,0,1,1,1,True,5.0,8086,False,Entertainment,True,1
zero_shot,phi4-14b,v1,259,0,2,2,2,True,4.0,9282,False,Entertainment,True,1
zero_shot,phi4-14b,v1,260,0,1,0,0,True,1.0,7963,False,Entertainment,True,1
zero_shot,phi4-14b,v1,261,0,3,3,3,True,1.0,9029,False,Entertainment,True,1
zero_shot,phi4-14b,v1,264,0,15,2,2,True,4.0,8461,False,Entertainment,True,1
zero_shot,phi4-14b,v1,266,0,6,0,0,True,1.0,9763,False,Entertainment,True,1
zero_shot,phi4-14b,v1,267,0,12,2,2,True,4.0,8552,False,Entertainment,True,1
zero_shot,phi4-14b,v1,268,0,1,3,3,True,1.0,9748,False,Entertainment,True,1
zero_shot,phi4-14b,v1,269,0,10,3,3,True,95.0,9685,False,Entertainment,True,1
zero_shot,phi4-14b,v1,270,0,13,3,3,True,4.0,11252,False,Entertainment,True,1
zero_shot,phi4-14b,v1,271,0,1,2,2,True,1.0,10496,False,Entertainment,True,1
zero_shot,phi4-14b,v1,274,0,4,0,0,True,1.0,11370,False,Entertainment,True,1
zero_shot,phi4-14b,v1,275,0,5,1,1,True,1.0,7925,False,Entertainment,True,1
zero_shot,phi4-14b,v1,276,0,4,2,2,True,4.0,9818,False,Entertainment,True,1
zero_shot,phi4-14b,v1,280,0,1,1,1,True,95.0,5731,False,Entertainment,True,1
zero_shot,phi4-14b,v1,281,0,2,0,0,True,0.8,10607,False,Entertainment,True,1
zero_shot,phi4-14b,v1,283,0,15,0,0,True,95.0,7883,False,Entertainment,True,1
zero_shot,phi4-14b,v1,285,0,8,3,3,True,5.0,8455,False,Entertainment,True,1
zero_shot,phi4-14b,v1,287,0,5,0,0,True,5.0,8633,False,Entertainment,True,1
zero_shot,phi4-14b,v1,288,0,4,2,2,True,0.8,9447,False,Entertainment,True,1
zero_shot,phi4-14b,v1,289,0,3,0,0,True,1.0,10265,False,Entertainment,True,1
zero_shot,phi4-14b,v1,290,0,7,3,3,True,0.9,10097,False,Entertainment,True,1
zero_shot,phi4-14b,v1,291,0,14,3,3,True,4.0,10415,False,Entertainment,True,1
zero_shot,phi4-14b,v1,292,0,1,1,3,False,0.9,8598,False,Entertainment,False,0
zero_shot,phi4-14b,v1,293,0,10,0,0,True,5.0,8634,False,Entertainment,True,1
zero_shot,phi4-14b,v1,297,0,8,1,1,True,4.0,9946,False,Entertainment,True,1
zero_shot,phi4-14b,v1,299,0,5,0,0,True,95.0,8004,False,Entertainment,True,1
zero_shot,phi4-14b,v1,300,0,2,2,2,True,1.0,5772,False,Entertainment,True,1
zero_shot,phi4-14b,v1,301,0,5,1,1,True,4.0,9256,False,Entertainment,True,1
zero_shot,phi4-14b,v1,302,0,13,2,2,True,0.9,9734,False,Entertainment,True,1
dynamic_few_shot_k3,phi4-14b,v2_json_fewshot_k3,2,0,7,2,2,True,1.0,8612,False,Entertainment,True,1
dynamic_few_shot_k3,phi4-14b,v2_json_fewshot_k3,3,0,3,2,2,True,1.0,6510,False,Entertainment,True,1
dynamic_few_shot_k3,phi4-14b,v2_json_fewshot_k3,7,0,14,2,2,True,1.0,9334,False,Entertainment,True,1
dynamic_few_shot_k3,phi4-14b,v2_json_fewshot_k3,8,0,6,0,0,True,1.0,9098,False,Entertainment,True,1
dynamic_few_shot_k3,phi4-14b,v2_json_fewshot_k3,9,0,4,1,1,True,1.0,9805,False,Entertainment,True,1
dynamic_few_shot_k3,phi4-14b,v2_json_fewshot_k3,10,0,2,2,0,False,0.9,9502,False,Entertainment,False,0
dynamic_few_shot_k3,phi4-14b,v2_json_fewshot_k3,11,0,5,3,3,True,1.0,7217,False,Entertainment,True,1
dynamic_few_shot_k3,phi4-14b,v2_json_fewshot_k3,12,0,4,0,2,False,1.0,5356,False,Entertainment,False,0
dynamic_few_shot_k3,phi4-14b,v2_json_fewshot_k3,13,0,15,0,0,True,1.0,7397,False,Entertainment,True,1
dynamic_few_shot_k3,phi4-14b,v2_json_fewshot_k3,14,0,5,2,2,True,1.0,10361,False,Entertainment,True,1
dynamic_few_shot_k3,phi4-14b,v2_json_fewshot_k3,15,0,2,3,3,True,0.9,8143,False,Entertainment,True,1
dynamic_few_shot_k3,phi4-14b,v2_json_fewshot_k3,16,0,1,2,2,True,1.0,8719,False,Entertainment,True,1
dynamic_few_shot_k3,phi4-14b,v2_json_fewshot_k3,17,0,6,2,2,True,1.0,7463,False,Entertainment,True,1
dynamic_few_shot_k3,phi4-14b,v2_json_fewshot_k3,19,0,8,3,3,True,1.0,5711,False,Entertainment,True,1
dynamic_few_shot_k3,phi4-14b,v2_json_fewshot_k3,20,0,4,3,0,False,1.0,8472,False,Entertainment,False,0
dynamic_few_shot_k3,phi4-14b,v2_json_fewshot_k3,21,0,7,0,0,True,1.0,5415,False,Entertainment,True,1
dynamic_few_shot_k3,phi4-14b,v2_json_fewshot_k3,23,0,1,3,0,False,1.0,6343,False,Entertainment,False,0
dynamic_few_shot_k3,phi4-14b,v2_json_fewshot_k3,26,0,7,1,1,True,1.0,6954,False,Entertainment,True,1
dynamic_few_shot_k3,phi4-14b,v2_json_fewshot_k3,27,0,2,3,3,True,1.0,6479,False,Entertainment,True,1
dynamic_few_shot_k3,phi4-14b,v2_json_fewshot_k3,28,0,1,2,2,True,1.0,10346,False,Entertainment,True,1
dynamic_few_shot_k3,phi4-14b,v2_json_fewshot_k3,34,0,1,1,1,True,1.0,6585,False,Entertainment,True,1
dynamic_few_shot_k3,phi4-14b,v2_json_fewshot_k3,35,0,5,3,3,True,1.0,5396,False,Entertainment,True,1
dynamic_few_shot_k3,phi4-14b,v2_json_fewshot_k3,36,0,14,2,2,True,1.0,8270,False,Entertainment,True,1
dynamic_few_shot_k3,phi4-14b,v2_json_fewshot_k3,40,0,3,1,1,True,1.0,9167,False,Entertainment,True,1
dynamic_few_shot_k3,phi4-14b,v2_json_fewshot_k3,42,0,1,0,0,True,1.0,6534,False,Entertainment,True,1
dynamic_few_shot_k3,phi4-14b,v2_json_fewshot_k3,44,0,3,2,2,True,1.0,9019,False,Entertainment,True,1
dynamic_few_shot_k3,phi4-14b,v2_json_fewshot_k3,45,0,1,2,2,True,0.9,9682,False,Entertainment,True,1
dynamic_few_shot_k3,phi4-14b,v2_json_fewshot_k3,46,0,12,0,0,True,1.0,8009,False,Entertainment,True,1
dynamic_few_shot_k3,phi4-14b,v2_json_fewshot_k3,47,0,14,2,2,True,1.0,7417,False,Entertainment,True,1
dynamic_few_shot_k3,phi4-14b,v2_json_fewshot_k3,48,0,2,2,2,True,1.0,8958,False,Entertainment,True,1
dynamic_few_shot_k3,phi4-14b,v2_json_fewshot_k3,49,0,5,2,2,True,1.0,7199,False,Entertainment,True,1
dynamic_few_shot_k3,phi4-14b,v2_json_fewshot_k3,51,0,1,3,3,True,1.0,6914,False,Entertainment,True,1
dynamic_few_shot_k3,phi4-14b,v2_json_fewshot_k3,53,0,7,0,0,True,0.9,6104,False,Entertainment,True,1
dynamic_few_shot_k3,phi4-14b,v2_json_fewshot_k3,55,0,7,0,0,True,1.0,8532,False,Entertainment,True,1
dynamic_few_shot_k3,phi4-14b,v2_json_fewshot_k3,57,0,11,1,1,True,1.0,7373,False,Entertainment,True,1
dynamic_few_shot_k3,phi4-14b,v2_json_fewshot_k3,60,0,2,1,1,True,1.0,4544,False,Entertainment,True,1
dynamic_few_shot_k3,phi4-14b,v2_json_fewshot_k3,61,0,2,2,2,True,1.0,6805,False,Entertainment,True,1
dynamic_few_shot_k3,phi4-14b,v2_json_fewshot_k3,62,0,3,0,0,True,1.0,4591,False,Entertainment,True,1
dynamic_few_shot_k3,phi4-14b,v2_json_fewshot_k3,63,0,3,3,3,True,1.0,7310,False,Entertainment,True,1
dynamic_few_shot_k3,phi4-14b,v2_json_fewshot_k3,64,0,7,1,1,True,1.0,7025,False,Entertainment,True,1
dynamic_few_shot_k3,phi4-14b,v2_json_fewshot_k3,65,0,11,0,0,True,1.0,8839,False,Entertainment,True,1
dynamic_few_shot_k3,phi4-14b,v2_json_fewshot_k3,66,0,12,1,1,True,1.0,10155,False,Entertainment,True,1
dynamic_few_shot_k3,phi4-14b,v2_json_fewshot_k3,69,0,10,1,1,True,0.9,8927,False,Entertainment,True,1
dynamic_few_shot_k3,phi4-14b,v2_json_fewshot_k3,70,0,1,3,3,True,1.0,9808,False,Entertainment,True,1
dynamic_few_shot_k3,phi4-14b,v2_json_fewshot_k3,72,0,9,1,1,True,1.0,6175,False,Entertainment,True,1
dynamic_few_shot_k3,phi4-14b,v2_json_fewshot_k3,73,0,2,2,1,False,1.0,9584,False,Entertainment,False,0
dynamic_few_shot_k3,phi4-14b,v2_json_fewshot_k3,75,0,15,3,3,True,1.0,6941,False,Entertainment,True,1
dynamic_few_shot_k3,phi4-14b,v2_json_fewshot_k3,76,0,4,3,1,False,1.0,9620,False,Entertainment,False,0
dynamic_few_shot_k3,phi4-14b,v2_json_fewshot_k3,77,0,1,0,0,True,1.0,7097,False,Entertainment,True,1
dynamic_few_shot_k3,phi4-14b,v2_json_fewshot_k3,78,0,6,0,0,True,1.0,8711,False,Entertainment,True,1
dynamic_few_shot_k3,phi4-14b,v2_json_fewshot_k3,80,0,6,3,3,True,1.0,7097,False,Entertainment,True,1
dynamic_few_shot_k3,phi4-14b,v2_json_fewshot_k3,82,0,8,3,3,True,1.0,8495,False,Entertainment,True,1
dynamic_few_shot_k3,phi4-14b,v2_json_fewshot_k3,83,0,15,1,1,True,1.0,8309,False,Entertainment,True,1
dynamic_few_shot_k3,phi4-14b,v2_json_fewshot_k3,86,0,8,1,1,True,1.0,9853,False,Entertainment,True,1
dynamic_few_shot_k3,phi4-14b,v2_json_fewshot_k3,88,0,4,3,3,True,1.0,7607,False,Entertainment,True,1
dynamic_few_shot_k3,phi4-14b,v2_json_fewshot_k3,89,0,1,3,3,True,1.0,5882,False,Entertainment,True,1
dynamic_few_shot_k3,phi4-14b,v2_json_fewshot_k3,90,0,2,0,3,False,1.0,11676,False,Entertainment,False,0
dynamic_few_shot_k3,phi4-14b,v2_json_fewshot_k3,91,0,2,1,1,True,1.0,5421,False,Entertainment,True,1
dynamic_few_shot_k3,phi4-14b,v2_json_fewshot_k3,93,0,6,3,3,True,1.0,7676,False,Entertainment,True,1
dynamic_few_shot_k3,phi4-14b,v2_json_fewshot_k3,94,0,2,3,3,True,1.0,9163,False,Entertainment,True,1
dynamic_few_shot_k3,phi4-14b,v2_json_fewshot_k3,96,0,2,1,1,True,1.0,9485,False,Entertainment,True,1
dynamic_few_shot_k3,phi4-14b,v2_json_fewshot_k3,98,0,3,2,1,False,1.0,6007,False,Entertainment,False,0
dynamic_few_shot_k3,phi4-14b,v2_json_fewshot_k3,99,0,2,0,0,True,0.9,6469,False,Entertainment,True,1
dynamic_few_shot_k3,phi4-14b,v2_json_fewshot_k3,101,0,1,1,1,True,1.0,7994,False,Entertainment,True,1
dynamic_few_shot_k3,phi4-14b,v2_json_fewshot_k3,103,0,9,1,1,True,1.0,12382,False,Entertainment,True,1
dynamic_few_shot_k3,phi4-14b,v2_json_fewshot_k3,104,0,1,2,2,True,1.0,6311,False,Entertainment,True,1
dynamic_few_shot_k3,phi4-14b,v2_json_fewshot_k3,106,0,3,2,2,True,1.0,11381,False,Entertainment,True,1
dynamic_few_shot_k3,phi4-14b,v2_json_fewshot_k3,107,0,9,3,3,True,1.0,8346,False,Entertainment,True,1
dynamic_few_shot_k3,phi4-14b,v2_json_fewshot_k3,108,0,3,0,0,True,1.0,6897,False,Entertainment,True,1
dynamic_few_shot_k3,phi4-14b,v2_json_fewshot_k3,109,0,9,2,2,True,1.0,5876,False,Entertainment,True,1
dynamic_few_shot_k3,phi4-14b,v2_json_fewshot_k3,110,0,6,3,3,True,1.0,5765,False,Entertainment,True,1
dynamic_few_shot_k3,phi4-14b,v2_json_fewshot_k3,111,0,9,2,2,True,1.0,9612,False,Entertainment,True,1
dynamic_few_shot_k3,phi4-14b,v2_json_fewshot_k3,112,0,1,2,3,False,1.0,6310,False,Entertainment,False,0
dynamic_few_shot_k3,phi4-14b,v2_json_fewshot_k3,113,0,1,1,1,True,1.0,5308,False,Entertainment,True,1
dynamic_few_shot_k3,phi4-14b,v2_json_fewshot_k3,115,0,5,1,1,True,1.0,8932,False,Entertainment,True,1
dynamic_few_shot_k3,phi4-14b,v2_json_fewshot_k3,117,0,5,3,3,True,1.0,6161,False,Entertainment,True,1
dynamic_few_shot_k3,phi4-14b,v2_json_fewshot_k3,118,0,6,3,3,True,1.0,7634,False,Entertainment,True,1
dynamic_few_shot_k3,phi4-14b,v2_json_fewshot_k3,119,0,7,0,0,True,1.0,9598,False,Entertainment,True,1
dynamic_few_shot_k3,phi4-14b,v2_json_fewshot_k3,121,0,4,0,0,True,1.0,10168,False,Entertainment,True,1
dynamic_few_shot_k3,phi4-14b,v2_json_fewshot_k3,122,0,3,2,0,False,1.0,5693,False,Entertainment,False,0
dynamic_few_shot_k3,phi4-14b,v2_json_fewshot_k3,124,0,6,2,2,True,1.0,10488,False,Entertainment,True,1
dynamic_few_shot_k3,phi4-14b,v2_json_fewshot_k3,125,0,15,3,3,True,1.0,9956,False,Entertainment,True,1
dynamic_few_shot_k3,phi4-14b,v2_json_fewshot_k3,126,0,11,1,1,True,1.0,7263,False,Entertainment,True,1
dynamic_few_shot_k3,phi4-14b,v2_json_fewshot_k3,128,0,2,0,0,True,1.0,9271,False,Entertainment,True,1
dynamic_few_shot_k3,phi4-14b,v2_json_fewshot_k3,130,0,9,2,2,True,1.0,8279,False,Entertainment,True,1
dynamic_few_shot_k3,phi4-14b,v2_json_fewshot_k3,132,0,8,2,2,True,1.0,7937,False,Entertainment,True,1
dynamic_few_shot_k3,phi4-14b,v2_json_fewshot_k3,133,0,2,2,3,False,0.9,10255,False,Entertainment,False,0
dynamic_few_shot_k3,phi4-14b,v2_json_fewshot_k3,134,0,12,3,3,True,1.0,6992,False,Entertainment,True,1
dynamic_few_shot_k3,phi4-14b,v2_json_fewshot_k3,136,0,4,0,1,False,1.0,8035,False,Entertainment,False,0
dynamic_few_shot_k3,phi4-14b,v2_json_fewshot_k3,139,0,6,0,0,True,1.0,9372,False,Entertainment,True,1
dynamic_few_shot_k3,phi4-14b,v2_json_fewshot_k3,140,0,1,0,3,False,1.0,6806,False,Entertainment,False,0
dynamic_few_shot_k3,phi4-14b,v2_json_fewshot_k3,143,0,9,3,3,True,1.0,8095,False,Entertainment,True,1
dynamic_few_shot_k3,phi4-14b,v2_json_fewshot_k3,144,0,6,0,0,True,1.0,9437,False,Entertainment,True,1
dynamic_few_shot_k3,phi4-14b,v2_json_fewshot_k3,145,0,12,1,1,True,0.9,8054,False,Entertainment,True,1
dynamic_few_shot_k3,phi4-14b,v2_json_fewshot_k3,146,0,6,3,3,True,1.0,6466,False,Entertainment,True,1
dynamic_few_shot_k3,phi4-14b,v2_json_fewshot_k3,147,0,1,2,2,True,1.0,9865,False,Entertainment,True,1
dynamic_few_shot_k3,phi4-14b,v2_json_fewshot_k3,148,0,10,1,1,True,1.0,6848,False,Entertainment,True,1
dynamic_few_shot_k3,phi4-14b,v2_json_fewshot_k3,149,0,7,2,2,True,1.0,4665,False,Entertainment,True,1
dynamic_few_shot_k3,phi4-14b,v2_json_fewshot_k3,150,0,3,1,1,True,1.0,8574,False,Entertainment,True,1
dynamic_few_shot_k3,phi4-14b,v2_json_fewshot_k3,152,0,8,3,3,True,1.0,5592,False,Entertainment,True,1
dynamic_few_shot_k3,phi4-14b,v2_json_fewshot_k3,154,0,2,0,0,True,0.9,6970,False,Entertainment,True,1
dynamic_few_shot_k3,phi4-14b,v2_json_fewshot_k3,156,0,1,3,3,True,1.0,9215,False,Entertainment,True,1
dynamic_few_shot_k3,phi4-14b,v2_json_fewshot_k3,157,0,3,2,2,True,1.0,7522,False,Entertainment,True,1
dynamic_few_shot_k3,phi4-14b,v2_json_fewshot_k3,159,0,6,2,3,False,1.0,8590,False,Entertainment,False,0
dynamic_few_shot_k3,phi4-14b,v2_json_fewshot_k3,160,0,2,1,1,True,1.0,5323,False,Entertainment,True,1
dynamic_few_shot_k3,phi4-14b,v2_json_fewshot_k3,162,0,1,0,0,True,1.0,5930,False,Entertainment,True,1
dynamic_few_shot_k3,phi4-14b,v2_json_fewshot_k3,165,0,5,1,3,False,1.0,4464,False,Entertainment,False,0
dynamic_few_shot_k3,phi4-14b,v2_json_fewshot_k3,166,0,2,2,2,True,1.0,6707,False,Entertainment,True,1
dynamic_few_shot_k3,phi4-14b,v2_json_fewshot_k3,167,0,4,3,3,True,1.0,8617,False,Entertainment,True,1
dynamic_few_shot_k3,phi4-14b,v2_json_fewshot_k3,169,0,1,0,0,True,1.0,8220,False,Entertainment,True,1
dynamic_few_shot_k3,phi4-14b,v2_json_fewshot_k3,173,0,5,0,3,False,1.0,5806,False,Entertainment,False,0
dynamic_few_shot_k3,phi4-14b,v2_json_fewshot_k3,174,0,2,1,1,True,1.0,9700,False,Entertainment,True,1
dynamic_few_shot_k3,phi4-14b,v2_json_fewshot_k3,175,0,2,2,2,True,1.0,10580,False,Entertainment,True,1
dynamic_few_shot_k3,phi4-14b,v2_json_fewshot_k3,176,0,2,2,2,True,1.0,6783,False,Entertainment,True,1
dynamic_few_shot_k3,phi4-14b,v2_json_fewshot_k3,180,0,1,2,2,True,1.0,8060,False,Entertainment,True,1
dynamic_few_shot_k3,phi4-14b,v2_json_fewshot_k3,181,0,11,1,1,True,1.0,7872,False,Entertainment,True,1
dynamic_few_shot_k3,phi4-14b,v2_json_fewshot_k3,182,0,3,0,0,True,1.0,4782,False,Entertainment,True,1
dynamic_few_shot_k3,phi4-14b,v2_json_fewshot_k3,183,0,10,2,1,False,1.0,6768,False,Entertainment,False,0
dynamic_few_shot_k3,phi4-14b,v2_json_fewshot_k3,184,0,13,1,1,True,1.0,7821,False,Entertainment,True,1
dynamic_few_shot_k3,phi4-14b,v2_json_fewshot_k3,186,0,3,3,3,True,1.0,7742,False,Entertainment,True,1
dynamic_few_shot_k3,phi4-14b,v2_json_fewshot_k3,187,0,8,3,3,True,1.0,9227,False,Entertainment,True,1
dynamic_few_shot_k3,phi4-14b,v2_json_fewshot_k3,188,0,6,2,2,True,1.0,8824,False,Entertainment,True,1
dynamic_few_shot_k3,phi4-14b,v2_json_fewshot_k3,189,0,8,3,3,True,1.0,8765,False,Entertainment,True,1
dynamic_few_shot_k3,phi4-14b,v2_json_fewshot_k3,190,0,5,2,2,True,1.0,8797,False,Entertainment,True,1
dynamic_few_shot_k3,phi4-14b,v2_json_fewshot_k3,191,0,1,0,0,True,1.0,5843,False,Entertainment,True,1
dynamic_few_shot_k3,phi4-14b,v2_json_fewshot_k3,192,0,6,3,3,True,1.0,8999,False,Entertainment,True,1
dynamic_few_shot_k3,phi4-14b,v2_json_fewshot_k3,193,0,8,2,2,True,1.0,6406,False,Entertainment,True,1
dynamic_few_shot_k3,phi4-14b,v2_json_fewshot_k3,194,0,7,1,1,True,0.9,9132,False,Entertainment,True,1
dynamic_few_shot_k3,phi4-14b,v2_json_fewshot_k3,195,0,1,3,3,True,1.0,5217,False,Entertainment,True,1
dynamic_few_shot_k3,phi4-14b,v2_json_fewshot_k3,196,0,7,0,0,True,1.0,10287,False,Entertainment,True,1
dynamic_few_shot_k3,phi4-14b,v2_json_fewshot_k3,197,0,2,3,3,True,1.0,10238,False,Entertainment,True,1
dynamic_few_shot_k3,phi4-14b,v2_json_fewshot_k3,198,0,10,0,3,False,1.0,10484,False,Entertainment,False,0
dynamic_few_shot_k3,phi4-14b,v2_json_fewshot_k3,202,0,8,0,0,True,1.0,9239,False,Entertainment,True,1
dynamic_few_shot_k3,phi4-14b,v2_json_fewshot_k3,203,0,2,3,3,True,1.0,6914,False,Entertainment,True,1
dynamic_few_shot_k3,phi4-14b,v2_json_fewshot_k3,204,0,3,0,1,False,1.0,9370,False,Entertainment,False,0
dynamic_few_shot_k3,phi4-14b,v2_json_fewshot_k3,205,0,3,1,3,False,1.0,6763,False,Entertainment,False,0
dynamic_few_shot_k3,phi4-14b,v2_json_fewshot_k3,206,0,8,0,0,True,1.0,7648,False,Entertainment,True,1
dynamic_few_shot_k3,phi4-14b,v2_json_fewshot_k3,207,0,5,2,2,True,1.0,6812,False,Entertainment,True,1
dynamic_few_shot_k3,phi4-14b,v2_json_fewshot_k3,208,0,10,2,2,True,1.0,6355,False,Entertainment,True,1
dynamic_few_shot_k3,phi4-14b,v2_json_fewshot_k3,209,0,2,3,3,True,1.0,9009,False,Entertainment,True,1
dynamic_few_shot_k3,phi4-14b,v2_json_fewshot_k3,210,0,9,1,1,True,1.0,8576,False,Entertainment,True,1
dynamic_few_shot_k3,phi4-14b,v2_json_fewshot_k3,213,0,10,1,1,True,1.0,7622,False,Entertainment,True,1
dynamic_few_shot_k3,phi4-14b,v2_json_fewshot_k3,214,0,10,2,2,True,1.0,6859,False,Entertainment,True,1
dynamic_few_shot_k3,phi4-14b,v2_json_fewshot_k3,215,0,8,3,3,True,1.0,9125,False,Entertainment,True,1
dynamic_few_shot_k3,phi4-14b,v2_json_fewshot_k3,216,0,10,2,2,True,1.0,7729,False,Entertainment,True,1
dynamic_few_shot_k3,phi4-14b,v2_json_fewshot_k3,217,0,9,0,0,True,1.0,8530,False,Entertainment,True,1
dynamic_few_shot_k3,phi4-14b,v2_json_fewshot_k3,218,0,7,2,2,True,1.0,7528,False,Entertainment,True,1
dynamic_few_shot_k3,phi4-14b,v2_json_fewshot_k3,219,0,8,1,1,True,1.0,10159,False,Entertainment,True,1
dynamic_few_shot_k3,phi4-14b,v2_json_fewshot_k3,222,0,2,2,2,True,1.0,8195,False,Entertainment,True,1
dynamic_few_shot_k3,phi4-14b,v2_json_fewshot_k3,223,0,3,2,2,True,1.0,7411,False,Entertainment,True,1
dynamic_few_shot_k3,phi4-14b,v2_json_fewshot_k3,224,0,1,3,3,True,1.0,7816,False,Entertainment,True,1
dynamic_few_shot_k3,phi4-14b,v2_json_fewshot_k3,225,0,10,3,3,True,0.9,8110,False,Entertainment,True,1
dynamic_few_shot_k3,phi4-14b,v2_json_fewshot_k3,227,0,7,0,0,True,1.0,9532,False,Entertainment,True,1
dynamic_few_shot_k3,phi4-14b,v2_json_fewshot_k3,229,0,3,2,2,True,1.0,6585,False,Entertainment,True,1
dynamic_few_shot_k3,phi4-14b,v2_json_fewshot_k3,230,0,1,2,2,True,1.0,6090,False,Entertainment,True,1
dynamic_few_shot_k3,phi4-14b,v2_json_fewshot_k3,231,0,8,0,0,True,1.0,8129,False,Entertainment,True,1
dynamic_few_shot_k3,phi4-14b,v2_json_fewshot_k3,232,0,10,0,0,True,1.0,6896,False,Entertainment,True,1
dynamic_few_shot_k3,phi4-14b,v2_json_fewshot_k3,233,0,2,0,0,True,1.0,10473,False,Entertainment,True,1
dynamic_few_shot_k3,phi4-14b,v2_json_fewshot_k3,234,0,6,3,0,False,0.9,11036,False,Entertainment,False,0
dynamic_few_shot_k3,phi4-14b,v2_json_fewshot_k3,235,0,2,2,2,True,1.0,6398,False,Entertainment,True,1
dynamic_few_shot_k3,phi4-14b,v2_json_fewshot_k3,236,0,4,0,0,True,1.0,6573,False,Entertainment,True,1
dynamic_few_shot_k3,phi4-14b,v2_json_fewshot_k3,237,0,11,0,0,True,1.0,5967,False,Entertainment,True,1
dynamic_few_shot_k3,phi4-14b,v2_json_fewshot_k3,240,0,1,1,1,True,1.0,7919,False,Entertainment,True,1
dynamic_few_shot_k3,phi4-14b,v2_json_fewshot_k3,241,0,4,1,1,True,1.0,6436,False,Entertainment,True,1
dynamic_few_shot_k3,phi4-14b,v2_json_fewshot_k3,245,0,1,0,0,True,1.0,10112,False,Entertainment,True,1
dynamic_few_shot_k3,phi4-14b,v2_json_fewshot_k3,247,0,8,3,3,True,1.0,8795,False,Entertainment,True,1
dynamic_few_shot_k3,phi4-14b,v2_json_fewshot_k3,248,0,4,1,1,True,1.0,8132,False,Entertainment,True,1
dynamic_few_shot_k3,phi4-14b,v2_json_fewshot_k3,250,0,3,3,3,True,1.0,7257,False,Entertainment,True,1
dynamic_few_shot_k3,phi4-14b,v2_json_fewshot_k3,254,0,15,0,0,True,1.0,9235,False,Entertainment,True,1
dynamic_few_shot_k3,phi4-14b,v2_json_fewshot_k3,256,0,8,2,2,True,1.0,9967,False,Entertainment,True,1
dynamic_few_shot_k3,phi4-14b,v2_json_fewshot_k3,258,0,1,1,1,True,1.0,7706,False,Entertainment,True,1
dynamic_few_shot_k3,phi4-14b,v2_json_fewshot_k3,259,0,2,2,2,True,1.0,6740,False,Entertainment,True,1
dynamic_few_shot_k3,phi4-14b,v2_json_fewshot_k3,260,0,1,0,0,True,1.0,7639,False,Entertainment,True,1
dynamic_few_shot_k3,phi4-14b,v2_json_fewshot_k3,261,0,3,3,3,True,1.0,5654,False,Entertainment,True,1
dynamic_few_shot_k3,phi4-14b,v2_json_fewshot_k3,264,0,15,2,2,True,1.0,6005,False,Entertainment,True,1
dynamic_few_shot_k3,phi4-14b,v2_json_fewshot_k3,266,0,6,0,0,True,1.0,8578,False,Entertainment,True,1
dynamic_few_shot_k3,phi4-14b,v2_json_fewshot_k3,267,0,12,2,2,True,0.9,7056,False,Entertainment,True,1
dynamic_few_shot_k3,phi4-14b,v2_json_fewshot_k3,268,0,1,3,3,True,1.0,7549,False,Entertainment,True,1
dynamic_few_shot_k3,phi4-14b,v2_json_fewshot_k3,269,0,10,3,3,True,1.0,11112,False,Entertainment,True,1
dynamic_few_shot_k3,phi4-14b,v2_json_fewshot_k3,270,0,13,3,3,True,1.0,9655,False,Entertainment,True,1
dynamic_few_shot_k3,phi4-14b,v2_json_fewshot_k3,271,0,1,2,2,True,1.0,7867,False,Entertainment,True,1
dynamic_few_shot_k3,phi4-14b,v2_json_fewshot_k3,274,0,4,0,0,True,1.0,7966,False,Entertainment,True,1
dynamic_few_shot_k3,phi4-14b,v2_json_fewshot_k3,275,0,5,1,1,True,1.0,4893,False,Entertainment,True,1
dynamic_few_shot_k3,phi4-14b,v2_json_fewshot_k3,276,0,4,2,2,True,1.0,7007,False,Entertainment,True,1
dynamic_few_shot_k3,phi4-14b,v2_json_fewshot_k3,280,0,1,1,1,True,1.0,6135,False,Entertainment,True,1
dynamic_few_shot_k3,phi4-14b,v2_json_fewshot_k3,281,0,2,0,0,True,1.0,5884,False,Entertainment,True,1
dynamic_few_shot_k3,phi4-14b,v2_json_fewshot_k3,283,0,15,0,0,True,1.0,7077,False,Entertainment,True,1
dynamic_few_shot_k3,phi4-14b,v2_json_fewshot_k3,285,0,8,3,3,True,1.0,8093,False,Entertainment,True,1
dynamic_few_shot_k3,phi4-14b,v2_json_fewshot_k3,287,0,5,0,0,True,1.0,5681,False,Entertainment,True,1
dynamic_few_shot_k3,phi4-14b,v2_json_fewshot_k3,288,0,4,2,2,True,1.0,9182,False,Entertainment,True,1
dynamic_few_shot_k3,phi4-14b,v2_json_fewshot_k3,289,0,3,0,0,True,1.0,9025,False,Entertainment,True,1
dynamic_few_shot_k3,phi4-14b,v2_json_fewshot_k3,290,0,7,3,3,True,1.0,7048,False,Entertainment,True,1
dynamic_few_shot_k3,phi4-14b,v2_json_fewshot_k3,291,0,14,3,3,True,1.0,7324,False,Entertainment,True,1
dynamic_few_shot_k3,phi4-14b,v2_json_fewshot_k3,292,0,1,3,3,True,1.0,7821,False,Entertainment,True,1
dynamic_few_shot_k3,phi4-14b,v2_json_fewshot_k3,293,0,10,0,0,True,1.0,5038,False,Entertainment,True,1
dynamic_few_shot_k3,phi4-14b,v2_json_fewshot_k3,297,0,8,1,1,True,1.0,8879,False,Entertainment,True,1
dynamic_few_shot_k3,phi4-14b,v2_json_fewshot_k3,299,0,5,0,0,True,1.0,7821,False,Entertainment,True,1
dynamic_few_shot_k3,phi4-14b,v2_json_fewshot_k3,300,0,2,2,2,True,1.0,7090,False,Entertainment,True,1
dynamic_few_shot_k3,phi4-14b,v2_json_fewshot_k3,301,0,5,1,1,True,1.0,11001,False,Entertainment,True,1
dynamic_few_shot_k3,phi4-14b,v2_json_fewshot_k3,302,0,13,2,2,True,1.0,6411,False,Entertainment,True,1
wiki_rag,qwen3-14b,wiki_rag/v1,2,0,7,2,2,True,0.95,60528,False,Entertainment,True,1
wiki_rag,qwen3-14b,wiki_rag/v1,3,0,3,3,2,False,0.95,15172,False,Entertainment,False,0
wiki_rag,qwen3-14b,wiki_rag/v1,7,0,14,2,2,True,0.9,14963,False,Entertainment,True,1
wiki_rag,qwen3-14b,wiki_rag/v1,8,0,6,0,0,True,0.95,12971,False,Entertainment,True,1
wiki_rag,qwen3-14b,wiki_rag/v1,9,0,4,1,1,True,0.95,12870,False,Entertainment,True,1
wiki_rag,qwen3-14b,wiki_rag/v1,10,0,2,0,0,True,0.95,13133,False,Entertainment,True,1
wiki_rag,qwen3-14b,wiki_rag/v1,11,0,5,3,3,True,0.95,16055,False,Entertainment,True,1
wiki_rag,qwen3-14b,wiki_rag/v1,12,0,4,2,2,True,0.95,14512,False,Entertainment,True,1
wiki_rag,qwen3-14b,wiki_rag/v1,13,0,15,0,0,True,0.95,9083,False,Entertainment,True,1
wiki_rag,qwen3-14b,wiki_rag/v1,14,0,5,2,2,True,0.95,15522,False,Entertainment,True,1
wiki_rag,qwen3-14b,wiki_rag/v1,15,0,2,3,3,True,0.9,14040,False,Entertainment,True,1
wiki_rag,qwen3-14b,wiki_rag/v1,16,0,1,2,2,True,0.99,11325,False,Entertainment,True,1
wiki_rag,qwen3-14b,wiki_rag/v1,17,0,6,2,2,True,0.95,14405,False,Entertainment,True,1
wiki_rag,qwen3-14b,wiki_rag/v1,19,0,8,3,3,True,0.95,13748,False,Entertainment,True,1
wiki_rag,qwen3-14b,wiki_rag/v1,20,0,4,0,0,True,0.95,17683,False,Entertainment,True,1
wiki_rag,qwen3-14b,wiki_rag/v1,21,0,7,0,0,True,0.9,12461,False,Entertainment,True,1
wiki_rag,qwen3-14b,wiki_rag/v1,23,0,1,0,0,True,0.9,9792,False,Entertainment,True,1
wiki_rag,qwen3-14b,wiki_rag/v1,26,0,7,1,1,True,0.95,14305,False,Entertainment,True,1
wiki_rag,qwen3-14b,wiki_rag/v1,27,0,2,3,3,True,0.95,7384,False,Entertainment,True,1
wiki_rag,qwen3-14b,wiki_rag/v1,28,0,1,2,2,True,1.0,17598,False,Entertainment,True,1
wiki_rag,qwen3-14b,wiki_rag/v1,34,0,1,1,1,True,0.75,15745,False,Entertainment,True,1
wiki_rag,qwen3-14b,wiki_rag/v1,35,0,5,3,3,True,0.95,18612,False,Entertainment,True,1
wiki_rag,qwen3-14b,wiki_rag/v1,36,0,14,2,2,True,0.95,13068,False,Entertainment,True,1
wiki_rag,qwen3-14b,wiki_rag/v1,40,0,3,3,1,False,0.95,14308,False,Entertainment,False,0
wiki_rag,qwen3-14b,wiki_rag/v1,42,0,1,0,0,True,0.95,14929,False,Entertainment,True,1
wiki_rag,qwen3-14b,wiki_rag/v1,44,0,3,2,2,True,0.6,14477,False,Entertainment,True,1
wiki_rag,qwen3-14b,wiki_rag/v1,45,0,1,2,2,True,0.9,13447,False,Entertainment,True,1
wiki_rag,qwen3-14b,wiki_rag/v1,46,0,12,2,0,False,0.9,13591,False,Entertainment,False,0
wiki_rag,qwen3-14b,wiki_rag/v1,47,0,14,2,2,True,0.95,14792,False,Entertainment,True,1
wiki_rag,qwen3-14b,wiki_rag/v1,48,0,2,2,2,True,0.95,15240,False,Entertainment,True,1
wiki_rag,qwen3-14b,wiki_rag/v1,49,0,5,2,2,True,1.0,14050,False,Entertainment,True,1
wiki_rag,qwen3-14b,wiki_rag/v1,51,0,1,3,3,True,0.99,12131,False,Entertainment,True,1
wiki_rag,qwen3-14b,wiki_rag/v1,53,0,7,0,0,True,0.8,13166,False,Entertainment,True,1
wiki_rag,qwen3-14b,wiki_rag/v1,55,0,7,1,0,False,0.6,14110,False,Entertainment,False,0
wiki_rag,qwen3-14b,wiki_rag/v1,57,0,11,1,1,True,0.9,12143,False,Entertainment,True,1
wiki_rag,qwen3-14b,wiki_rag/v1,60,0,2,2,1,False,0.9,15467,False,Entertainment,False,0
wiki_rag,qwen3-14b,wiki_rag/v1,61,0,2,2,2,True,0.95,12270,False,Entertainment,True,1
wiki_rag,qwen3-14b,wiki_rag/v1,62,0,3,0,0,True,0.95,15520,False,Entertainment,True,1
wiki_rag,qwen3-14b,wiki_rag/v1,63,0,3,3,3,True,0.95,13839,False,Entertainment,True,1
wiki_rag,qwen3-14b,wiki_rag/v1,64,0,7,1,1,True,0.95,11414,False,Entertainment,True,1
wiki_rag,qwen3-14b,wiki_rag/v1,65,0,11,0,0,True,0.95,16473,False,Entertainment,True,1
wiki_rag,qwen3-14b,wiki_rag/v1,66,0,12,1,1,True,0.95,14201,False,Entertainment,True,1
wiki_rag,qwen3-14b,wiki_rag/v1,69,0,10,3,1,False,0.75,14262,False,Entertainment,False,0
wiki_rag,qwen3-14b,wiki_rag/v1,70,0,1,3,3,True,0.95,15070,False,Entertainment,True,1
wiki_rag,qwen3-14b,wiki_rag/v1,72,0,9,1,1,True,0.9,14343,False,Entertainment,True,1
wiki_rag,qwen3-14b,wiki_rag/v1,73,0,2,3,1,False,0.85,17013,False,Entertainment,False,0
wiki_rag,qwen3-14b,wiki_rag/v1,75,0,15,3,3,True,0.95,10421,False,Entertainment,True,1
wiki_rag,qwen3-14b,wiki_rag/v1,76,0,4,1,1,True,0.95,11388,False,Entertainment,True,1
wiki_rag,qwen3-14b,wiki_rag/v1,77,0,1,0,0,True,0.95,12057,False,Entertainment,True,1
wiki_rag,qwen3-14b,wiki_rag/v1,78,0,6,0,0,True,0.95,11057,False,Entertainment,True,1
wiki_rag,qwen3-14b,wiki_rag/v1,80,0,6,3,3,True,0.95,14340,False,Entertainment,True,1
wiki_rag,qwen3-14b,wiki_rag/v1,82,0,8,3,3,True,0.95,12999,False,Entertainment,True,1
wiki_rag,qwen3-14b,wiki_rag/v1,83,0,15,1,1,True,0.8,15718,False,Entertainment,True,1
wiki_rag,qwen3-14b,wiki_rag/v1,86,0,8,1,1,True,0.95,12165,False,Entertainment,True,1
wiki_rag,qwen3-14b,wiki_rag/v1,88,0,4,3,3,True,0.95,11430,False,Entertainment,True,1
wiki_rag,qwen3-14b,wiki_rag/v1,89,0,1,3,3,True,0.95,12430,False,Entertainment,True,1
wiki_rag,qwen3-14b,wiki_rag/v1,90,0,2,0,3,False,0.8,15737,False,Entertainment,False,0
wiki_rag,qwen3-14b,wiki_rag/v1,91,0,2,1,1,True,0.99,10082,False,Entertainment,True,1
wiki_rag,qwen3-14b,wiki_rag/v1,93,0,6,1,3,False,0.9,10427,False,Entertainment,False,0
wiki_rag,qwen3-14b,wiki_rag/v1,94,0,2,3,3,True,0.9,14532,False,Entertainment,True,1
wiki_rag,qwen3-14b,wiki_rag/v1,96,0,2,1,1,True,0.95,12960,False,Entertainment,True,1
wiki_rag,qwen3-14b,wiki_rag/v1,98,0,3,0,1,False,0.75,10662,False,Entertainment,False,0
wiki_rag,qwen3-14b,wiki_rag/v1,99,0,2,0,0,True,0.95,8638,False,Entertainment,True,1
wiki_rag,qwen3-14b,wiki_rag/v1,101,0,1,1,1,True,0.95,12782,False,Entertainment,True,1
wiki_rag,qwen3-14b,wiki_rag/v1,103,0,9,3,1,False,0.95,13418,False,Entertainment,False,0
wiki_rag,qwen3-14b,wiki_rag/v1,104,0,1,1,2,False,0.95,9154,False,Entertainment,False,0
wiki_rag,qwen3-14b,wiki_rag/v1,106,0,3,2,2,True,0.95,13430,False,Entertainment,True,1
wiki_rag,qwen3-14b,wiki_rag/v1,107,0,9,3,3,True,0.99,16172,False,Entertainment,True,1
wiki_rag,qwen3-14b,wiki_rag/v1,108,0,3,0,0,True,0.9,14378,False,Entertainment,True,1
wiki_rag,qwen3-14b,wiki_rag/v1,109,0,9,2,2,True,0.9,9829,False,Entertainment,True,1
wiki_rag,qwen3-14b,wiki_rag/v1,110,0,6,0,3,False,0.7,15548,False,Entertainment,False,0
wiki_rag,qwen3-14b,wiki_rag/v1,111,0,9,2,2,True,0.95,10975,False,Entertainment,True,1
wiki_rag,qwen3-14b,wiki_rag/v1,112,0,1,1,3,False,0.8,9983,False,Entertainment,False,0
wiki_rag,qwen3-14b,wiki_rag/v1,113,0,1,1,1,True,0.95,11913,False,Entertainment,True,1
wiki_rag,qwen3-14b,wiki_rag/v1,115,0,5,1,1,True,0.75,13503,False,Entertainment,True,1
wiki_rag,qwen3-14b,wiki_rag/v1,117,0,5,3,3,True,0.95,13198,False,Entertainment,True,1
wiki_rag,qwen3-14b,wiki_rag/v1,118,0,6,3,3,True,0.8,14240,False,Entertainment,True,1
wiki_rag,qwen3-14b,wiki_rag/v1,119,0,7,0,0,True,0.9,12376,False,Entertainment,True,1
wiki_rag,qwen3-14b,wiki_rag/v1,121,0,4,0,0,True,0.95,5661,False,Entertainment,True,1
wiki_rag,qwen3-14b,wiki_rag/v1,122,0,3,0,0,True,0.99,15594,False,Entertainment,True,1
wiki_rag,qwen3-14b,wiki_rag/v1,124,0,6,2,2,True,0.95,14905,False,Entertainment,True,1
wiki_rag,qwen3-14b,wiki_rag/v1,125,0,15,3,3,True,0.95,11141,False,Entertainment,True,1
wiki_rag,qwen3-14b,wiki_rag/v1,126,0,11,2,1,False,0.95,15108,False,Entertainment,False,0
wiki_rag,qwen3-14b,wiki_rag/v1,128,0,2,0,0,True,4.0,13425,False,Entertainment,True,1
wiki_rag,qwen3-14b,wiki_rag/v1,130,0,9,2,2,True,0.95,18135,False,Entertainment,True,1
wiki_rag,qwen3-14b,wiki_rag/v1,132,0,8,2,2,True,0.99,12484,False,Entertainment,True,1
wiki_rag,qwen3-14b,wiki_rag/v1,133,0,2,0,3,False,0.85,16465,False,Entertainment,False,0
wiki_rag,qwen3-14b,wiki_rag/v1,134,0,12,3,3,True,0.95,13892,False,Entertainment,True,1
wiki_rag,qwen3-14b,wiki_rag/v1,136,0,4,1,1,True,0.95,7691,False,Entertainment,True,1
wiki_rag,qwen3-14b,wiki_rag/v1,139,0,6,0,0,True,0.9,12789,False,Entertainment,True,1
wiki_rag,qwen3-14b,wiki_rag/v1,140,0,1,3,3,True,0.95,17542,False,Entertainment,True,1
wiki_rag,qwen3-14b,wiki_rag/v1,143,0,9,3,3,True,0.95,11215,False,Entertainment,True,1
wiki_rag,qwen3-14b,wiki_rag/v1,144,0,6,0,0,True,0.95,9311,False,Entertainment,True,1
wiki_rag,qwen3-14b,wiki_rag/v1,145,0,12,1,1,True,0.95,15914,False,Entertainment,True,1
wiki_rag,qwen3-14b,wiki_rag/v1,146,0,6,3,3,True,0.99,13991,False,Entertainment,True,1
wiki_rag,qwen3-14b,wiki_rag/v1,147,0,1,2,2,True,0.9,11170,False,Entertainment,True,1
wiki_rag,qwen3-14b,wiki_rag/v1,148,0,10,1,1,True,0.95,13573,False,Entertainment,True,1
wiki_rag,qwen3-14b,wiki_rag/v1,149,0,7,2,2,True,0.75,15162,False,Entertainment,True,1
wiki_rag,qwen3-14b,wiki_rag/v1,150,0,3,1,1,True,0.95,11819,False,Entertainment,True,1
wiki_rag,qwen3-14b,wiki_rag/v1,152,0,8,3,3,True,0.95,13171,False,Entertainment,True,1
wiki_rag,qwen3-14b,wiki_rag/v1,154,0,2,0,0,True,0.95,14143,False,Entertainment,True,1
wiki_rag,qwen3-14b,wiki_rag/v1,156,0,1,3,3,True,0.95,16501,False,Entertainment,True,1
wiki_rag,qwen3-14b,wiki_rag/v1,157,0,3,2,2,True,0.9,11925,False,Entertainment,True,1
wiki_rag,qwen3-14b,wiki_rag/v1,159,0,6,2,3,False,0.95,13896,False,Entertainment,False,0
wiki_rag,qwen3-14b,wiki_rag/v1,160,0,2,1,1,True,0.95,11678,False,Entertainment,True,1
wiki_rag,qwen3-14b,wiki_rag/v1,162,0,1,0,0,True,0.95,7664,False,Entertainment,True,1
wiki_rag,qwen3-14b,wiki_rag/v1,165,0,5,1,3,False,0.95,10047,False,Entertainment,False,0
wiki_rag,qwen3-14b,wiki_rag/v1,166,0,2,2,2,True,0.99,13982,False,Entertainment,True,1
wiki_rag,qwen3-14b,wiki_rag/v1,167,0,4,3,3,True,0.95,19792,False,Entertainment,True,1
wiki_rag,qwen3-14b,wiki_rag/v1,169,0,1,0,0,True,0.95,8189,False,Entertainment,True,1
wiki_rag,qwen3-14b,wiki_rag/v1,173,0,5,3,3,True,0.95,14900,False,Entertainment,True,1
wiki_rag,qwen3-14b,wiki_rag/v1,174,0,2,1,1,True,0.95,7952,False,Entertainment,True,1
wiki_rag,qwen3-14b,wiki_rag/v1,175,0,2,2,2,True,0.95,12019,False,Entertainment,True,1
wiki_rag,qwen3-14b,wiki_rag/v1,176,0,2,3,2,False,0.5,13429,False,Entertainment,False,0
wiki_rag,qwen3-14b,wiki_rag/v1,180,0,1,2,2,True,0.9,13662,False,Entertainment,True,1
wiki_rag,qwen3-14b,wiki_rag/v1,181,0,11,1,1,True,0.95,12277,False,Entertainment,True,1
wiki_rag,qwen3-14b,wiki_rag/v1,182,0,3,0,0,True,1.0,12703,False,Entertainment,True,1
wiki_rag,qwen3-14b,wiki_rag/v1,183,0,10,1,1,True,0.95,10482,False,Entertainment,True,1
wiki_rag,qwen3-14b,wiki_rag/v1,184,0,13,1,1,True,0.95,13669,False,Entertainment,True,1
wiki_rag,qwen3-14b,wiki_rag/v1,186,0,3,3,3,True,0.95,9435,False,Entertainment,True,1
wiki_rag,qwen3-14b,wiki_rag/v1,187,0,8,3,3,True,0.95,11595,False,Entertainment,True,1
wiki_rag,qwen3-14b,wiki_rag/v1,188,0,6,2,2,True,0.95,12577,False,Entertainment,True,1
wiki_rag,qwen3-14b,wiki_rag/v1,189,0,8,3,3,True,0.95,11953,False,Entertainment,True,1
wiki_rag,qwen3-14b,wiki_rag/v1,190,0,5,1,2,False,0.95,14360,False,Entertainment,False,0
wiki_rag,qwen3-14b,wiki_rag/v1,191,0,1,0,0,True,0.95,14166,False,Entertainment,True,1
wiki_rag,qwen3-14b,wiki_rag/v1,192,0,6,3,3,True,0.95,15318,False,Entertainment,True,1
wiki_rag,qwen3-14b,wiki_rag/v1,193,0,8,2,2,True,0.6,12496,False,Entertainment,True,1
wiki_rag,qwen3-14b,wiki_rag/v1,194,0,7,0,1,False,0.5,13196,False,Entertainment,False,0
wiki_rag,qwen3-14b,wiki_rag/v1,195,0,1,3,3,True,0.95,10008,False,Entertainment,True,1
wiki_rag,qwen3-14b,wiki_rag/v1,196,0,7,0,0,True,0.95,12255,False,Entertainment,True,1
wiki_rag,qwen3-14b,wiki_rag/v1,197,0,2,3,3,True,0.95,13964,False,Entertainment,True,1
wiki_rag,qwen3-14b,wiki_rag/v1,198,0,10,3,3,True,0.95,11197,False,Entertainment,True,1
wiki_rag,qwen3-14b,wiki_rag/v1,202,0,8,0,0,True,0.95,10214,False,Entertainment,True,1
wiki_rag,qwen3-14b,wiki_rag/v1,203,0,2,3,3,True,0.95,14891,False,Entertainment,True,1
wiki_rag,qwen3-14b,wiki_rag/v1,204,0,3,1,1,True,0.9,9368,False,Entertainment,True,1
wiki_rag,qwen3-14b,wiki_rag/v1,205,0,3,0,3,False,0.95,9942,False,Entertainment,False,0
wiki_rag,qwen3-14b,wiki_rag/v1,206,0,8,0,0,True,0.75,13629,False,Entertainment,True,1
wiki_rag,qwen3-14b,wiki_rag/v1,207,0,5,2,2,True,0.95,13076,False,Entertainment,True,1
wiki_rag,qwen3-14b,wiki_rag/v1,208,0,10,2,2,True,0.95,9750,False,Entertainment,True,1
wiki_rag,qwen3-14b,wiki_rag/v1,209,0,2,3,3,True,0.9,8589,False,Entertainment,True,1
wiki_rag,qwen3-14b,wiki_rag/v1,210,0,9,0,1,False,0.75,13194,False,Entertainment,False,0
wiki_rag,qwen3-14b,wiki_rag/v1,213,0,10,1,1,True,0.95,11839,False,Entertainment,True,1
wiki_rag,qwen3-14b,wiki_rag/v1,214,0,10,2,2,True,0.9,13289,False,Entertainment,True,1
wiki_rag,qwen3-14b,wiki_rag/v1,215,0,8,3,3,True,0.99,11804,False,Entertainment,True,1
wiki_rag,qwen3-14b,wiki_rag/v1,216,0,10,2,2,True,0.95,8211,False,Entertainment,True,1
wiki_rag,qwen3-14b,wiki_rag/v1,217,0,9,0,0,True,0.95,14454,False,Entertainment,True,1
wiki_rag,qwen3-14b,wiki_rag/v1,218,0,7,2,2,True,0.95,15959,False,Entertainment,True,1
wiki_rag,qwen3-14b,wiki_rag/v1,219,0,8,1,1,True,0.95,15948,False,Entertainment,True,1
wiki_rag,qwen3-14b,wiki_rag/v1,222,0,2,2,2,True,0.95,12699,False,Entertainment,True,1
wiki_rag,qwen3-14b,wiki_rag/v1,223,0,3,2,2,True,0.95,13918,False,Entertainment,True,1
wiki_rag,qwen3-14b,wiki_rag/v1,224,0,1,3,3,True,0.9,13061,False,Entertainment,True,1
wiki_rag,qwen3-14b,wiki_rag/v1,225,0,10,3,3,True,0.9,12893,False,Entertainment,True,1
wiki_rag,qwen3-14b,wiki_rag/v1,227,0,7,0,0,True,0.95,12777,False,Entertainment,True,1
wiki_rag,qwen3-14b,wiki_rag/v1,229,0,3,2,2,True,0.99,13198,False,Entertainment,True,1
wiki_rag,qwen3-14b,wiki_rag/v1,230,0,1,2,2,True,0.95,14793,False,Entertainment,True,1
wiki_rag,qwen3-14b,wiki_rag/v1,231,0,8,0,0,True,0.1,13638,False,Entertainment,True,1
wiki_rag,qwen3-14b,wiki_rag/v1,232,0,10,0,0,True,0.1,10826,False,Entertainment,True,1
wiki_rag,qwen3-14b,wiki_rag/v1,233,0,2,0,0,True,0.95,15262,False,Entertainment,True,1
wiki_rag,qwen3-14b,wiki_rag/v1,234,0,6,0,0,True,0.95,17001,False,Entertainment,True,1
wiki_rag,qwen3-14b,wiki_rag/v1,235,0,2,2,2,True,0.95,11854,False,Entertainment,True,1
wiki_rag,qwen3-14b,wiki_rag/v1,236,0,4,0,0,True,0.95,6480,False,Entertainment,True,1
wiki_rag,qwen3-14b,wiki_rag/v1,237,0,11,0,0,True,0.9,13253,False,Entertainment,True,1
wiki_rag,qwen3-14b,wiki_rag/v1,240,0,1,1,1,True,0.95,7864,False,Entertainment,True,1
wiki_rag,qwen3-14b,wiki_rag/v1,241,0,4,1,1,True,0.95,12181,False,Entertainment,True,1
wiki_rag,qwen3-14b,wiki_rag/v1,245,0,1,0,0,True,0.95,11769,False,Entertainment,True,1
wiki_rag,qwen3-14b,wiki_rag/v1,247,0,8,3,3,True,0.95,13660,False,Entertainment,True,1
wiki_rag,qwen3-14b,wiki_rag/v1,248,0,4,1,1,True,0.95,12081,False,Entertainment,True,1
wiki_rag,qwen3-14b,wiki_rag/v1,250,0,3,3,3,True,0.95,15536,False,Entertainment,True,1
wiki_rag,qwen3-14b,wiki_rag/v1,254,0,15,0,0,True,0.95,15681,False,Entertainment,True,1
wiki_rag,qwen3-14b,wiki_rag/v1,256,0,8,2,2,True,0.95,11698,False,Entertainment,True,1
wiki_rag,qwen3-14b,wiki_rag/v1,258,0,1,1,1,True,0.95,11127,False,Entertainment,True,1
wiki_rag,qwen3-14b,wiki_rag/v1,259,0,2,2,2,True,0.95,15289,False,Entertainment,True,1
wiki_rag,qwen3-14b,wiki_rag/v1,260,0,1,0,0,True,0.8,13925,False,Entertainment,True,1
wiki_rag,qwen3-14b,wiki_rag/v1,261,0,3,3,3,True,0.99,13223,False,Entertainment,True,1
wiki_rag,qwen3-14b,wiki_rag/v1,264,0,15,3,2,False,0.8,9929,False,Entertainment,False,0
wiki_rag,qwen3-14b,wiki_rag/v1,266,0,6,0,0,True,0.9,12491,False,Entertainment,True,1
wiki_rag,qwen3-14b,wiki_rag/v1,267,0,12,2,2,True,0.95,8511,False,Entertainment,True,1
wiki_rag,qwen3-14b,wiki_rag/v1,268,0,1,3,3,True,0.95,12432,False,Entertainment,True,1
wiki_rag,qwen3-14b,wiki_rag/v1,269,0,10,3,3,True,0.95,17479,False,Entertainment,True,1
wiki_rag,qwen3-14b,wiki_rag/v1,270,0,13,3,3,True,0.95,13832,False,Entertainment,True,1
wiki_rag,qwen3-14b,wiki_rag/v1,271,0,1,2,2,True,0.95,13394,False,Entertainment,True,1
wiki_rag,qwen3-14b,wiki_rag/v1,274,0,4,0,0,True,0.95,14747,False,Entertainment,True,1
wiki_rag,qwen3-14b,wiki_rag/v1,275,0,5,1,1,True,0.9,14122,False,Entertainment,True,1
wiki_rag,qwen3-14b,wiki_rag/v1,276,0,4,2,2,True,0.9,9152,False,Entertainment,True,1
wiki_rag,qwen3-14b,wiki_rag/v1,280,0,1,1,1,True,0.95,12697,False,Entertainment,True,1
wiki_rag,qwen3-14b,wiki_rag/v1,281,0,2,0,0,True,100.0,13474,False,Entertainment,True,1
wiki_rag,qwen3-14b,wiki_rag/v1,283,0,15,0,0,True,0.95,13703,False,Entertainment,True,1
wiki_rag,qwen3-14b,wiki_rag/v1,285,0,8,3,3,True,0.99,11999,False,Entertainment,True,1
wiki_rag,qwen3-14b,wiki_rag/v1,287,0,5,0,0,True,0.95,12211,False,Entertainment,True,1
wiki_rag,qwen3-14b,wiki_rag/v1,288,0,4,2,2,True,0.9,14529,False,Entertainment,True,1
wiki_rag,qwen3-14b,wiki_rag/v1,289,0,3,0,0,True,0.99,12530,False,Entertainment,True,1
wiki_rag,qwen3-14b,wiki_rag/v1,290,0,7,3,3,True,0.95,13793,False,Entertainment,True,1
wiki_rag,qwen3-14b,wiki_rag/v1,291,0,14,3,3,True,0.95,16961,False,Entertainment,True,1
wiki_rag,qwen3-14b,wiki_rag/v1,292,0,1,3,3,True,0.95,14309,False,Entertainment,True,1
wiki_rag,qwen3-14b,wiki_rag/v1,293,0,10,2,0,False,0.9,14301,False,Entertainment,False,0
wiki_rag,qwen3-14b,wiki_rag/v1,297,0,8,1,1,True,0.9,12193,False,Entertainment,True,1
wiki_rag,qwen3-14b,wiki_rag/v1,299,0,5,0,0,True,0.95,14359,False,Entertainment,True,1
wiki_rag,qwen3-14b,wiki_rag/v1,300,0,2,1,2,False,0.75,13463,False,Entertainment,False,0
wiki_rag,qwen3-14b,wiki_rag/v1,301,0,5,1,1,True,0.95,13578,False,Entertainment,True,1
wiki_rag,qwen3-14b,wiki_rag/v1,302,0,13,2,2,True,0.95,14849,False,Entertainment,True,1
dynamic_few_shot_k3,qwen3-14b,v2_json_fewshot_k3,2,0,7,2,2,True,1.0,4448,False,Entertainment,True,1
dynamic_few_shot_k3,qwen3-14b,v2_json_fewshot_k3,3,0,3,2,2,True,1.0,2602,False,Entertainment,True,1
dynamic_few_shot_k3,qwen3-14b,v2_json_fewshot_k3,7,0,14,2,2,True,1.0,3242,False,Entertainment,True,1
dynamic_few_shot_k3,qwen3-14b,v2_json_fewshot_k3,8,0,6,0,0,True,1.0,3856,False,Entertainment,True,1
dynamic_few_shot_k3,qwen3-14b,v2_json_fewshot_k3,9,0,4,1,1,True,1.0,6119,False,Entertainment,True,1
dynamic_few_shot_k3,qwen3-14b,v2_json_fewshot_k3,10,0,2,0,0,True,1.0,2623,False,Entertainment,True,1
dynamic_few_shot_k3,qwen3-14b,v2_json_fewshot_k3,11,0,5,3,3,True,1.0,3364,False,Entertainment,True,1
dynamic_few_shot_k3,qwen3-14b,v2_json_fewshot_k3,12,0,4,2,2,True,1.0,3203,False,Entertainment,True,1
dynamic_few_shot_k3,qwen3-14b,v2_json_fewshot_k3,13,0,15,0,0,True,1.0,3487,False,Entertainment,True,1
dynamic_few_shot_k3,qwen3-14b,v2_json_fewshot_k3,14,0,5,2,2,True,1.0,3967,False,Entertainment,True,1
dynamic_few_shot_k3,qwen3-14b,v2_json_fewshot_k3,15,0,2,3,3,True,1.0,3203,False,Entertainment,True,1
dynamic_few_shot_k3,qwen3-14b,v2_json_fewshot_k3,16,0,1,2,2,True,1.0,4243,False,Entertainment,True,1
dynamic_few_shot_k3,qwen3-14b,v2_json_fewshot_k3,17,0,6,2,2,True,1.0,4194,False,Entertainment,True,1
dynamic_few_shot_k3,qwen3-14b,v2_json_fewshot_k3,19,0,8,3,3,True,1.0,3035,False,Entertainment,True,1
dynamic_few_shot_k3,qwen3-14b,v2_json_fewshot_k3,20,0,4,3,0,False,1.0,6890,False,Entertainment,False,0
dynamic_few_shot_k3,qwen3-14b,v2_json_fewshot_k3,21,0,7,0,0,True,1.0,3659,False,Entertainment,True,1
dynamic_few_shot_k3,qwen3-14b,v2_json_fewshot_k3,23,0,1,0,0,True,1.0,3381,False,Entertainment,True,1
dynamic_few_shot_k3,qwen3-14b,v2_json_fewshot_k3,26,0,7,1,1,True,1.0,3643,False,Entertainment,True,1
dynamic_few_shot_k3,qwen3-14b,v2_json_fewshot_k3,27,0,2,3,3,True,1.0,2717,False,Entertainment,True,1
dynamic_few_shot_k3,qwen3-14b,v2_json_fewshot_k3,28,0,1,2,2,True,1.0,4595,False,Entertainment,True,1
dynamic_few_shot_k3,qwen3-14b,v2_json_fewshot_k3,34,0,1,1,1,True,1.0,2772,False,Entertainment,True,1
dynamic_few_shot_k3,qwen3-14b,v2_json_fewshot_k3,35,0,5,3,3,True,1.0,8587,False,Entertainment,True,1
dynamic_few_shot_k3,qwen3-14b,v2_json_fewshot_k3,36,0,14,2,2,True,1.0,3606,False,Entertainment,True,1
dynamic_few_shot_k3,qwen3-14b,v2_json_fewshot_k3,40,0,3,0,1,False,1.0,3525,False,Entertainment,False,0
dynamic_few_shot_k3,qwen3-14b,v2_json_fewshot_k3,42,0,1,0,0,True,1.0,3023,False,Entertainment,True,1
dynamic_few_shot_k3,qwen3-14b,v2_json_fewshot_k3,44,0,3,2,2,True,1.0,3461,False,Entertainment,True,1
dynamic_few_shot_k3,qwen3-14b,v2_json_fewshot_k3,45,0,1,2,2,True,1.0,3803,False,Entertainment,True,1
dynamic_few_shot_k3,qwen3-14b,v2_json_fewshot_k3,46,0,12,0,0,True,1.0,3114,False,Entertainment,True,1
dynamic_few_shot_k3,qwen3-14b,v2_json_fewshot_k3,47,0,14,2,2,True,1.0,4666,False,Entertainment,True,1
dynamic_few_shot_k3,qwen3-14b,v2_json_fewshot_k3,48,0,2,2,2,True,1.0,3730,False,Entertainment,True,1
dynamic_few_shot_k3,qwen3-14b,v2_json_fewshot_k3,49,0,5,2,2,True,1.0,3304,False,Entertainment,True,1
dynamic_few_shot_k3,qwen3-14b,v2_json_fewshot_k3,51,0,1,2,3,False,1.0,3327,False,Entertainment,False,0
dynamic_few_shot_k3,qwen3-14b,v2_json_fewshot_k3,53,0,7,0,0,True,1.0,3672,False,Entertainment,True,1
dynamic_few_shot_k3,qwen3-14b,v2_json_fewshot_k3,55,0,7,0,0,True,1.0,2707,False,Entertainment,True,1
dynamic_few_shot_k3,qwen3-14b,v2_json_fewshot_k3,57,0,11,1,1,True,1.0,3339,False,Entertainment,True,1
dynamic_few_shot_k3,qwen3-14b,v2_json_fewshot_k3,60,0,2,1,1,True,1.0,2997,False,Entertainment,True,1
dynamic_few_shot_k3,qwen3-14b,v2_json_fewshot_k3,61,0,2,2,2,True,1.0,4590,False,Entertainment,True,1
dynamic_few_shot_k3,qwen3-14b,v2_json_fewshot_k3,62,0,3,0,0,True,1.0,4453,False,Entertainment,True,1
dynamic_few_shot_k3,qwen3-14b,v2_json_fewshot_k3,63,0,3,3,3,True,1.0,3507,False,Entertainment,True,1
dynamic_few_shot_k3,qwen3-14b,v2_json_fewshot_k3,64,0,7,1,1,True,1.0,3097,False,Entertainment,True,1
dynamic_few_shot_k3,qwen3-14b,v2_json_fewshot_k3,65,0,11,0,0,True,1.0,4021,False,Entertainment,True,1
dynamic_few_shot_k3,qwen3-14b,v2_json_fewshot_k3,66,0,12,1,1,True,1.0,4222,False,Entertainment,True,1
dynamic_few_shot_k3,qwen3-14b,v2_json_fewshot_k3,69,0,10,1,1,True,1.0,3332,False,Entertainment,True,1
dynamic_few_shot_k3,qwen3-14b,v2_json_fewshot_k3,70,0,1,3,3,True,1.0,3484,False,Entertainment,True,1
dynamic_few_shot_k3,qwen3-14b,v2_json_fewshot_k3,72,0,9,1,1,True,1.0,2955,False,Entertainment,True,1
dynamic_few_shot_k3,qwen3-14b,v2_json_fewshot_k3,73,0,2,3,1,False,1.0,3500,False,Entertainment,False,0
dynamic_few_shot_k3,qwen3-14b,v2_json_fewshot_k3,75,0,15,3,3,True,1.0,4646,False,Entertainment,True,1
dynamic_few_shot_k3,qwen3-14b,v2_json_fewshot_k3,76,0,4,1,1,True,1.0,3920,False,Entertainment,True,1
dynamic_few_shot_k3,qwen3-14b,v2_json_fewshot_k3,77,0,1,0,0,True,1.0,3729,False,Entertainment,True,1
dynamic_few_shot_k3,qwen3-14b,v2_json_fewshot_k3,78,0,6,0,0,True,1.0,3561,False,Entertainment,True,1
dynamic_few_shot_k3,qwen3-14b,v2_json_fewshot_k3,80,0,6,3,3,True,1.0,3484,False,Entertainment,True,1
dynamic_few_shot_k3,qwen3-14b,v2_json_fewshot_k3,82,0,8,3,3,True,1.0,3024,False,Entertainment,True,1
dynamic_few_shot_k3,qwen3-14b,v2_json_fewshot_k3,83,0,15,1,1,True,1.0,5317,False,Entertainment,True,1
dynamic_few_shot_k3,qwen3-14b,v2_json_fewshot_k3,86,0,8,1,1,True,1.0,4564,False,Entertainment,True,1
dynamic_few_shot_k3,qwen3-14b,v2_json_fewshot_k3,88,0,4,3,3,True,1.0,3203,False,Entertainment,True,1
dynamic_few_shot_k3,qwen3-14b,v2_json_fewshot_k3,89,0,1,3,3,True,1.0,2659,False,Entertainment,True,1
dynamic_few_shot_k3,qwen3-14b,v2_json_fewshot_k3,90,0,2,0,3,False,1.0,3028,False,Entertainment,False,0
dynamic_few_shot_k3,qwen3-14b,v2_json_fewshot_k3,91,0,2,1,1,True,1.0,3424,False,Entertainment,True,1
dynamic_few_shot_k3,qwen3-14b,v2_json_fewshot_k3,93,0,6,3,3,True,1.0,4957,False,Entertainment,True,1
dynamic_few_shot_k3,qwen3-14b,v2_json_fewshot_k3,94,0,2,1,3,False,1.0,3203,False,Entertainment,False,0
dynamic_few_shot_k3,qwen3-14b,v2_json_fewshot_k3,96,0,2,1,1,True,1.0,3025,False,Entertainment,True,1
dynamic_few_shot_k3,qwen3-14b,v2_json_fewshot_k3,98,0,3,2,1,False,1.0,4070,False,Entertainment,False,0
dynamic_few_shot_k3,qwen3-14b,v2_json_fewshot_k3,99,0,2,0,0,True,1.0,3059,False,Entertainment,True,1
dynamic_few_shot_k3,qwen3-14b,v2_json_fewshot_k3,101,0,1,1,1,True,1.0,4058,False,Entertainment,True,1
dynamic_few_shot_k3,qwen3-14b,v2_json_fewshot_k3,103,0,9,1,1,True,1.0,4251,False,Entertainment,True,1
dynamic_few_shot_k3,qwen3-14b,v2_json_fewshot_k3,104,0,1,1,2,False,1.0,3010,False,Entertainment,False,0
dynamic_few_shot_k3,qwen3-14b,v2_json_fewshot_k3,106,0,3,2,2,True,1.0,3180,False,Entertainment,True,1
dynamic_few_shot_k3,qwen3-14b,v2_json_fewshot_k3,107,0,9,3,3,True,1.0,3848,False,Entertainment,True,1
dynamic_few_shot_k3,qwen3-14b,v2_json_fewshot_k3,108,0,3,0,0,True,1.0,2918,False,Entertainment,True,1
dynamic_few_shot_k3,qwen3-14b,v2_json_fewshot_k3,109,0,9,2,2,True,1.0,3231,False,Entertainment,True,1
dynamic_few_shot_k3,qwen3-14b,v2_json_fewshot_k3,110,0,6,3,3,True,1.0,3513,False,Entertainment,True,1
dynamic_few_shot_k3,qwen3-14b,v2_json_fewshot_k3,111,0,9,2,2,True,1.0,3388,False,Entertainment,True,1
dynamic_few_shot_k3,qwen3-14b,v2_json_fewshot_k3,112,0,1,1,3,False,1.0,3018,False,Entertainment,False,0
dynamic_few_shot_k3,qwen3-14b,v2_json_fewshot_k3,113,0,1,1,1,True,1.0,2541,False,Entertainment,True,1
dynamic_few_shot_k3,qwen3-14b,v2_json_fewshot_k3,115,0,5,1,1,True,1.0,2826,False,Entertainment,True,1
dynamic_few_shot_k3,qwen3-14b,v2_json_fewshot_k3,117,0,5,3,3,True,1.0,3548,False,Entertainment,True,1
dynamic_few_shot_k3,qwen3-14b,v2_json_fewshot_k3,118,0,6,3,3,True,1.0,3274,False,Entertainment,True,1
dynamic_few_shot_k3,qwen3-14b,v2_json_fewshot_k3,119,0,7,0,0,True,1.0,4446,False,Entertainment,True,1
dynamic_few_shot_k3,qwen3-14b,v2_json_fewshot_k3,121,0,4,0,0,True,1.0,3767,False,Entertainment,True,1
dynamic_few_shot_k3,qwen3-14b,v2_json_fewshot_k3,122,0,3,0,0,True,1.0,2656,False,Entertainment,True,1
dynamic_few_shot_k3,qwen3-14b,v2_json_fewshot_k3,124,0,6,2,2,True,1.0,3815,False,Entertainment,True,1
dynamic_few_shot_k3,qwen3-14b,v2_json_fewshot_k3,125,0,15,3,3,True,1.0,3602,False,Entertainment,True,1
dynamic_few_shot_k3,qwen3-14b,v2_json_fewshot_k3,126,0,11,1,1,True,1.0,4203,False,Entertainment,True,1
dynamic_few_shot_k3,qwen3-14b,v2_json_fewshot_k3,128,0,2,2,0,False,1.0,3467,False,Entertainment,False,0
dynamic_few_shot_k3,qwen3-14b,v2_json_fewshot_k3,130,0,9,2,2,True,1.0,2663,False,Entertainment,True,1
dynamic_few_shot_k3,qwen3-14b,v2_json_fewshot_k3,132,0,8,2,2,True,1.0,3391,False,Entertainment,True,1
dynamic_few_shot_k3,qwen3-14b,v2_json_fewshot_k3,133,0,2,0,3,False,1.0,2926,False,Entertainment,False,0
dynamic_few_shot_k3,qwen3-14b,v2_json_fewshot_k3,134,0,12,3,3,True,1.0,2881,False,Entertainment,True,1
dynamic_few_shot_k3,qwen3-14b,v2_json_fewshot_k3,136,0,4,0,1,False,1.0,3456,False,Entertainment,False,0
dynamic_few_shot_k3,qwen3-14b,v2_json_fewshot_k3,139,0,6,0,0,True,1.0,3030,False,Entertainment,True,1
dynamic_few_shot_k3,qwen3-14b,v2_json_fewshot_k3,140,0,1,3,3,True,1.0,2722,False,Entertainment,True,1
dynamic_few_shot_k3,qwen3-14b,v2_json_fewshot_k3,143,0,9,3,3,True,1.0,3462,False,Entertainment,True,1
dynamic_few_shot_k3,qwen3-14b,v2_json_fewshot_k3,144,0,6,0,0,True,1.0,2917,False,Entertainment,True,1
dynamic_few_shot_k3,qwen3-14b,v2_json_fewshot_k3,145,0,12,1,1,True,1.0,4217,False,Entertainment,True,1
dynamic_few_shot_k3,qwen3-14b,v2_json_fewshot_k3,146,0,6,3,3,True,1.0,4996,False,Entertainment,True,1
dynamic_few_shot_k3,qwen3-14b,v2_json_fewshot_k3,147,0,1,2,2,True,1.0,3329,False,Entertainment,True,1
dynamic_few_shot_k3,qwen3-14b,v2_json_fewshot_k3,148,0,10,1,1,True,1.0,3189,False,Entertainment,True,1
dynamic_few_shot_k3,qwen3-14b,v2_json_fewshot_k3,149,0,7,3,2,False,1.0,2646,False,Entertainment,False,0
dynamic_few_shot_k3,qwen3-14b,v2_json_fewshot_k3,150,0,3,1,1,True,1.0,3359,False,Entertainment,True,1
dynamic_few_shot_k3,qwen3-14b,v2_json_fewshot_k3,152,0,8,3,3,True,1.0,2746,False,Entertainment,True,1
dynamic_few_shot_k3,qwen3-14b,v2_json_fewshot_k3,154,0,2,0,0,True,1.0,3818,False,Entertainment,True,1
dynamic_few_shot_k3,qwen3-14b,v2_json_fewshot_k3,156,0,1,3,3,True,1.0,3777,False,Entertainment,True,1
dynamic_few_shot_k3,qwen3-14b,v2_json_fewshot_k3,157,0,3,2,2,True,1.0,3311,False,Entertainment,True,1
dynamic_few_shot_k3,qwen3-14b,v2_json_fewshot_k3,159,0,6,3,3,True,1.0,2761,False,Entertainment,True,1
dynamic_few_shot_k3,qwen3-14b,v2_json_fewshot_k3,160,0,2,1,1,True,1.0,3130,False,Entertainment,True,1
dynamic_few_shot_k3,qwen3-14b,v2_json_fewshot_k3,162,0,1,0,0,True,1.0,3544,False,Entertainment,True,1
dynamic_few_shot_k3,qwen3-14b,v2_json_fewshot_k3,165,0,5,0,3,False,1.0,2894,False,Entertainment,False,0
dynamic_few_shot_k3,qwen3-14b,v2_json_fewshot_k3,166,0,2,2,2,True,1.0,5179,False,Entertainment,True,1
dynamic_few_shot_k3,qwen3-14b,v2_json_fewshot_k3,167,0,4,3,3,True,1.0,3056,False,Entertainment,True,1
dynamic_few_shot_k3,qwen3-14b,v2_json_fewshot_k3,169,0,1,0,0,True,1.0,3671,False,Entertainment,True,1
dynamic_few_shot_k3,qwen3-14b,v2_json_fewshot_k3,173,0,5,3,3,True,1.0,4214,False,Entertainment,True,1
dynamic_few_shot_k3,qwen3-14b,v2_json_fewshot_k3,174,0,2,1,1,True,1.0,4262,False,Entertainment,True,1
dynamic_few_shot_k3,qwen3-14b,v2_json_fewshot_k3,175,0,2,2,2,True,1.0,3456,False,Entertainment,True,1
dynamic_few_shot_k3,qwen3-14b,v2_json_fewshot_k3,176,0,2,2,2,True,1.0,2940,False,Entertainment,True,1
dynamic_few_shot_k3,qwen3-14b,v2_json_fewshot_k3,180,0,1,2,2,True,1.0,3657,False,Entertainment,True,1
dynamic_few_shot_k3,qwen3-14b,v2_json_fewshot_k3,181,0,11,1,1,True,1.0,2827,False,Entertainment,True,1
dynamic_few_shot_k3,qwen3-14b,v2_json_fewshot_k3,182,0,3,0,0,True,1.0,2624,False,Entertainment,True,1
dynamic_few_shot_k3,qwen3-14b,v2_json_fewshot_k3,183,0,10,1,1,True,1.0,3609,False,Entertainment,True,1
dynamic_few_shot_k3,qwen3-14b,v2_json_fewshot_k3,184,0,13,1,1,True,1.0,3320,False,Entertainment,True,1
dynamic_few_shot_k3,qwen3-14b,v2_json_fewshot_k3,186,0,3,3,3,True,1.0,2867,False,Entertainment,True,1
dynamic_few_shot_k3,qwen3-14b,v2_json_fewshot_k3,187,0,8,3,3,True,1.0,3581,False,Entertainment,True,1
dynamic_few_shot_k3,qwen3-14b,v2_json_fewshot_k3,188,0,6,2,2,True,1.0,3495,False,Entertainment,True,1
dynamic_few_shot_k3,qwen3-14b,v2_json_fewshot_k3,189,0,8,3,3,True,1.0,2710,False,Entertainment,True,1
dynamic_few_shot_k3,qwen3-14b,v2_json_fewshot_k3,190,0,5,2,2,True,1.0,3283,False,Entertainment,True,1
dynamic_few_shot_k3,qwen3-14b,v2_json_fewshot_k3,191,0,1,0,0,True,1.0,3342,False,Entertainment,True,1
dynamic_few_shot_k3,qwen3-14b,v2_json_fewshot_k3,192,0,6,3,3,True,1.0,3005,False,Entertainment,True,1
dynamic_few_shot_k3,qwen3-14b,v2_json_fewshot_k3,193,0,8,2,2,True,1.0,3783,False,Entertainment,True,1
dynamic_few_shot_k3,qwen3-14b,v2_json_fewshot_k3,194,0,7,1,1,True,1.0,3461,False,Entertainment,True,1
dynamic_few_shot_k3,qwen3-14b,v2_json_fewshot_k3,195,0,1,3,3,True,1.0,3004,False,Entertainment,True,1
dynamic_few_shot_k3,qwen3-14b,v2_json_fewshot_k3,196,0,7,0,0,True,1.0,3243,False,Entertainment,True,1
dynamic_few_shot_k3,qwen3-14b,v2_json_fewshot_k3,197,0,2,3,3,True,1.0,2860,False,Entertainment,True,1
dynamic_few_shot_k3,qwen3-14b,v2_json_fewshot_k3,198,0,10,3,3,True,1.0,3409,False,Entertainment,True,1
dynamic_few_shot_k3,qwen3-14b,v2_json_fewshot_k3,202,0,8,0,0,True,1.0,3236,False,Entertainment,True,1
dynamic_few_shot_k3,qwen3-14b,v2_json_fewshot_k3,203,0,2,3,3,True,1.0,3327,False,Entertainment,True,1
dynamic_few_shot_k3,qwen3-14b,v2_json_fewshot_k3,204,0,3,1,1,True,1.0,3608,False,Entertainment,True,1
dynamic_few_shot_k3,qwen3-14b,v2_json_fewshot_k3,205,0,3,3,3,True,1.0,2967,False,Entertainment,True,1
dynamic_few_shot_k3,qwen3-14b,v2_json_fewshot_k3,206,0,8,0,0,True,1.0,3780,False,Entertainment,True,1
dynamic_few_shot_k3,qwen3-14b,v2_json_fewshot_k3,207,0,5,2,2,True,1.0,3822,False,Entertainment,True,1
dynamic_few_shot_k3,qwen3-14b,v2_json_fewshot_k3,208,0,10,2,2,True,1.0,3517,False,Entertainment,True,1
dynamic_few_shot_k3,qwen3-14b,v2_json_fewshot_k3,209,0,2,3,3,True,1.0,3100,False,Entertainment,True,1
dynamic_few_shot_k3,qwen3-14b,v2_json_fewshot_k3,210,0,9,1,1,True,1.0,3727,False,Entertainment,True,1
dynamic_few_shot_k3,qwen3-14b,v2_json_fewshot_k3,213,0,10,1,1,True,1.0,3527,False,Entertainment,True,1
dynamic_few_shot_k3,qwen3-14b,v2_json_fewshot_k3,214,0,10,2,2,True,1.0,3218,False,Entertainment,True,1
dynamic_few_shot_k3,qwen3-14b,v2_json_fewshot_k3,215,0,8,3,3,True,1.0,3765,False,Entertainment,True,1
dynamic_few_shot_k3,qwen3-14b,v2_json_fewshot_k3,216,0,10,2,2,True,1.0,3549,False,Entertainment,True,1
dynamic_few_shot_k3,qwen3-14b,v2_json_fewshot_k3,217,0,9,0,0,True,1.0,3771,False,Entertainment,True,1
dynamic_few_shot_k3,qwen3-14b,v2_json_fewshot_k3,218,0,7,2,2,True,1.0,3998,False,Entertainment,True,1
dynamic_few_shot_k3,qwen3-14b,v2_json_fewshot_k3,219,0,8,1,1,True,1.0,4051,False,Entertainment,True,1
dynamic_few_shot_k3,qwen3-14b,v2_json_fewshot_k3,222,0,2,2,2,True,1.0,4772,False,Entertainment,True,1
dynamic_few_shot_k3,qwen3-14b,v2_json_fewshot_k3,223,0,3,2,2,True,1.0,3617,False,Entertainment,True,1
dynamic_few_shot_k3,qwen3-14b,v2_json_fewshot_k3,224,0,1,3,3,True,1.0,3303,False,Entertainment,True,1
dynamic_few_shot_k3,qwen3-14b,v2_json_fewshot_k3,225,0,10,3,3,True,1.0,2997,False,Entertainment,True,1
dynamic_few_shot_k3,qwen3-14b,v2_json_fewshot_k3,227,0,7,0,0,True,1.0,3622,False,Entertainment,True,1
dynamic_few_shot_k3,qwen3-14b,v2_json_fewshot_k3,229,0,3,2,2,True,1.0,2766,False,Entertainment,True,1
dynamic_few_shot_k3,qwen3-14b,v2_json_fewshot_k3,230,0,1,2,2,True,1.0,3183,False,Entertainment,True,1
dynamic_few_shot_k3,qwen3-14b,v2_json_fewshot_k3,231,0,8,0,0,True,1.0,3216,False,Entertainment,True,1
dynamic_few_shot_k3,qwen3-14b,v2_json_fewshot_k3,232,0,10,0,0,True,1.0,2970,False,Entertainment,True,1
dynamic_few_shot_k3,qwen3-14b,v2_json_fewshot_k3,233,0,2,0,0,True,1.0,3708,False,Entertainment,True,1
dynamic_few_shot_k3,qwen3-14b,v2_json_fewshot_k3,234,0,6,2,0,False,1.0,3644,False,Entertainment,False,0
dynamic_few_shot_k3,qwen3-14b,v2_json_fewshot_k3,235,0,2,2,2,True,1.0,3696,False,Entertainment,True,1
dynamic_few_shot_k3,qwen3-14b,v2_json_fewshot_k3,236,0,4,0,0,True,1.0,3846,False,Entertainment,True,1
dynamic_few_shot_k3,qwen3-14b,v2_json_fewshot_k3,237,0,11,0,0,True,1.0,3342,False,Entertainment,True,1
dynamic_few_shot_k3,qwen3-14b,v2_json_fewshot_k3,240,0,1,1,1,True,1.0,3913,False,Entertainment,True,1
dynamic_few_shot_k3,qwen3-14b,v2_json_fewshot_k3,241,0,4,1,1,True,1.0,3432,False,Entertainment,True,1
dynamic_few_shot_k3,qwen3-14b,v2_json_fewshot_k3,245,0,1,0,0,True,1.0,3139,False,Entertainment,True,1
dynamic_few_shot_k3,qwen3-14b,v2_json_fewshot_k3,247,0,8,3,3,True,1.0,3741,False,Entertainment,True,1
dynamic_few_shot_k3,qwen3-14b,v2_json_fewshot_k3,248,0,4,1,1,True,1.0,2888,False,Entertainment,True,1
dynamic_few_shot_k3,qwen3-14b,v2_json_fewshot_k3,250,0,3,3,3,True,1.0,4124,False,Entertainment,True,1
dynamic_few_shot_k3,qwen3-14b,v2_json_fewshot_k3,254,0,15,0,0,True,1.0,3981,False,Entertainment,True,1
dynamic_few_shot_k3,qwen3-14b,v2_json_fewshot_k3,256,0,8,2,2,True,1.0,3282,False,Entertainment,True,1
dynamic_few_shot_k3,qwen3-14b,v2_json_fewshot_k3,258,0,1,1,1,True,1.0,3336,False,Entertainment,True,1
dynamic_few_shot_k3,qwen3-14b,v2_json_fewshot_k3,259,0,2,2,2,True,1.0,3053,False,Entertainment,True,1
dynamic_few_shot_k3,qwen3-14b,v2_json_fewshot_k3,260,0,1,0,0,True,1.0,3834,False,Entertainment,True,1
dynamic_few_shot_k3,qwen3-14b,v2_json_fewshot_k3,261,0,3,3,3,True,1.0,2653,False,Entertainment,True,1
dynamic_few_shot_k3,qwen3-14b,v2_json_fewshot_k3,264,0,15,2,2,True,1.0,3155,False,Entertainment,True,1
dynamic_few_shot_k3,qwen3-14b,v2_json_fewshot_k3,266,0,6,0,0,True,1.0,3631,False,Entertainment,True,1
dynamic_few_shot_k3,qwen3-14b,v2_json_fewshot_k3,267,0,12,2,2,True,1.0,3639,False,Entertainment,True,1
dynamic_few_shot_k3,qwen3-14b,v2_json_fewshot_k3,268,0,1,3,3,True,1.0,3124,False,Entertainment,True,1
dynamic_few_shot_k3,qwen3-14b,v2_json_fewshot_k3,269,0,10,3,3,True,1.0,5480,False,Entertainment,True,1
dynamic_few_shot_k3,qwen3-14b,v2_json_fewshot_k3,270,0,13,2,3,False,1.0,2699,False,Entertainment,False,0
dynamic_few_shot_k3,qwen3-14b,v2_json_fewshot_k3,271,0,1,2,2,True,1.0,2864,False,Entertainment,True,1
dynamic_few_shot_k3,qwen3-14b,v2_json_fewshot_k3,274,0,4,0,0,True,1.0,3391,False,Entertainment,True,1
dynamic_few_shot_k3,qwen3-14b,v2_json_fewshot_k3,275,0,5,1,1,True,1.0,3224,False,Entertainment,True,1
dynamic_few_shot_k3,qwen3-14b,v2_json_fewshot_k3,276,0,4,2,2,True,1.0,2711,False,Entertainment,True,1
dynamic_few_shot_k3,qwen3-14b,v2_json_fewshot_k3,280,0,1,1,1,True,1.0,3274,False,Entertainment,True,1
dynamic_few_shot_k3,qwen3-14b,v2_json_fewshot_k3,281,0,2,0,0,True,1.0,2927,False,Entertainment,True,1
dynamic_few_shot_k3,qwen3-14b,v2_json_fewshot_k3,283,0,15,0,0,True,1.0,3397,False,Entertainment,True,1
dynamic_few_shot_k3,qwen3-14b,v2_json_fewshot_k3,285,0,8,3,3,True,1.0,3949,False,Entertainment,True,1
dynamic_few_shot_k3,qwen3-14b,v2_json_fewshot_k3,287,0,5,0,0,True,1.0,3336,False,Entertainment,True,1
dynamic_few_shot_k3,qwen3-14b,v2_json_fewshot_k3,288,0,4,2,2,True,1.0,3270,False,Entertainment,True,1
dynamic_few_shot_k3,qwen3-14b,v2_json_fewshot_k3,289,0,3,0,0,True,1.0,2499,False,Entertainment,True,1
dynamic_few_shot_k3,qwen3-14b,v2_json_fewshot_k3,290,0,7,3,3,True,1.0,4573,False,Entertainment,True,1
dynamic_few_shot_k3,qwen3-14b,v2_json_fewshot_k3,291,0,14,3,3,True,1.0,4256,False,Entertainment,True,1
dynamic_few_shot_k3,qwen3-14b,v2_json_fewshot_k3,292,0,1,3,3,True,1.0,4103,False,Entertainment,True,1
dynamic_few_shot_k3,qwen3-14b,v2_json_fewshot_k3,293,0,10,0,0,True,1.0,3378,False,Entertainment,True,1
dynamic_few_shot_k3,qwen3-14b,v2_json_fewshot_k3,297,0,8,1,1,True,1.0,3265,False,Entertainment,True,1
dynamic_few_shot_k3,qwen3-14b,v2_json_fewshot_k3,299,0,5,0,0,True,1.0,3856,False,Entertainment,True,1
dynamic_few_shot_k3,qwen3-14b,v2_json_fewshot_k3,300,0,2,2,2,True,1.0,3594,False,Entertainment,True,1
dynamic_few_shot_k3,qwen3-14b,v2_json_fewshot_k3,301,0,5,1,1,True,1.0,5213,False,Entertainment,True,1
dynamic_few_shot_k3,qwen3-14b,v2_json_fewshot_k3,302,0,13,2,2,True,1.0,3295,False,Entertainment,True,1
zero_shot,gemma3-12b,v1,2,0,7,2,2,True,0.95,13020,False,Entertainment,True,1
zero_shot,gemma3-12b,v1,3,0,3,3,2,False,1.0,13412,False,Entertainment,False,0
zero_shot,gemma3-12b,v1,7,0,14,2,2,True,0.95,14152,False,Entertainment,True,1
zero_shot,gemma3-12b,v1,8,0,6,0,0,True,0.95,12594,False,Entertainment,True,1
zero_shot,gemma3-12b,v1,9,0,4,1,1,True,0.95,10639,False,Entertainment,True,1
zero_shot,gemma3-12b,v1,10,0,2,2,0,False,0.95,10345,False,Entertainment,False,0
zero_shot,gemma3-12b,v1,11,0,5,3,3,True,0.95,12414,False,Entertainment,True,1
zero_shot,gemma3-12b,v1,12,0,4,2,2,True,1.0,11099,False,Entertainment,True,1
zero_shot,gemma3-12b,v1,13,0,15,0,0,True,1.0,11086,False,Entertainment,True,1
zero_shot,gemma3-12b,v1,14,0,5,2,2,True,0.95,12063,False,Entertainment,True,1
zero_shot,gemma3-12b,v1,15,0,2,3,3,True,0.95,13994,False,Entertainment,True,1
zero_shot,gemma3-12b,v1,16,0,1,2,2,True,1.0,11861,False,Entertainment,True,1
zero_shot,gemma3-12b,v1,17,0,6,2,2,True,0.95,15731,False,Entertainment,True,1
zero_shot,gemma3-12b,v1,19,0,8,3,3,True,0.95,12890,False,Entertainment,True,1
zero_shot,gemma3-12b,v1,20,0,4,3,0,False,0.95,15723,False,Entertainment,False,0
zero_shot,gemma3-12b,v1,21,0,7,0,0,True,0.95,12450,False,Entertainment,True,1
zero_shot,gemma3-12b,v1,23,0,1,0,0,True,0.95,11413,False,Entertainment,True,1
zero_shot,gemma3-12b,v1,26,0,7,1,1,True,0.95,11267,False,Entertainment,True,1
zero_shot,gemma3-12b,v1,27,0,2,2,3,False,0.95,12381,False,Entertainment,False,0
zero_shot,gemma3-12b,v1,28,0,1,2,2,True,1.0,12486,False,Entertainment,True,1
zero_shot,gemma3-12b,v1,34,0,1,1,1,True,1.0,12425,False,Entertainment,True,1
zero_shot,gemma3-12b,v1,35,0,5,3,3,True,0.95,14327,False,Entertainment,True,1
zero_shot,gemma3-12b,v1,36,0,14,3,2,False,0.95,15199,False,Entertainment,False,0
zero_shot,gemma3-12b,v1,40,0,3,3,1,False,0.95,13784,False,Entertainment,False,0
zero_shot,gemma3-12b,v1,42,0,1,0,0,True,1.0,10904,False,Entertainment,True,1
zero_shot,gemma3-12b,v1,44,0,3,2,2,True,0.95,14888,False,Entertainment,True,1
zero_shot,gemma3-12b,v1,45,0,1,2,2,True,0.95,13442,False,Entertainment,True,1
zero_shot,gemma3-12b,v1,46,0,12,0,0,True,1.0,9580,False,Entertainment,True,1
zero_shot,gemma3-12b,v1,47,0,14,2,2,True,0.95,11371,False,Entertainment,True,1
zero_shot,gemma3-12b,v1,48,0,2,2,2,True,0.95,14951,False,Entertainment,True,1
zero_shot,gemma3-12b,v1,49,0,5,2,2,True,0.95,12472,False,Entertainment,True,1
zero_shot,gemma3-12b,v1,51,0,1,3,3,True,1.0,12174,False,Entertainment,True,1
zero_shot,gemma3-12b,v1,53,0,7,0,0,True,0.95,12493,False,Entertainment,True,1
zero_shot,gemma3-12b,v1,55,0,7,0,0,True,1.0,10878,False,Entertainment,True,1
zero_shot,gemma3-12b,v1,57,0,11,1,1,True,0.95,10375,False,Entertainment,True,1
zero_shot,gemma3-12b,v1,60,0,2,1,1,True,0.95,13280,False,Entertainment,True,1
zero_shot,gemma3-12b,v1,61,0,2,2,2,True,0.95,11906,False,Entertainment,True,1
zero_shot,gemma3-12b,v1,62,0,3,0,0,True,1.0,12089,False,Entertainment,True,1
zero_shot,gemma3-12b,v1,63,0,3,3,3,True,0.95,13711,False,Entertainment,True,1
zero_shot,gemma3-12b,v1,64,0,7,1,1,True,1.0,9064,False,Entertainment,True,1
zero_shot,gemma3-12b,v1,65,0,11,0,0,True,0.95,15403,False,Entertainment,True,1
zero_shot,gemma3-12b,v1,66,0,12,1,1,True,0.95,10544,False,Entertainment,True,1
zero_shot,gemma3-12b,v1,69,0,10,1,1,True,0.95,10026,False,Entertainment,True,1
zero_shot,gemma3-12b,v1,70,0,1,3,3,True,0.95,12136,False,Entertainment,True,1
zero_shot,gemma3-12b,v1,72,0,9,1,1,True,1.0,13533,False,Entertainment,True,1
zero_shot,gemma3-12b,v1,73,0,2,3,1,False,0.95,14966,False,Entertainment,False,0
zero_shot,gemma3-12b,v1,75,0,15,3,3,True,0.95,14359,False,Entertainment,True,1
zero_shot,gemma3-12b,v1,76,0,4,1,1,True,0.95,13585,False,Entertainment,True,1
zero_shot,gemma3-12b,v1,77,0,1,0,0,True,0.95,10729,False,Entertainment,True,1
zero_shot,gemma3-12b,v1,78,0,6,0,0,True,0.95,12389,False,Entertainment,True,1
zero_shot,gemma3-12b,v1,80,0,6,3,3,True,0.95,13834,False,Entertainment,True,1
zero_shot,gemma3-12b,v1,82,0,8,3,3,True,1.0,12271,False,Entertainment,True,1
zero_shot,gemma3-12b,v1,83,0,15,1,1,True,0.95,15471,False,Entertainment,True,1
zero_shot,gemma3-12b,v1,86,0,8,1,1,True,0.95,11447,False,Entertainment,True,1
zero_shot,gemma3-12b,v1,88,0,4,3,3,True,0.95,13501,False,Entertainment,True,1
zero_shot,gemma3-12b,v1,89,0,1,3,3,True,0.95,14816,False,Entertainment,True,1
zero_shot,gemma3-12b,v1,90,0,2,0,3,False,0.95,14370,False,Entertainment,False,0
zero_shot,gemma3-12b,v1,91,0,2,1,1,True,1.0,10668,False,Entertainment,True,1
zero_shot,gemma3-12b,v1,93,0,6,3,3,True,0.95,12828,False,Entertainment,True,1
zero_shot,gemma3-12b,v1,94,0,2,3,3,True,0.95,13169,False,Entertainment,True,1
zero_shot,gemma3-12b,v1,96,0,2,1,1,True,0.95,10691,False,Entertainment,True,1
zero_shot,gemma3-12b,v1,98,0,3,1,1,True,0.95,13229,False,Entertainment,True,1
zero_shot,gemma3-12b,v1,99,0,2,0,0,True,0.95,11316,False,Entertainment,True,1
zero_shot,gemma3-12b,v1,101,0,1,1,1,True,0.95,14561,False,Entertainment,True,1
zero_shot,gemma3-12b,v1,103,0,9,3,1,False,0.95,12604,False,Entertainment,False,0
zero_shot,gemma3-12b,v1,104,0,1,2,2,True,0.95,12317,False,Entertainment,True,1
zero_shot,gemma3-12b,v1,106,0,3,2,2,True,0.95,12126,False,Entertainment,True,1
zero_shot,gemma3-12b,v1,107,0,9,3,3,True,0.95,12116,False,Entertainment,True,1
zero_shot,gemma3-12b,v1,108,0,3,0,0,True,0.95,12094,False,Entertainment,True,1
zero_shot,gemma3-12b,v1,109,0,9,2,2,True,0.95,11770,False,Entertainment,True,1
zero_shot,gemma3-12b,v1,110,0,6,3,3,True,0.95,9851,False,Entertainment,True,1
zero_shot,gemma3-12b,v1,111,0,9,2,2,True,0.95,15116,False,Entertainment,True,1
zero_shot,gemma3-12b,v1,112,0,1,1,3,False,0.95,11152,False,Entertainment,False,0
zero_shot,gemma3-12b,v1,113,0,1,1,1,True,0.95,11300,False,Entertainment,True,1
zero_shot,gemma3-12b,v1,115,0,5,1,1,True,0.95,11351,False,Entertainment,True,1
zero_shot,gemma3-12b,v1,117,0,5,3,3,True,0.99,12477,False,Entertainment,True,1
zero_shot,gemma3-12b,v1,118,0,6,2,3,False,0.95,11223,False,Entertainment,False,0
zero_shot,gemma3-12b,v1,119,0,7,0,0,True,0.95,11996,False,Entertainment,True,1
zero_shot,gemma3-12b,v1,121,0,4,0,0,True,1.0,12156,False,Entertainment,True,1
zero_shot,gemma3-12b,v1,122,0,3,0,0,True,1.0,10362,False,Entertainment,True,1
zero_shot,gemma3-12b,v1,124,0,6,2,2,True,0.95,10714,False,Entertainment,True,1
zero_shot,gemma3-12b,v1,125,0,15,3,3,True,0.95,11553,False,Entertainment,True,1
zero_shot,gemma3-12b,v1,126,0,11,1,1,True,0.8,13809,False,Entertainment,True,1
zero_shot,gemma3-12b,v1,128,0,2,3,0,False,0.8,10354,False,Entertainment,False,0
zero_shot,gemma3-12b,v1,130,0,9,2,2,True,1.0,13186,False,Entertainment,True,1
zero_shot,gemma3-12b,v1,132,0,8,2,2,True,0.95,13540,False,Entertainment,True,1
zero_shot,gemma3-12b,v1,133,0,2,3,3,True,0.7,14975,False,Entertainment,True,1
zero_shot,gemma3-12b,v1,134,0,12,3,3,True,0.95,13057,False,Entertainment,True,1
zero_shot,gemma3-12b,v1,136,0,4,0,1,False,0.95,12910,False,Entertainment,False,0
zero_shot,gemma3-12b,v1,139,0,6,0,0,True,0.95,12101,False,Entertainment,True,1
zero_shot,gemma3-12b,v1,140,0,1,0,3,False,1.0,12010,False,Entertainment,False,0
zero_shot,gemma3-12b,v1,143,0,9,3,3,True,0.95,16308,False,Entertainment,True,1
zero_shot,gemma3-12b,v1,144,0,6,0,0,True,0.95,12380,False,Entertainment,True,1
zero_shot,gemma3-12b,v1,145,0,12,3,1,False,0.95,15007,False,Entertainment,False,0
zero_shot,gemma3-12b,v1,146,0,6,3,3,True,1.0,11315,False,Entertainment,True,1
zero_shot,gemma3-12b,v1,147,0,1,2,2,True,1.0,11513,False,Entertainment,True,1
zero_shot,gemma3-12b,v1,148,0,10,1,1,True,0.95,13517,False,Entertainment,True,1
zero_shot,gemma3-12b,v1,149,0,7,2,2,True,1.0,9986,False,Entertainment,True,1
zero_shot,gemma3-12b,v1,150,0,3,1,1,True,0.95,10565,False,Entertainment,True,1
zero_shot,gemma3-12b,v1,152,0,8,3,3,True,0.95,11523,False,Entertainment,True,1
zero_shot,gemma3-12b,v1,154,0,2,0,0,True,0.95,12887,False,Entertainment,True,1
zero_shot,gemma3-12b,v1,156,0,1,3,3,True,0.95,15861,False,Entertainment,True,1
zero_shot,gemma3-12b,v1,157,0,3,2,2,True,0.95,11355,False,Entertainment,True,1
zero_shot,gemma3-12b,v1,159,0,6,2,3,False,0.95,10199,False,Entertainment,False,0
zero_shot,gemma3-12b,v1,160,0,2,1,1,True,0.95,12639,False,Entertainment,True,1
zero_shot,gemma3-12b,v1,162,0,1,0,0,True,0.95,11620,False,Entertainment,True,1
zero_shot,gemma3-12b,v1,165,0,5,3,3,True,0.95,12001,False,Entertainment,True,1
zero_shot,gemma3-12b,v1,166,0,2,2,2,True,1.0,14858,False,Entertainment,True,1
zero_shot,gemma3-12b,v1,167,0,4,3,3,True,1.0,11178,False,Entertainment,True,1
zero_shot,gemma3-12b,v1,169,0,1,0,0,True,0.95,10667,False,Entertainment,True,1
zero_shot,gemma3-12b,v1,173,0,5,2,3,False,0.95,15234,False,Entertainment,False,0
zero_shot,gemma3-12b,v1,174,0,2,1,1,True,0.95,12895,False,Entertainment,True,1
zero_shot,gemma3-12b,v1,175,0,2,2,2,True,0.95,10770,False,Entertainment,True,1
zero_shot,gemma3-12b,v1,176,0,2,3,2,False,0.95,11284,False,Entertainment,False,0
zero_shot,gemma3-12b,v1,180,0,1,2,2,True,0.95,12886,False,Entertainment,True,1
zero_shot,gemma3-12b,v1,181,0,11,1,1,True,1.0,10544,False,Entertainment,True,1
zero_shot,gemma3-12b,v1,182,0,3,0,0,True,0.95,14360,False,Entertainment,True,1
zero_shot,gemma3-12b,v1,183,0,10,1,1,True,0.95,13585,False,Entertainment,True,1
zero_shot,gemma3-12b,v1,184,0,13,1,1,True,0.95,12501,False,Entertainment,True,1
zero_shot,gemma3-12b,v1,186,0,3,3,3,True,1.0,12173,False,Entertainment,True,1
zero_shot,gemma3-12b,v1,187,0,8,3,3,True,0.95,12611,False,Entertainment,True,1
zero_shot,gemma3-12b,v1,188,0,6,1,2,False,0.95,12279,False,Entertainment,False,0
zero_shot,gemma3-12b,v1,189,0,8,3,3,True,0.95,11464,False,Entertainment,True,1
zero_shot,gemma3-12b,v1,190,0,5,2,2,True,0.95,14293,False,Entertainment,True,1
zero_shot,gemma3-12b,v1,191,0,1,0,0,True,1.0,12110,False,Entertainment,True,1
zero_shot,gemma3-12b,v1,192,0,6,3,3,True,0.95,11465,False,Entertainment,True,1
zero_shot,gemma3-12b,v1,193,0,8,2,2,True,0.95,10254,False,Entertainment,True,1
zero_shot,gemma3-12b,v1,194,0,7,1,1,True,0.95,13283,False,Entertainment,True,1
zero_shot,gemma3-12b,v1,195,0,1,3,3,True,1.0,10165,False,Entertainment,True,1
zero_shot,gemma3-12b,v1,196,0,7,0,0,True,0.95,14058,False,Entertainment,True,1
zero_shot,gemma3-12b,v1,197,0,2,3,3,True,0.95,10131,False,Entertainment,True,1
zero_shot,gemma3-12b,v1,198,0,10,3,3,True,0.95,13210,False,Entertainment,True,1
zero_shot,gemma3-12b,v1,202,0,8,0,0,True,0.95,11611,False,Entertainment,True,1
zero_shot,gemma3-12b,v1,203,0,2,3,3,True,0.95,13694,False,Entertainment,True,1
zero_shot,gemma3-12b,v1,204,0,3,0,1,False,0.95,12917,False,Entertainment,False,0
zero_shot,gemma3-12b,v1,205,0,3,1,3,False,0.95,14877,False,Entertainment,False,0
zero_shot,gemma3-12b,v1,206,0,8,0,0,True,0.8,10763,False,Entertainment,True,1
zero_shot,gemma3-12b,v1,207,0,5,2,2,True,0.95,15011,False,Entertainment,True,1
zero_shot,gemma3-12b,v1,208,0,10,2,2,True,1.0,10175,False,Entertainment,True,1
zero_shot,gemma3-12b,v1,209,0,2,3,3,True,0.95,12878,False,Entertainment,True,1
zero_shot,gemma3-12b,v1,210,0,9,1,1,True,0.95,12417,False,Entertainment,True,1
zero_shot,gemma3-12b,v1,213,0,10,1,1,True,0.95,18384,False,Entertainment,True,1
zero_shot,gemma3-12b,v1,214,0,10,2,2,True,0.95,13332,False,Entertainment,True,1
zero_shot,gemma3-12b,v1,215,0,8,3,3,True,1.0,14020,False,Entertainment,True,1
zero_shot,gemma3-12b,v1,216,0,10,2,2,True,0.95,13040,False,Entertainment,True,1
zero_shot,gemma3-12b,v1,217,0,9,0,0,True,0.95,13319,False,Entertainment,True,1
zero_shot,gemma3-12b,v1,218,0,7,2,2,True,0.95,13090,False,Entertainment,True,1
zero_shot,gemma3-12b,v1,219,0,8,1,1,True,0.95,16223,False,Entertainment,True,1
zero_shot,gemma3-12b,v1,222,0,2,2,2,True,0.95,12480,False,Entertainment,True,1
zero_shot,gemma3-12b,v1,223,0,3,2,2,True,0.95,17140,False,Entertainment,True,1
zero_shot,gemma3-12b,v1,224,0,1,3,3,True,0.95,13181,False,Entertainment,True,1
zero_shot,gemma3-12b,v1,225,0,10,3,3,True,0.95,12371,False,Entertainment,True,1
zero_shot,gemma3-12b,v1,227,0,7,0,0,True,0.95,11025,False,Entertainment,True,1
zero_shot,gemma3-12b,v1,229,0,3,2,2,True,1.0,9827,False,Entertainment,True,1
zero_shot,gemma3-12b,v1,230,0,1,2,2,True,0.95,13501,False,Entertainment,True,1
zero_shot,gemma3-12b,v1,231,0,8,0,0,True,0.95,14280,False,Entertainment,True,1
zero_shot,gemma3-12b,v1,232,0,10,0,0,True,0.95,11404,False,Entertainment,True,1
zero_shot,gemma3-12b,v1,233,0,2,0,0,True,0.95,13785,False,Entertainment,True,1
zero_shot,gemma3-12b,v1,234,0,6,1,0,False,0.95,12295,False,Entertainment,False,0
zero_shot,gemma3-12b,v1,235,0,2,2,2,True,0.95,13789,False,Entertainment,True,1
zero_shot,gemma3-12b,v1,236,0,4,0,0,True,0.95,11484,False,Entertainment,True,1
zero_shot,gemma3-12b,v1,237,0,11,0,0,True,0.95,12904,False,Entertainment,True,1
zero_shot,gemma3-12b,v1,240,0,1,1,1,True,1.0,15230,False,Entertainment,True,1
zero_shot,gemma3-12b,v1,241,0,4,1,1,True,0.95,12586,False,Entertainment,True,1
zero_shot,gemma3-12b,v1,245,0,1,0,0,True,0.95,15933,False,Entertainment,True,1
zero_shot,gemma3-12b,v1,247,0,8,3,3,True,0.95,11522,False,Entertainment,True,1
zero_shot,gemma3-12b,v1,248,0,4,1,1,True,0.95,10413,False,Entertainment,True,1
zero_shot,gemma3-12b,v1,250,0,3,3,3,True,0.99,11283,False,Entertainment,True,1
zero_shot,gemma3-12b,v1,254,0,15,0,0,True,0.95,13167,False,Entertainment,True,1
zero_shot,gemma3-12b,v1,256,0,8,2,2,True,0.95,14319,False,Entertainment,True,1
zero_shot,gemma3-12b,v1,258,0,1,1,1,True,1.0,9688,False,Entertainment,True,1
zero_shot,gemma3-12b,v1,259,0,2,2,2,True,0.95,14591,False,Entertainment,True,1
zero_shot,gemma3-12b,v1,260,0,1,0,0,True,0.95,11173,False,Entertainment,True,1
zero_shot,gemma3-12b,v1,261,0,3,3,3,True,0.95,13525,False,Entertainment,True,1
zero_shot,gemma3-12b,v1,264,0,15,2,2,True,0.95,11879,False,Entertainment,True,1
zero_shot,gemma3-12b,v1,266,0,6,0,0,True,0.95,14789,False,Entertainment,True,1
zero_shot,gemma3-12b,v1,267,0,12,2,2,True,0.95,14251,False,Entertainment,True,1
zero_shot,gemma3-12b,v1,268,0,1,3,3,True,0.95,14152,False,Entertainment,True,1
zero_shot,gemma3-12b,v1,269,0,10,3,3,True,0.95,11189,False,Entertainment,True,1
zero_shot,gemma3-12b,v1,270,0,13,1,3,False,0.95,16587,False,Entertainment,False,0
zero_shot,gemma3-12b,v1,271,0,1,2,2,True,1.0,10489,False,Entertainment,True,1
zero_shot,gemma3-12b,v1,274,0,4,0,0,True,0.95,12584,False,Entertainment,True,1
zero_shot,gemma3-12b,v1,275,0,5,1,1,True,1.0,10519,False,Entertainment,True,1
zero_shot,gemma3-12b,v1,276,0,4,2,2,True,0.95,14589,False,Entertainment,True,1
zero_shot,gemma3-12b,v1,280,0,1,1,1,True,0.95,12122,False,Entertainment,True,1
zero_shot,gemma3-12b,v1,281,0,2,0,0,True,0.95,11744,False,Entertainment,True,1
zero_shot,gemma3-12b,v1,283,0,15,0,0,True,0.95,15624,False,Entertainment,True,1
zero_shot,gemma3-12b,v1,285,0,8,3,3,True,1.0,13871,False,Entertainment,True,1
zero_shot,gemma3-12b,v1,287,0,5,0,0,True,0.95,12052,False,Entertainment,True,1
zero_shot,gemma3-12b,v1,288,0,4,2,2,True,0.95,16563,False,Entertainment,True,1
zero_shot,gemma3-12b,v1,289,0,3,0,0,True,0.95,15917,False,Entertainment,True,1
zero_shot,gemma3-12b,v1,290,0,7,3,3,True,0.95,15999,False,Entertainment,True,1
zero_shot,gemma3-12b,v1,291,0,14,3,3,True,0.95,11290,False,Entertainment,True,1
zero_shot,gemma3-12b,v1,292,0,1,2,3,False,0.95,12873,False,Entertainment,False,0
zero_shot,gemma3-12b,v1,293,0,10,0,0,True,0.95,13314,False,Entertainment,True,1
zero_shot,gemma3-12b,v1,297,0,8,1,1,True,0.95,10780,False,Entertainment,True,1
zero_shot,gemma3-12b,v1,299,0,5,0,0,True,0.95,11480,False,Entertainment,True,1
zero_shot,gemma3-12b,v1,300,0,2,2,2,True,0.95,13380,False,Entertainment,True,1
zero_shot,gemma3-12b,v1,301,0,5,1,1,True,0.95,14142,False,Entertainment,True,1
zero_shot,gemma3-12b,v1,302,0,13,2,2,True,0.95,12356,False,Entertainment,True,1
dynamic_few_shot_k3,gemma3-12b,v2_json_fewshot_k3,2,0,7,2,2,True,1.0,18478,False,Entertainment,True,1
dynamic_few_shot_k3,gemma3-12b,v2_json_fewshot_k3,3,0,3,2,2,True,1.0,8749,False,Entertainment,True,1
dynamic_few_shot_k3,gemma3-12b,v2_json_fewshot_k3,7,0,14,2,2,True,1.0,9297,False,Entertainment,True,1
dynamic_few_shot_k3,gemma3-12b,v2_json_fewshot_k3,8,0,6,0,0,True,1.0,9460,False,Entertainment,True,1
dynamic_few_shot_k3,gemma3-12b,v2_json_fewshot_k3,9,0,4,1,1,True,1.0,11691,False,Entertainment,True,1
dynamic_few_shot_k3,gemma3-12b,v2_json_fewshot_k3,10,0,2,2,0,False,1.0,9475,False,Entertainment,False,0
dynamic_few_shot_k3,gemma3-12b,v2_json_fewshot_k3,11,0,5,3,3,True,1.0,11457,False,Entertainment,True,1
dynamic_few_shot_k3,gemma3-12b,v2_json_fewshot_k3,12,0,4,2,2,True,1.0,8276,False,Entertainment,True,1
dynamic_few_shot_k3,gemma3-12b,v2_json_fewshot_k3,13,0,15,0,0,True,1.0,11504,False,Entertainment,True,1
dynamic_few_shot_k3,gemma3-12b,v2_json_fewshot_k3,14,0,5,2,2,True,1.0,13101,False,Entertainment,True,1
dynamic_few_shot_k3,gemma3-12b,v2_json_fewshot_k3,15,0,2,3,3,True,1.0,16201,False,Entertainment,True,1
dynamic_few_shot_k3,gemma3-12b,v2_json_fewshot_k3,16,0,1,2,2,True,1.0,13901,False,Entertainment,True,1
dynamic_few_shot_k3,gemma3-12b,v2_json_fewshot_k3,17,0,6,2,2,True,1.0,14239,False,Entertainment,True,1
dynamic_few_shot_k3,gemma3-12b,v2_json_fewshot_k3,19,0,8,3,3,True,1.0,11579,False,Entertainment,True,1
dynamic_few_shot_k3,gemma3-12b,v2_json_fewshot_k3,20,0,4,3,0,False,1.0,15650,False,Entertainment,False,0
dynamic_few_shot_k3,gemma3-12b,v2_json_fewshot_k3,21,0,7,0,0,True,1.0,8804,False,Entertainment,True,1
dynamic_few_shot_k3,gemma3-12b,v2_json_fewshot_k3,23,0,1,0,0,True,1.0,8604,False,Entertainment,True,1
dynamic_few_shot_k3,gemma3-12b,v2_json_fewshot_k3,26,0,7,1,1,True,1.0,12179,False,Entertainment,True,1
dynamic_few_shot_k3,gemma3-12b,v2_json_fewshot_k3,27,0,2,2,3,False,1.0,10247,False,Entertainment,False,0
dynamic_few_shot_k3,gemma3-12b,v2_json_fewshot_k3,28,0,1,2,2,True,1.0,11337,False,Entertainment,True,1
dynamic_few_shot_k3,gemma3-12b,v2_json_fewshot_k3,34,0,1,1,1,True,1.0,6241,False,Entertainment,True,1
dynamic_few_shot_k3,gemma3-12b,v2_json_fewshot_k3,35,0,5,3,3,True,1.0,8777,False,Entertainment,True,1
dynamic_few_shot_k3,gemma3-12b,v2_json_fewshot_k3,36,0,14,3,2,False,1.0,16850,False,Entertainment,False,0
dynamic_few_shot_k3,gemma3-12b,v2_json_fewshot_k3,40,0,3,0,1,False,1.0,9765,False,Entertainment,False,0
dynamic_few_shot_k3,gemma3-12b,v2_json_fewshot_k3,42,0,1,0,0,True,1.0,8272,False,Entertainment,True,1
dynamic_few_shot_k3,gemma3-12b,v2_json_fewshot_k3,44,0,3,2,2,True,1.0,12378,False,Entertainment,True,1
dynamic_few_shot_k3,gemma3-12b,v2_json_fewshot_k3,45,0,1,2,2,True,1.0,8864,False,Entertainment,True,1
dynamic_few_shot_k3,gemma3-12b,v2_json_fewshot_k3,46,0,12,0,0,True,1.0,11082,False,Entertainment,True,1
dynamic_few_shot_k3,gemma3-12b,v2_json_fewshot_k3,47,0,14,2,2,True,1.0,14621,False,Entertainment,True,1
dynamic_few_shot_k3,gemma3-12b,v2_json_fewshot_k3,48,0,2,2,2,True,1.0,15933,False,Entertainment,True,1
dynamic_few_shot_k3,gemma3-12b,v2_json_fewshot_k3,49,0,5,2,2,True,1.0,10945,False,Entertainment,True,1
dynamic_few_shot_k3,gemma3-12b,v2_json_fewshot_k3,51,0,1,3,3,True,1.0,9260,False,Entertainment,True,1
dynamic_few_shot_k3,gemma3-12b,v2_json_fewshot_k3,53,0,7,0,0,True,1.0,8512,False,Entertainment,True,1
dynamic_few_shot_k3,gemma3-12b,v2_json_fewshot_k3,55,0,7,0,0,True,1.0,14472,False,Entertainment,True,1
dynamic_few_shot_k3,gemma3-12b,v2_json_fewshot_k3,57,0,11,1,1,True,1.0,12198,False,Entertainment,True,1
dynamic_few_shot_k3,gemma3-12b,v2_json_fewshot_k3,60,0,2,0,1,False,1.0,9284,False,Entertainment,False,0
dynamic_few_shot_k3,gemma3-12b,v2_json_fewshot_k3,61,0,2,2,2,True,1.0,11977,False,Entertainment,True,1
dynamic_few_shot_k3,gemma3-12b,v2_json_fewshot_k3,62,0,3,0,0,True,1.0,8051,False,Entertainment,True,1
dynamic_few_shot_k3,gemma3-12b,v2_json_fewshot_k3,63,0,3,3,3,True,1.0,12809,False,Entertainment,True,1
dynamic_few_shot_k3,gemma3-12b,v2_json_fewshot_k3,64,0,7,1,1,True,1.0,11819,False,Entertainment,True,1
dynamic_few_shot_k3,gemma3-12b,v2_json_fewshot_k3,65,0,11,0,0,True,1.0,15909,False,Entertainment,True,1
dynamic_few_shot_k3,gemma3-12b,v2_json_fewshot_k3,66,0,12,1,1,True,1.0,11684,False,Entertainment,True,1
dynamic_few_shot_k3,gemma3-12b,v2_json_fewshot_k3,69,0,10,1,1,True,0.95,13566,False,Entertainment,True,1
dynamic_few_shot_k3,gemma3-12b,v2_json_fewshot_k3,70,0,1,3,3,True,1.0,9625,False,Entertainment,True,1
dynamic_few_shot_k3,gemma3-12b,v2_json_fewshot_k3,72,0,9,1,1,True,1.0,12038,False,Entertainment,True,1
dynamic_few_shot_k3,gemma3-12b,v2_json_fewshot_k3,73,0,2,1,1,True,0.95,14147,False,Entertainment,True,1
dynamic_few_shot_k3,gemma3-12b,v2_json_fewshot_k3,75,0,15,1,3,False,1.0,10977,False,Entertainment,False,0
dynamic_few_shot_k3,gemma3-12b,v2_json_fewshot_k3,76,0,4,1,1,True,1.0,8226,False,Entertainment,True,1
dynamic_few_shot_k3,gemma3-12b,v2_json_fewshot_k3,77,0,1,0,0,True,1.0,12728,False,Entertainment,True,1
dynamic_few_shot_k3,gemma3-12b,v2_json_fewshot_k3,78,0,6,0,0,True,1.0,10374,False,Entertainment,True,1
dynamic_few_shot_k3,gemma3-12b,v2_json_fewshot_k3,80,0,6,3,3,True,1.0,12847,False,Entertainment,True,1
dynamic_few_shot_k3,gemma3-12b,v2_json_fewshot_k3,82,0,8,3,3,True,1.0,13356,False,Entertainment,True,1
dynamic_few_shot_k3,gemma3-12b,v2_json_fewshot_k3,83,0,15,1,1,True,1.0,13284,False,Entertainment,True,1
dynamic_few_shot_k3,gemma3-12b,v2_json_fewshot_k3,86,0,8,1,1,True,1.0,11386,False,Entertainment,True,1
dynamic_few_shot_k3,gemma3-12b,v2_json_fewshot_k3,88,0,4,3,3,True,1.0,11890,False,Entertainment,True,1
dynamic_few_shot_k3,gemma3-12b,v2_json_fewshot_k3,89,0,1,3,3,True,1.0,10979,False,Entertainment,True,1
dynamic_few_shot_k3,gemma3-12b,v2_json_fewshot_k3,90,0,2,0,3,False,1.0,16210,False,Entertainment,False,0
dynamic_few_shot_k3,gemma3-12b,v2_json_fewshot_k3,91,0,2,1,1,True,1.0,7898,False,Entertainment,True,1
dynamic_few_shot_k3,gemma3-12b,v2_json_fewshot_k3,93,0,6,3,3,True,1.0,12989,False,Entertainment,True,1
dynamic_few_shot_k3,gemma3-12b,v2_json_fewshot_k3,94,0,2,0,3,False,1.0,16134,False,Entertainment,False,0
dynamic_few_shot_k3,gemma3-12b,v2_json_fewshot_k3,96,0,2,1,1,True,1.0,10653,False,Entertainment,True,1
dynamic_few_shot_k3,gemma3-12b,v2_json_fewshot_k3,98,0,3,1,1,True,1.0,9582,False,Entertainment,True,1
dynamic_few_shot_k3,gemma3-12b,v2_json_fewshot_k3,99,0,2,0,0,True,1.0,9678,False,Entertainment,True,1
dynamic_few_shot_k3,gemma3-12b,v2_json_fewshot_k3,101,0,1,1,1,True,1.0,12859,False,Entertainment,True,1
dynamic_few_shot_k3,gemma3-12b,v2_json_fewshot_k3,103,0,9,1,1,True,1.0,8667,False,Entertainment,True,1
dynamic_few_shot_k3,gemma3-12b,v2_json_fewshot_k3,104,0,1,2,2,True,1.0,7573,False,Entertainment,True,1
dynamic_few_shot_k3,gemma3-12b,v2_json_fewshot_k3,106,0,3,2,2,True,1.0,16375,False,Entertainment,True,1
dynamic_few_shot_k3,gemma3-12b,v2_json_fewshot_k3,107,0,9,3,3,True,1.0,14495,False,Entertainment,True,1
dynamic_few_shot_k3,gemma3-12b,v2_json_fewshot_k3,108,0,3,0,0,True,1.0,8869,False,Entertainment,True,1
dynamic_few_shot_k3,gemma3-12b,v2_json_fewshot_k3,109,0,9,2,2,True,1.0,10444,False,Entertainment,True,1
dynamic_few_shot_k3,gemma3-12b,v2_json_fewshot_k3,110,0,6,3,3,True,1.0,9683,False,Entertainment,True,1
dynamic_few_shot_k3,gemma3-12b,v2_json_fewshot_k3,111,0,9,2,2,True,1.0,12506,False,Entertainment,True,1
dynamic_few_shot_k3,gemma3-12b,v2_json_fewshot_k3,112,0,1,3,3,True,0.75,14321,False,Entertainment,True,1
dynamic_few_shot_k3,gemma3-12b,v2_json_fewshot_k3,113,0,1,1,1,True,1.0,6647,False,Entertainment,True,1
dynamic_few_shot_k3,gemma3-12b,v2_json_fewshot_k3,115,0,5,1,1,True,1.0,12492,False,Entertainment,True,1
dynamic_few_shot_k3,gemma3-12b,v2_json_fewshot_k3,117,0,5,3,3,True,1.0,10832,False,Entertainment,True,1
dynamic_few_shot_k3,gemma3-12b,v2_json_fewshot_k3,118,0,6,3,3,True,1.0,11216,False,Entertainment,True,1
dynamic_few_shot_k3,gemma3-12b,v2_json_fewshot_k3,119,0,7,0,0,True,1.0,13809,False,Entertainment,True,1
dynamic_few_shot_k3,gemma3-12b,v2_json_fewshot_k3,121,0,4,0,0,True,1.0,6980,False,Entertainment,True,1
dynamic_few_shot_k3,gemma3-12b,v2_json_fewshot_k3,122,0,3,2,0,False,1.0,7217,False,Entertainment,False,0
dynamic_few_shot_k3,gemma3-12b,v2_json_fewshot_k3,124,0,6,2,2,True,1.0,14610,False,Entertainment,True,1
dynamic_few_shot_k3,gemma3-12b,v2_json_fewshot_k3,125,0,15,3,3,True,1.0,10918,False,Entertainment,True,1
dynamic_few_shot_k3,gemma3-12b,v2_json_fewshot_k3,126,0,11,1,1,True,1.0,12687,False,Entertainment,True,1
dynamic_few_shot_k3,gemma3-12b,v2_json_fewshot_k3,128,0,2,0,0,True,1.0,9591,False,Entertainment,True,1
dynamic_few_shot_k3,gemma3-12b,v2_json_fewshot_k3,130,0,9,2,2,True,1.0,9318,False,Entertainment,True,1
dynamic_few_shot_k3,gemma3-12b,v2_json_fewshot_k3,132,0,8,2,2,True,1.0,16497,False,Entertainment,True,1
dynamic_few_shot_k3,gemma3-12b,v2_json_fewshot_k3,133,0,2,2,3,False,1.0,11738,False,Entertainment,False,0
dynamic_few_shot_k3,gemma3-12b,v2_json_fewshot_k3,134,0,12,3,3,True,1.0,13995,False,Entertainment,True,1
dynamic_few_shot_k3,gemma3-12b,v2_json_fewshot_k3,136,0,4,1,1,True,1.0,11120,False,Entertainment,True,1
dynamic_few_shot_k3,gemma3-12b,v2_json_fewshot_k3,139,0,6,0,0,True,1.0,11991,False,Entertainment,True,1
dynamic_few_shot_k3,gemma3-12b,v2_json_fewshot_k3,140,0,1,0,3,False,1.0,11718,False,Entertainment,False,0
dynamic_few_shot_k3,gemma3-12b,v2_json_fewshot_k3,143,0,9,3,3,True,1.0,16582,False,Entertainment,True,1
dynamic_few_shot_k3,gemma3-12b,v2_json_fewshot_k3,144,0,6,0,0,True,1.0,11390,False,Entertainment,True,1
dynamic_few_shot_k3,gemma3-12b,v2_json_fewshot_k3,145,0,12,3,1,False,1.0,11976,False,Entertainment,False,0
dynamic_few_shot_k3,gemma3-12b,v2_json_fewshot_k3,146,0,6,3,3,True,1.0,7662,False,Entertainment,True,1
dynamic_few_shot_k3,gemma3-12b,v2_json_fewshot_k3,147,0,1,2,2,True,1.0,14146,False,Entertainment,True,1
dynamic_few_shot_k3,gemma3-12b,v2_json_fewshot_k3,148,0,10,1,1,True,1.0,13024,False,Entertainment,True,1
dynamic_few_shot_k3,gemma3-12b,v2_json_fewshot_k3,149,0,7,2,2,True,1.0,9028,False,Entertainment,True,1
dynamic_few_shot_k3,gemma3-12b,v2_json_fewshot_k3,150,0,3,1,1,True,1.0,9540,False,Entertainment,True,1
dynamic_few_shot_k3,gemma3-12b,v2_json_fewshot_k3,152,0,8,3,3,True,1.0,11303,False,Entertainment,True,1
dynamic_few_shot_k3,gemma3-12b,v2_json_fewshot_k3,154,0,2,0,0,True,1.0,16211,False,Entertainment,True,1
dynamic_few_shot_k3,gemma3-12b,v2_json_fewshot_k3,156,0,1,3,3,True,1.0,15936,False,Entertainment,True,1
dynamic_few_shot_k3,gemma3-12b,v2_json_fewshot_k3,157,0,3,2,2,True,1.0,13281,False,Entertainment,True,1
dynamic_few_shot_k3,gemma3-12b,v2_json_fewshot_k3,159,0,6,2,3,False,1.0,10041,False,Entertainment,False,0
dynamic_few_shot_k3,gemma3-12b,v2_json_fewshot_k3,160,0,2,1,1,True,1.0,9511,False,Entertainment,True,1
dynamic_few_shot_k3,gemma3-12b,v2_json_fewshot_k3,162,0,1,0,0,True,1.0,8489,False,Entertainment,True,1
dynamic_few_shot_k3,gemma3-12b,v2_json_fewshot_k3,165,0,5,3,3,True,1.0,6659,False,Entertainment,True,1
dynamic_few_shot_k3,gemma3-12b,v2_json_fewshot_k3,166,0,2,2,2,True,1.0,8388,False,Entertainment,True,1
dynamic_few_shot_k3,gemma3-12b,v2_json_fewshot_k3,167,0,4,3,3,True,1.0,11400,False,Entertainment,True,1
dynamic_few_shot_k3,gemma3-12b,v2_json_fewshot_k3,169,0,1,0,0,True,1.0,11280,False,Entertainment,True,1
dynamic_few_shot_k3,gemma3-12b,v2_json_fewshot_k3,173,0,5,3,3,True,1.0,17108,False,Entertainment,True,1
dynamic_few_shot_k3,gemma3-12b,v2_json_fewshot_k3,174,0,2,1,1,True,1.0,12069,False,Entertainment,True,1
dynamic_few_shot_k3,gemma3-12b,v2_json_fewshot_k3,175,0,2,2,2,True,1.0,12560,False,Entertainment,True,1
dynamic_few_shot_k3,gemma3-12b,v2_json_fewshot_k3,176,0,2,2,2,True,1.0,9968,False,Entertainment,True,1
dynamic_few_shot_k3,gemma3-12b,v2_json_fewshot_k3,180,0,1,2,2,True,1.0,13540,False,Entertainment,True,1
dynamic_few_shot_k3,gemma3-12b,v2_json_fewshot_k3,181,0,11,1,1,True,1.0,10243,False,Entertainment,True,1
dynamic_few_shot_k3,gemma3-12b,v2_json_fewshot_k3,182,0,3,0,0,True,1.0,6225,False,Entertainment,True,1
dynamic_few_shot_k3,gemma3-12b,v2_json_fewshot_k3,183,0,10,2,1,False,1.0,15118,False,Entertainment,False,0
dynamic_few_shot_k3,gemma3-12b,v2_json_fewshot_k3,184,0,13,1,1,True,1.0,9707,False,Entertainment,True,1
dynamic_few_shot_k3,gemma3-12b,v2_json_fewshot_k3,186,0,3,3,3,True,1.0,13611,False,Entertainment,True,1
dynamic_few_shot_k3,gemma3-12b,v2_json_fewshot_k3,187,0,8,3,3,True,1.0,14218,False,Entertainment,True,1
dynamic_few_shot_k3,gemma3-12b,v2_json_fewshot_k3,188,0,6,2,2,True,0.95,12274,False,Entertainment,True,1
dynamic_few_shot_k3,gemma3-12b,v2_json_fewshot_k3,189,0,8,3,3,True,1.0,9870,False,Entertainment,True,1
dynamic_few_shot_k3,gemma3-12b,v2_json_fewshot_k3,190,0,5,2,2,True,1.0,12929,False,Entertainment,True,1
dynamic_few_shot_k3,gemma3-12b,v2_json_fewshot_k3,191,0,1,0,0,True,1.0,13465,False,Entertainment,True,1
dynamic_few_shot_k3,gemma3-12b,v2_json_fewshot_k3,192,0,6,3,3,True,1.0,10285,False,Entertainment,True,1
dynamic_few_shot_k3,gemma3-12b,v2_json_fewshot_k3,193,0,8,2,2,True,1.0,11067,False,Entertainment,True,1
dynamic_few_shot_k3,gemma3-12b,v2_json_fewshot_k3,194,0,7,1,1,True,1.0,14033,False,Entertainment,True,1
dynamic_few_shot_k3,gemma3-12b,v2_json_fewshot_k3,195,0,1,3,3,True,1.0,8060,False,Entertainment,True,1
dynamic_few_shot_k3,gemma3-12b,v2_json_fewshot_k3,196,0,7,0,0,True,1.0,15609,False,Entertainment,True,1
dynamic_few_shot_k3,gemma3-12b,v2_json_fewshot_k3,197,0,2,3,3,True,1.0,11186,False,Entertainment,True,1
dynamic_few_shot_k3,gemma3-12b,v2_json_fewshot_k3,198,0,10,3,3,True,1.0,12521,False,Entertainment,True,1
dynamic_few_shot_k3,gemma3-12b,v2_json_fewshot_k3,202,0,8,0,0,True,1.0,11335,False,Entertainment,True,1
dynamic_few_shot_k3,gemma3-12b,v2_json_fewshot_k3,203,0,2,3,3,True,1.0,10837,False,Entertainment,True,1
dynamic_few_shot_k3,gemma3-12b,v2_json_fewshot_k3,204,0,3,1,1,True,0.95,14076,False,Entertainment,True,1
dynamic_few_shot_k3,gemma3-12b,v2_json_fewshot_k3,205,0,3,3,3,True,1.0,13586,False,Entertainment,True,1
dynamic_few_shot_k3,gemma3-12b,v2_json_fewshot_k3,206,0,8,0,0,True,1.0,14276,False,Entertainment,True,1
dynamic_few_shot_k3,gemma3-12b,v2_json_fewshot_k3,207,0,5,2,2,True,1.0,14814,False,Entertainment,True,1
dynamic_few_shot_k3,gemma3-12b,v2_json_fewshot_k3,208,0,10,2,2,True,1.0,8855,False,Entertainment,True,1
dynamic_few_shot_k3,gemma3-12b,v2_json_fewshot_k3,209,0,2,3,3,True,1.0,12492,False,Entertainment,True,1
dynamic_few_shot_k3,gemma3-12b,v2_json_fewshot_k3,210,0,9,1,1,True,1.0,8884,False,Entertainment,True,1
dynamic_few_shot_k3,gemma3-12b,v2_json_fewshot_k3,213,0,10,1,1,True,1.0,16261,False,Entertainment,True,1
dynamic_few_shot_k3,gemma3-12b,v2_json_fewshot_k3,214,0,10,2,2,True,1.0,12118,False,Entertainment,True,1
dynamic_few_shot_k3,gemma3-12b,v2_json_fewshot_k3,215,0,8,3,3,True,1.0,11057,False,Entertainment,True,1
dynamic_few_shot_k3,gemma3-12b,v2_json_fewshot_k3,216,0,10,2,2,True,1.0,17824,False,Entertainment,True,1
dynamic_few_shot_k3,gemma3-12b,v2_json_fewshot_k3,217,0,9,0,0,True,1.0,15678,False,Entertainment,True,1
dynamic_few_shot_k3,gemma3-12b,v2_json_fewshot_k3,218,0,7,2,2,True,1.0,14043,False,Entertainment,True,1
dynamic_few_shot_k3,gemma3-12b,v2_json_fewshot_k3,219,0,8,1,1,True,1.0,16742,False,Entertainment,True,1
dynamic_few_shot_k3,gemma3-12b,v2_json_fewshot_k3,222,0,2,2,2,True,1.0,16062,False,Entertainment,True,1
dynamic_few_shot_k3,gemma3-12b,v2_json_fewshot_k3,223,0,3,2,2,True,1.0,11892,False,Entertainment,True,1
dynamic_few_shot_k3,gemma3-12b,v2_json_fewshot_k3,224,0,1,3,3,True,1.0,17237,False,Entertainment,True,1
dynamic_few_shot_k3,gemma3-12b,v2_json_fewshot_k3,225,0,10,3,3,True,1.0,12494,False,Entertainment,True,1
dynamic_few_shot_k3,gemma3-12b,v2_json_fewshot_k3,227,0,7,0,0,True,1.0,13457,False,Entertainment,True,1
dynamic_few_shot_k3,gemma3-12b,v2_json_fewshot_k3,229,0,3,2,2,True,1.0,7091,False,Entertainment,True,1
dynamic_few_shot_k3,gemma3-12b,v2_json_fewshot_k3,230,0,1,2,2,True,1.0,12208,False,Entertainment,True,1
dynamic_few_shot_k3,gemma3-12b,v2_json_fewshot_k3,231,0,8,0,0,True,1.0,11723,False,Entertainment,True,1
dynamic_few_shot_k3,gemma3-12b,v2_json_fewshot_k3,232,0,10,0,0,True,0.95,12734,False,Entertainment,True,1
dynamic_few_shot_k3,gemma3-12b,v2_json_fewshot_k3,233,0,2,0,0,True,1.0,14537,False,Entertainment,True,1
dynamic_few_shot_k3,gemma3-12b,v2_json_fewshot_k3,234,0,6,2,0,False,1.0,13349,False,Entertainment,False,0
dynamic_few_shot_k3,gemma3-12b,v2_json_fewshot_k3,235,0,2,2,2,True,1.0,12502,False,Entertainment,True,1
dynamic_few_shot_k3,gemma3-12b,v2_json_fewshot_k3,236,0,4,0,0,True,1.0,9284,False,Entertainment,True,1
dynamic_few_shot_k3,gemma3-12b,v2_json_fewshot_k3,237,0,11,0,0,True,1.0,9641,False,Entertainment,True,1
dynamic_few_shot_k3,gemma3-12b,v2_json_fewshot_k3,240,0,1,1,1,True,1.0,10038,False,Entertainment,True,1
dynamic_few_shot_k3,gemma3-12b,v2_json_fewshot_k3,241,0,4,1,1,True,1.0,12144,False,Entertainment,True,1
dynamic_few_shot_k3,gemma3-12b,v2_json_fewshot_k3,245,0,1,0,0,True,1.0,10376,False,Entertainment,True,1
dynamic_few_shot_k3,gemma3-12b,v2_json_fewshot_k3,247,0,8,3,3,True,1.0,16118,False,Entertainment,True,1
dynamic_few_shot_k3,gemma3-12b,v2_json_fewshot_k3,248,0,4,1,1,True,1.0,11377,False,Entertainment,True,1
dynamic_few_shot_k3,gemma3-12b,v2_json_fewshot_k3,250,0,3,3,3,True,1.0,10721,False,Entertainment,True,1
dynamic_few_shot_k3,gemma3-12b,v2_json_fewshot_k3,254,0,15,0,0,True,1.0,14203,False,Entertainment,True,1
dynamic_few_shot_k3,gemma3-12b,v2_json_fewshot_k3,256,0,8,2,2,True,1.0,14500,False,Entertainment,True,1
dynamic_few_shot_k3,gemma3-12b,v2_json_fewshot_k3,258,0,1,1,1,True,1.0,12539,False,Entertainment,True,1
dynamic_few_shot_k3,gemma3-12b,v2_json_fewshot_k3,259,0,2,2,2,True,1.0,12495,False,Entertainment,True,1
dynamic_few_shot_k3,gemma3-12b,v2_json_fewshot_k3,260,0,1,0,0,True,1.0,10474,False,Entertainment,True,1
dynamic_few_shot_k3,gemma3-12b,v2_json_fewshot_k3,261,0,3,3,3,True,1.0,10232,False,Entertainment,True,1
dynamic_few_shot_k3,gemma3-12b,v2_json_fewshot_k3,264,0,15,2,2,True,1.0,13335,False,Entertainment,True,1
dynamic_few_shot_k3,gemma3-12b,v2_json_fewshot_k3,266,0,6,0,0,True,1.0,16213,False,Entertainment,True,1
dynamic_few_shot_k3,gemma3-12b,v2_json_fewshot_k3,267,0,12,2,2,True,1.0,12572,False,Entertainment,True,1
dynamic_few_shot_k3,gemma3-12b,v2_json_fewshot_k3,268,0,1,3,3,True,1.0,11368,False,Entertainment,True,1
dynamic_few_shot_k3,gemma3-12b,v2_json_fewshot_k3,269,0,10,3,3,True,1.0,14636,False,Entertainment,True,1
dynamic_few_shot_k3,gemma3-12b,v2_json_fewshot_k3,270,0,13,1,3,False,1.0,12695,False,Entertainment,False,0
dynamic_few_shot_k3,gemma3-12b,v2_json_fewshot_k3,271,0,1,2,2,True,1.0,5267,False,Entertainment,True,1
dynamic_few_shot_k3,gemma3-12b,v2_json_fewshot_k3,274,0,4,0,0,True,1.0,14631,False,Entertainment,True,1
dynamic_few_shot_k3,gemma3-12b,v2_json_fewshot_k3,275,0,5,1,1,True,1.0,7560,False,Entertainment,True,1
dynamic_few_shot_k3,gemma3-12b,v2_json_fewshot_k3,276,0,4,2,2,True,1.0,9845,False,Entertainment,True,1
dynamic_few_shot_k3,gemma3-12b,v2_json_fewshot_k3,280,0,1,1,1,True,1.0,8920,False,Entertainment,True,1
dynamic_few_shot_k3,gemma3-12b,v2_json_fewshot_k3,281,0,2,1,0,False,1.0,4553,False,Entertainment,False,0
dynamic_few_shot_k3,gemma3-12b,v2_json_fewshot_k3,283,0,15,0,0,True,1.0,10497,False,Entertainment,True,1
dynamic_few_shot_k3,gemma3-12b,v2_json_fewshot_k3,285,0,8,3,3,True,1.0,10674,False,Entertainment,True,1
dynamic_few_shot_k3,gemma3-12b,v2_json_fewshot_k3,287,0,5,0,0,True,1.0,9693,False,Entertainment,True,1
dynamic_few_shot_k3,gemma3-12b,v2_json_fewshot_k3,288,0,4,2,2,True,0.95,14766,False,Entertainment,True,1
dynamic_few_shot_k3,gemma3-12b,v2_json_fewshot_k3,289,0,3,0,0,True,1.0,7294,False,Entertainment,True,1
dynamic_few_shot_k3,gemma3-12b,v2_json_fewshot_k3,290,0,7,3,3,True,1.0,12045,False,Entertainment,True,1
dynamic_few_shot_k3,gemma3-12b,v2_json_fewshot_k3,291,0,14,3,3,True,1.0,13062,False,Entertainment,True,1
dynamic_few_shot_k3,gemma3-12b,v2_json_fewshot_k3,292,0,1,3,3,True,1.0,10465,False,Entertainment,True,1
dynamic_few_shot_k3,gemma3-12b,v2_json_fewshot_k3,293,0,10,0,0,True,0.95,8388,False,Entertainment,True,1
dynamic_few_shot_k3,gemma3-12b,v2_json_fewshot_k3,297,0,8,1,1,True,1.0,9676,False,Entertainment,True,1
dynamic_few_shot_k3,gemma3-12b,v2_json_fewshot_k3,299,0,5,0,0,True,1.0,10565,False,Entertainment,True,1
dynamic_few_shot_k3,gemma3-12b,v2_json_fewshot_k3,300,0,2,2,2,True,1.0,12359,False,Entertainment,True,1
dynamic_few_shot_k3,gemma3-12b,v2_json_fewshot_k3,301,0,5,1,1,True,1.0,12068,False,Entertainment,True,1
dynamic_few_shot_k3,gemma3-12b,v2_json_fewshot_k3,302,0,13,2,2,True,1.0,11718,False,Entertainment,True,1
